forpoang,rec_gate,hylla_ny,struktur_kill,v23_status,v23_fel,src,kluster,namn,koncept,goods_id,url_se,alt_ids,dna,tier,elim,orsak,rec,rec_kalla,pris_usd,temu_pris_sek,vart_pris,golv_namn,golv_pris,ankare_namn,ankare_pris,se_pris,q4,hook,risk,temu_hamtad
102.0,GREEN,PASS,False,WATCH,AUDIENCE FAILURE,v22/fas2/djur.json,djur,"chicken coop / poultry run cover, waterproof tarp with elastic cords (engelsk slug; svensk titel ej lasbar - BLOCKED_SOU","Vinterhuv till honsgarden - formsydd presenningsvav med resarlina/bungee, tackar tak och vindsida pa en walk-in honsgard agaren redan har",601103333430208,https://www.temu.com/se/g-601103333430208.html,,82.0,A,,PASS,99,snippet+,27.0,,799.0,,,"vidaXL Honsgard med tak 2,5x6x2,25 m (kontextankare for objektet, inte for forme",5859.0,799.0,,Blaser presenningen av honsgarden?,Att formen i praktiken ar 'en presenning' - da ar den mass-commoditiserad i varje bygghandel och agaren har redan en. Och matten: agaren vet inte sin gards matt utantill (gate 7).,False
98.0,GREEN,PASS,False,TEST,—,dataset(V2.1),djur,,utekatten + trappen/altanen/uthuset,601101118338671,https://www.temu.com/se/g-601101118338671.html,,78.0,A (TEST NOW — V2.2),,,72,snippet,,,,"PriceRunner-utdrag: Kerbl Outdoor Cat House 1 017 kr, QLS isolerat trä 1 126–1 2",1017.0,Supercat Katthus 4 season (isolerat trä),1799.0,,,,Materialet ej sett: om leverantörsvideon är en studiorendering utan katt faller den till B. Prisläge okänt.,False
93.0,GREEN,?,False,VERIFY,—,v22/fas2/tomt.json,tomt,"4 Set/2 Set Heavy Duty Steel Fence Post Repair Kit With 32"" Ground Stakes, Adjustable Brackets, Pre-drilled Holes",staketstolps-reparationsbygel,601103866118857,https://www.temu.com/se/g-601103866118857.html,,78.0,B,,PENDING_VERIFICATION,89,snippet,16.0,,499.0,,,,,499.0,,Lutar staketstolpen efter höststormen?,"Hyllan är overifierad i dag. Faller den (Biltema/Bauhaus har en likadan reparationsbygel) faller konceptet, för formen är billig att kopiera. Näst största risken: monteringen kräver slägga och 30 minu",False
92.0,GREEN,PASS,False,WATCH,MATERIAL FAILURE,v22/fas2/husvagn-mc.json,husvagn-mc,1pc of RV roof cover designed for motorhomes travel trailers and buses offering UV and sun protection suitable for RVs m,husvagn-taköverdrag,601101311828193,https://www.temu.com/se/g-601101311828193.html,,72.0,B,,PENDING_VERIFICATION,46,snippet,25.0,,799.0,OKAND — biltema.se/jula.se/rusta.com svarade 403/404 (Akamai) och WebSearch-budg,,"EuroTrail Husvagnsöverdrag (fackhandel, GetCamping)",2395.0,799.0,,Star husvagnen ute i vinter?,Att Biltema eller Jula har ett husvagnsoverdrag under 700 kr — ej verifierbart denna korning. Darefter att $25 ar for lite for ett riktigt 5-12 m tak: produkten kan vara tunnare och mindre an titeln a,False
91.0,GREEN,PASS,False,HARD REJECT,MARKETPLACE FAILURE,batch1/fritidshus.json,fritidshus,Löstagbar säkerhetsbom för dörr och fönster i tomma fritidshuset,Ytterdörr och fönster på fritidshuset,601099970240430,https://www.temu.com/se/g-601099970240430.html,601101482201265,81.0,TEST,,"PASS (PENDING_VERIFICATION — ur sökutdrag, ingen Big4-träff via WebSearch site:biltema.se/jula.se/clasohlson.se/rusta.com heller, bara dörrstopp och fasta fönsterlås) PriceRunner 'dörrspärr säkerhetsbom' (4 träffar, ur sökutdrag): enbart dörrbromsar/dörrstopp (Habo 55–211 kr) och ett fönstersäkerhet",99,snippet+,17.0,,463,"PriceRunner 'dörrspärr säkerhetsbom' (4 träffar, ur sökutdrag): enbart dörrbroms",,ABUS FTS16 fönsterlås (fast montage),785.0,,,Låser du stugan ordentligt i vinter?,Materialet är obesett (BLOCKED_SOURCE — Temu.com går inte att öppna för frame-granskning i denna körning); en enkel metallstång kräver att annonsen visar en riktig dörr/fönster i en riktig stuga för a,False
88.0,GREEN,PASS,False,,,dataset(V2.1),ved,"Vedställsöverdrag 4–8 ft, PU-belagt, 4 nylonspännen (endast överdrag)",vedställ / vedhög utomhus,601099615828436,https://www.temu.com/se/g-601099615828436.html,,78.0,C (strukturellt: marketplace-golv),,,10,snippet,,,,UNKNOWN,,"Vedställsöverdrag 2 st 174x173 cm (Dealproffsen, ord. 899)",549.0,,,,Jula/Biltema kan ha ett överdrag i samma form för 149–249 kr — då krävs en synlig spec-skillnad (600D/PU + spännen mot tunn presenning) precis som 420D mot 85 g/m² på motorhöljet.,False
88.0,GREEN,PASS,False,WATCH,MATERIAL FAILURE,dataset(V2.1),ved,"Tändvedsklyv i gjutjärn, dubbla blad (Kindling Cracker-typ)",veden + hammare/klubba (ägd); huggkubben,601099583674464,https://www.temu.com/se/g-601099583674464.html,,68.0,"B (närmast A — TEST IF VERIFIED, V2.2)",,,28,snippet,,,,UNKNOWN,,Kindling Cracker Original (Jula / Hylte / Pricerunner 11 butiker),1249.0,,,,Om Jula säljer samma form för 299 kr utan att vi kan visa Kindling Cracker-ankaret i bild faller prisutrymmet.,False
86.0,GREEN,PASS,False,WATCH,MARKETPLACE FAILURE,v23/dolda-parlor.json,dolda-parlor,"Solcellsdriven flaggstångsbelysning, toppmonterad (26–136 LED)","Solcellslampa som sätts på flaggstångens topp och lyser nedåt över flagga/vimpel och stång från skymning till gryning. Ingen sladd, ingen elektriker. Mörkret från kl 16 i oktober gör att flaggstången — tomtens högsta objekt — står svart hela kvällen; flaggregeln säger dessutom att en flagga som är hissad efter solnedgång ska vara belyst.",605583893712528,https://www.temu.com/se/g-605583893712528.html,601099527860543 601099526401943 601099571846168 601099979928378 601103409797403 601105702121251,66.0,"TEST IF VERIFIED — (1) läs Brubaker/Lixada-priset på Amazon.se, (2) beställ prov och sätt på en svensk 8 m-stång, (3) hämta materialet när Temu svarar. Sedan /ny-produkt vid 449 kr med Flaggmax 849 i bild.",,"PENDING_VERIFICATION med PASS-indikation: ingen kedja (Biltema/Jula/Clas/Rusta) i toppmonterad solcellsform — Clas har bara 230 V-slingan. Fackhandelsankare 849 kr = 1,89× vid 449. Golvet på Amazon.se (Brubaker/Lixada) är oläst och avgör: ligger det under ~400 kr faller 449-priset till 399.",99,snippet+,13.26,,449.0,Amazon.se: Brubaker flaggstångs-solcellslampa 26 LED (pris dolt 'lägg i kundvagn,,"Flaggmax Flaggstångsbelysning LED Max (solcell, toppmonterad) 849 kr (ord. 999),",849.0,449.0,Q4 NOW,Står flaggstången mörk i höst?,Passformen mot svenska flaggstångstoppar (knopp/gänga/diameter) — passar den inte är returgraden dödlig. Näst: solcell i svensk december ger 5–6 h sol → lampan kan slockna vid 22 i stället för gryning,False
83.0,OK,PASS,False,,,dataset(V2.1),pool,"Hot Tub Cover Rainproof Dustproof Bathtub Protector Cover — cover cap, hot tub covers for winter, brown (ur söktitel; sv",Spalocket (det styva isolerade locket) på ett fast utomhusspabad,601099619866532,https://www.temu.com/se/g-601099619866532.html,,78.0,C (strukturellt: marketplace-golv),,,204,snippet,,,,Spabadsbutiken.se (fackhandel),895.0,Spabadsbutiken Cover Cap deLuxe 210x210 cm,1295.0,,,,Passform/SKU-djungel: ett lockskydd som inte sitter fast i höststorm ger returer; leverantörsvideon ej sedd.,False
82.0,GREEN,PASS,False,,,v22/fas2/djur.json,djur,"chicken coop / poultry run cover, waterproof tarp with elastic cords (engelsk slug; svensk titel ej lasbar - BLOCKED_SOU","Vinterhuv till honsgarden - formsydd presenningsvav med resarlina/bungee, tackar tak och vindsida pa en walk-in honsgard agaren redan har",601099639534098,https://www.temu.com/se/g-601099639534098.html,,72.0,B,,PASS,99,snippet+,19.0,,599.0,,,"vidaXL Honsgard med tak 2,5x6x2,25 m (kontextankare for objektet, inte for forme",5859.0,599.0,,Blaser presenningen av honsgarden?,Att formen i praktiken ar 'en presenning' - da ar den mass-commoditiserad i varje bygghandel och agaren har redan en. Och matten: agaren vet inte sin gards matt utantill (gate 7).,False
82.0,GREEN,PASS,False,,,dataset(V2.1),garage,"1pc Car Charging Magnetic Cover — Electric Outdoor EV Charger Plug (regnskydd laddport + laddhandtag, magnet)",Elbilens laddport med isatt laddhandtag (bilen står ute på uppfarten/carporten och laddar över natten),601099579267397,https://www.temu.com/se/g-601099579267397.html,,72.0,ELIM,shelf,"Laddportsskyddet i exakt samma magnetform säljs av Clas Ohlson för 169 kr och Elgiganten för 129 kr (ord. 209). Laddkabelhållaren finns hos Clas Ohlson 199 kr, Kjell 299,90 kr och Deltaco från 65 kr på Pricerunner — ingen synlig ankare ≥1,6× över kedjepriset.",7,snippet,,,,"Fyndiq (marketplace, flera säljare)",,Kjell & Company Väggfäste för laddkabel Typ 2,299.9,,,,Materialet: om leverantörsvideon bara visar en hand som smäller dit en flärp i studio finns ingen annons — och Fyndiq-kopior kan ligga i flödet till 100 kr. Verifiera video + Ad Library före köp.,False
82.0,GREEN,PASS,False,,,dataset(V2.1),pool,"221lbs Steel 48"" Hot Tub Handrail Spa Stair Ladder Side Hand Rail Railing, silver (ur söktitel)",Kanten/insteget på ett fast spabad,601099575291512,https://www.temu.com/se/g-601099575291512.html,,72.0,C (ekonomi på US-pris),,,118,snippet,,,,Ingen träff i Spabadsbutiken/Poolkungen (sökt 'räcke' 2026-09-04); övriga spahan,,Folkpool SPA Side LED Handrail,2995.0,,,,"Frakt/vikt på 1,2 m stål från Temu; passar inte spabad på trädäck med inbyggd kabinett; videon kan visa husbil (RV) i stället för spa.",False
82.0,GREEN,PASS,False,,,v22/fas2/djur.json,djur,"chicken coop / poultry run cover, waterproof tarp with elastic cords (engelsk slug; svensk titel ej lasbar - BLOCKED_SOU","Vinterhuv till honsgarden - formsydd presenningsvav med resarlina/bungee, tackar tak och vindsida pa en walk-in honsgard agaren redan har",601105812919031,https://www.temu.com/se/g-601105812919031.html,,72.0,B,,PASS,99,snippet+,19.0,,599.0,,,"vidaXL Honsgard med tak 2,5x6x2,25 m (kontextankare for objektet, inte for forme",5859.0,599.0,,Blaser presenningen av honsgarden?,Att formen i praktiken ar 'en presenning' - da ar den mass-commoditiserad i varje bygghandel och agaren har redan en. Och matten: agaren vet inte sin gards matt utantill (gate 7).,False
82.0,GREEN,PASS,False,,,v22/fas2/djur.json,djur,"chicken coop / poultry run cover, waterproof tarp with elastic cords (engelsk slug; svensk titel ej lasbar - BLOCKED_SOU","Vinterhuv till honsgarden - formsydd presenningsvav med resarlina/bungee, tackar tak och vindsida pa en walk-in honsgard agaren redan har",601101311897045,https://www.temu.com/se/g-601101311897045.html,,72.0,B,,PASS,51,snippet,23.0,,699.0,,,"vidaXL Honsgard med tak 2,5x6x2,25 m (kontextankare for objektet, inte for forme",5859.0,699.0,,Blaser presenningen av honsgarden?,Att formen i praktiken ar 'en presenning' - da ar den mass-commoditiserad i varje bygghandel och agaren har redan en. Och matten: agaren vet inte sin gards matt utantill (gate 7).,False
82.0,GREEN,PASS,False,,,v22/fas2/djur.json,djur,"chicken coop / poultry run cover, waterproof tarp with elastic cords (engelsk slug; svensk titel ej lasbar - BLOCKED_SOU","Vinterhuv till honsgarden - formsydd presenningsvav med resarlina/bungee, tackar tak och vindsida pa en walk-in honsgard agaren redan har",606061826278697,https://www.temu.com/se/g-606061826278697.html,,72.0,B,,PASS,91,snippet,21.0,,629.0,,,"vidaXL Honsgard med tak 2,5x6x2,25 m (kontextankare for objektet, inte for forme",5859.0,629.0,,Blaser presenningen av honsgarden?,Att formen i praktiken ar 'en presenning' - da ar den mass-commoditiserad i varje bygghandel och agaren har redan en. Och matten: agaren vet inte sin gards matt utantill (gate 7).,False
81.0,?,PASS,False,,,dataset(V2.1),pool,"Hot Tub Vacuum Spa Vac — spa vacuum for hot tub with strong suction, portable handheld, for hot tub/pond/inflatable pool",Bottnen i ett fast utomhusspabad,601099612894629,https://www.temu.com/se/g-601099612894629.html,,76.0,ELIM,shelf,"Jula säljer exakt formen (sladdlös handhållen spa-dammsugare, Bestway Lay-Z-Spa) för 399 kr på rea / 599 kr ordinarie, och Pricerunner har samma form från 289 kr. Fackhandelns 1 189–1 295 kr är märkesvaror (Pool Blaster) som inte bär ett Temu-pris över Julas.",,,,,,Poolkungen.se / Spabadsbutiken.se (fackhandel),990.0,Spabadsbutiken Pool Blaster Spa Vac Plus Bottensug,1189.0,,,,Sugkraft/kvalitet på en billig handpump-modell kan ge dåliga recensioner; om videon visar pool i stället för spabad faller den (fel objekt i material).,False
80.0,GREEN,PASS,False,,,dataset(V2.1),garage,"Universal Car Charging Magnetic Cover — Electric Outdoor EV Charger Plug, dustproof/rainproof",Elbilens laddport med isatt laddhandtag,601099874504144,https://www.temu.com/se/g-601099874504144.html,,70.0,ELIM,shelf,"Laddportsskyddet i exakt samma magnetform säljs av Clas Ohlson för 169 kr och Elgiganten för 129 kr (ord. 209). Laddkabelhållaren finns hos Clas Ohlson 199 kr, Kjell 299,90 kr och Deltaco från 65 kr på Pricerunner — ingen synlig ankare ≥1,6× över kedjepriset.",6,snippet,,,,Fyndiq (marketplace),,Kjell & Company Väggfäste för laddkabel Typ 2,299.9,,,,Syskonlistning till 601099579267397 — välj den vars video är bäst; dyrare inköp ger SE-pris ~499 som kan vara för högt för en flärp,False
80.0,?,PASS,False,,,dataset(V2.1),pool,"1pc Hot Tub Cover Cap Heavy Duty Polyester Spa Sun Shield and Hot Tub Cover Protector (ur söktitel, NZ-listning)",Spalocket på fast spabad,601099524126091,https://www.temu.com/se/g-601099524126091.html,,75.0,B (dubblett),,,,,,,,Spabadsbutiken.se,895.0,Spabadsbutiken Cover Cap deLuxe 210x210 cm,1295.0,,,,Passform; material okänt.,False
80.0,GREEN,PASS,False,HARD REJECT,MARKETPLACE FAILURE,v23/dolda-parlor.json,dolda-parlor,"Bilspöhållare — sugkopp/magnet för biltak och fönster, 4 spön",Spöhållare som fästs med sugkoppar på bilens rutor/tak (eller magnet på plåten) så riggade spön åker utanpå bilen mellan fiskeplatserna i stället för i baksätet där de trasslar och knäcks. Höstens gäddfiske (sep–nov) är bilburet: man flyttar mellan vikar flera gånger per dag.,601105758637623,https://www.temu.com/se/g-601105758637623.html,601100966945729 601099664597992 601102617340021 601099516061976 601100543830067,70.0,"ALTERNATIVE_LISTING_REQUIRED + VERIFY — (1) läs Fyndiq/Amazon-priserna på sugkoppsformen, (2) hitta en $10–15-listning med ≥ 4,7 och video av spön på en riktig bil, (3) prova sugkopparna i kylskåpstemperatur. Håller det: /ny-produkt vid 399 kr, hook 'Ligger spöna löst i bilen?', Vac-Rac 1 699 i bild.",,"PENDING_VERIFICATION: kedjorna (Biltema/Jula/Clas/Rusta) saknar bilformen (Biltema har båtspöhållare). Ankaret Vac-Rac 1 699 kr = 4,3× vid 399 och vår produkt ser ut som ankaret. MEN marketplace-golvet (Fyndiq/Amazon.se sugkoppsvarianter) är oläst och är den fälla som tog 4 av 7 högpoängare i förra ",53,snippet,5.0,,349.0,Fyndiq '2 st Fiske Spöhållare Bil Justerbar … Suct' och 'Justerbar horisontell f,,"Guideline Vac-Rac Standard (sugkopp, 4 spön) 1 699 kr · Vac-Rac Combi Magnetic 1",1699.0,349.0,Q4 NOW,Ligger spöna löst i bilen?,"Marketplace-golvet: Fyndiq/Amazon.se säljer sugkoppsformen och ligger sannolikt 150–300 kr — då är 349 ett problem, inte ett ankare. Näst: sugkoppar i minusgrader släpper (produktens fysik i november)",False
79.0,?,PASS,False,,,dataset(V2.1),pool,"1 pack heavy duty 600D polyester spa cover for hot tub outdoor waterproof, brown (ur söktitel, AU-listning)",Spalocket/hela spabadet,601099527353718,https://www.temu.com/se/g-601099527353718.html,,74.0,B (dubblett),,,,,,,,Spabadsbutiken.se,895.0,Spabadsbutiken Cover Cap deLuxe 210x210 cm,1295.0,,,,Passform; material okänt.,False
79.0,?,PASS,False,,,batch1/fritidshus.json,fritidshus,Isolerat överdrag för utomhuskranen (frostskydd utan att stänga av vattnet i förväg),Utekran / trädgårdskran / sommarvattenledningens tappställe på fritidshuset,601099660689841,https://www.temu.com/se/g-601099660689841.html,601103479432145 601099523158554,74.0,VERIFY,,PASS — formen (passivt skumöverdrag som träs på en befintlig kran) saknas helt; det svenska utbudet löser samma problem med dyrare aktiva metoder (byte av kran eller elvärme) PriceRunner 'utekran vinterskydd'/'vattenkran isolering frost' (9+32 träffar): enbart AKTIVA lösningar — frostfria ersättning,,,,,,PriceRunner 'utekran vinterskydd'/'vattenkran isolering frost' (9+32 träffar): e,,"Gustavsberg Frost Proof Outdoor Tap (ersättningskran, annan mekanism)",449.0,,,Har du tömt utekranen inför vintern?,"Exakt pris okänt (Seznam gav inga träffar för de tre kandidatlistningarna, bara en icke-identisk jämförelsepunkt från en tredjepartssajt). Lågt genomsnittligt kvittovärde riskerar att kräva paketering",False
77.0,?,PASS,False,,,dataset(V2.1),djur,,utekatten + trappen/altanen/uthuset,601099539458313,https://www.temu.com/se/g-601099539458313.html,,72.0,B (dubblett),,,,,,,,"PriceRunner-utdrag: Kerbl Outdoor Cat House 1 017 kr, QLS isolerat trä 1 126–1 2",1017.0,Kerbl Outdoor Cat House Family (trä),1017.0,,,,Dubblett — välj den av de tre Oxford-kojorna med bäst video när Temu-hämtningen är gjord,False
77.0,?,PASS,False,,,v22/fas2/djur.json,djur,"chicken coop / poultry run cover, waterproof tarp with elastic cords (engelsk slug; svensk titel ej lasbar - BLOCKED_SOU","Vinterhuv till honsgarden - formsydd presenningsvav med resarlina/bungee, tackar tak och vindsida pa en walk-in honsgard agaren redan har",601099756170775,https://www.temu.com/se/g-601099756170775.html,,72.0,B,,PASS,,,,,699.0,,,"vidaXL Honsgard med tak 2,5x6x2,25 m (kontextankare for objektet, inte for forme",5859.0,699.0,,Blaser presenningen av honsgarden?,Att formen i praktiken ar 'en presenning' - da ar den mass-commoditiserad i varje bygghandel och agaren har redan en. Och matten: agaren vet inte sin gards matt utantill (gate 7).,False
77.0,?,PASS,False,,,v22/fas2/djur.json,djur,"chicken coop / poultry run cover, waterproof tarp with elastic cords (engelsk slug; svensk titel ej lasbar - BLOCKED_SOU","Vinterhuv till honsgarden - formsydd presenningsvav med resarlina/bungee, tackar tak och vindsida pa en walk-in honsgard agaren redan har",601099858645280,https://www.temu.com/se/g-601099858645280.html,,72.0,B,,PASS,,,,,699.0,,,"vidaXL Honsgard med tak 2,5x6x2,25 m (kontextankare for objektet, inte for forme",5859.0,699.0,,Blaser presenningen av honsgarden?,Att formen i praktiken ar 'en presenning' - da ar den mass-commoditiserad i varje bygghandel och agaren har redan en. Och matten: agaren vet inte sin gards matt utantill (gate 7).,False
76.0,GREEN,PASS,False,,,dataset(V2.1),mc,"* Cover, Heavy Duty Marine Grade Fabric, * Cover For Kawasaki, Honda, *, Yamaha, And More. Protection Against Water, Win","ATV-kapell (marine grade-tyg, universal)",601099514234509,https://www.temu.com/se/g-601099514234509.html,,66.0,ELIM,shelf,"Jula säljer exakt samma form (allväders-ATV-överdrag med resår och väska) för 399 kr och Biltema 4-lagers helkapell för 429 kr, dvs på eller under vad vi kan ta betalt med annonskostnad. Inget synligt fackhandelsankare ≥1,6× hittades.",2,snippet,,,,Biltema (ATV-kapell finns troligen ~300–400 kr),,Biltema Helkapell 406 x 165 x 120 cm,429.0,,,,Biltema/Jula kan ha samma form ~300 kr utan att ett märkesankare finns,False
76.0,?,PASS,False,HARD REJECT,PRICE FAILURE,v22/fas2/jakt.json,jakt,"1pc 4W trail camera solar panels, 12V output solar panel kit with 6000 mAh battery, solar battery charger for hunting ga",Solpanel / extern stromforsorjning till atelkameran och foderautomaten,601099525192346,https://www.temu.com/se/g-601099525192346.html,,71.0,B,,PASS_via_ankare,,,,,599.0,,,Hunter Solcellspanel Atelkamera (jakt.se) — big-box saknar formen: Biltema har a,1299.0,599.0,,Tar batterierna slut i atelkameran?,Priset ar olast. Blir det over ca $28 faller ekonomin pa samma satt som systerlistningen; blir det $18-25 haller hela kedjan.,False
76.0,GREEN,?,False,,,v22/fas2/tomt.json,tomt,"Thatch Rake For Lawn 15in Thatching Rake With Sharp Dethatching Blade, Manual Dethatcher Scarifier Tool For Dead Grass R",manuell mossräfsa/vertikalräfsa för gräsmattan,601103047271003,https://www.temu.com/se/g-601103047271003.html,,71.0,B,,PENDING_VERIFICATION,99,snippet+,21.0,,649.0,,,elektrisk vertikalskärare/mossrivare (kategorin finns hos Jula och Biltema),,649.0,,Har du mer mossa än gräs i gräsmattan?,Hyllan. Trädgårdsredskap är Jula/Biltemas hemmaplan — samma mönster som fällde rännrensaren och lövsilen i hus-klustret ('bygghandelns hemmaplan'). Om Jula har en mossräfsa för 249 kr är 649 kr omöjli,False
76.0,?,?,False,REJECT-INTRESSANT,PRICE FAILURE,v22/fas2/ved-eldstad.json,ved-eldstad,"heavy duty log splitter cover waterproof oxford cloth, 15-45 ton gasoline or electric log splitter, 83 x 45 x 39, weathe",vedklyvs-overdrag,601099603802865,https://www.temu.com/g-601099603802865.html,,76.0,B,economics,FAIL,,,,,,,,,,,,Står vedklyven ute i regnet?,"Ekonomin: de två SE-priser som gick att läsa (436,75 och 493,90 kr) ger landad kostnad 655–741 kr, långt över 420-kronorstaket. Konceptet kräver en billigare listning (överdrag till liten el-klyv).",False
76.0,?,?,False,,,v22/fas2/ved-eldstad.json,ved-eldstad,"heavy duty log splitter cover waterproof oxford cloth, 45 ton, UV-skydd (SE-titel: loggsplitterskydd 210,82 cm x 114,3 c",vedklyvs-overdrag,601099589782206,https://www.temu.com/g-601099589782206.html,,76.0,B,,PASS,,,,,,,,,,,,Står vedklyven ute i regnet?,"Ekonomin: de två SE-priser som gick att läsa (436,75 och 493,90 kr) ger landad kostnad 655–741 kr, långt över 420-kronorstaket. Konceptet kräver en billigare listning (överdrag till liten el-klyv).",False
75.0,?,PASS,False,,,dataset(V2.1),bat,"Boat cover support poles 2 pcs, adjustable 22.8–60.1 in, webbing strap",Presenning över båt på trailer/bockar (vinterförvaring),601099584417825,https://www.temu.com/se/g-601099584417825.html,,70.0,ELIM,shelf,"Biltema säljer exakt samma form (teleskopisk alu-stötta med gummiändar, 91–164 cm) för 145 kr styck, dvs 290 kr för två – under vad ett 2-pack rimligen kan ta betalt med annonskostnad. Jula har samma form (Kayoba teleskopstag) och fackhandelns ankare på 439 kr är per stötta, inte per par.",,,,,,"Osculati Teleskopiskt presenningsstöd 90–160 cm 289 kr, 1 butik (PR); Biltema/Ju",289.0,Hjertmans Teleskopstötta för båtkapell 85–150 cm,439.0,,,,Biltema/Jula kan ha samma teleskopstöd för ~200 kr — kunde inte verifieras i dag,False
75.0,?,PASS,False,,,dataset(V2.1),djur,,utekatten + trappen/altanen/uthuset,601102077704284,https://www.temu.com/se/g-601102077704284.html,,70.0,B (dubblett),,,,,,,,"PriceRunner-utdrag: Kerbl Outdoor Cat House 1 017 kr, QLS isolerat trä 1 126–1 2",1017.0,Kerbl Outdoor Cat House Family (trä),1017.0,,,,'easy to assemble' = monteringssteg; dubblett av 601101118338671,False
75.0,?,PASS,False,,,dataset(V2.1),handmaskiner,1pc Shoulder Strap Trimmer Strap Blower Straps Strap Universal For Weedeater Leaf Blower Multi Head System Grass Trimmer,"Lövblåsen (handhållen, batteri/bensin 3–5 kg) — och trimmern",601099519754003,https://www.temu.com/se/g-601099519754003.html,,70.0,ELIM,shelf,"Jula säljer en vadderad universalsele (Meec) för 349 kr och Clas Ohlson en dubbelsele för 499 kr, och den enkla remformen ligger redan på 149 kr på Pricerunner. Vi kan inte rimligen ta mer än ~249 kr för en enkel vadderad rem, och då finns kedjans bättre produkt ett steg upp.",,,,,,"Biltema/Jula säljer enkel bärsele för trimmer/röjsåg (samma form, 60–150 kr ur k",,Stihl Röjsele (Pricerunner),488.0,,,,Detta är inte en ny produkt utan en höstvinkel (lövblås) på axelbältet som redan säljs — och lövblåsar utan remögla ger 'passar inte'-returer,False
75.0,?,PASS,False,,,dataset(V2.1),jakt,"Binocular harness chest pack with detachable rangefinder pouch, adjustable bino harness, rain cover (ur sökträff)",Handkikare,601099523680456,https://www.temu.com/se/g-601099523680456.html,,70.0,B (dubblett),,,,,,,,Hylte Jakt & Lantman (fackhandel),149.0,Blaser Kikarväska med Sele HunTec Camo (Jakt och Fiskebutiken),999.0,,,,WebFetch på /se-sidan 2026-09-04 01:05 UTC visade 'Ej tillgänglig för köp' — kan vara SSR-skalet eller att listningen är borta på SE. Verifiera vid central hämtning; annars reserv till 601099566089885,False
75.0,?,PASS,False,,,dataset(V2.1),ved,"Vedställsöverdrag med öppningsbar front (för 2-plans litet ställ, endast överdrag)",vedställ utomhus,601099588053506,https://www.temu.com/se/g-601099588053506.html,,70.0,B,,,,,,,,UNKNOWN,,"Vedställsöverdrag 2 st 174x173 cm (Dealproffsen, ord. 899)",549.0,,,,Passformen: överdraget är sytt för ett USA-ställ; svenska ställ har andra mått → returer.,False
75.0,?,PASS,False,,,v22/fas2/djur.json,djur,"dog run / kennel cover, waterproof outdoor (engelsk slug; svensk titel BLOCKED_SOURCE)","Regn-/vinterhuv till hundgarden - samma formsydda vav, hundagaren pa landet",601099679566501,https://www.temu.com/se/g-601099679566501.html,,70.0,B,,PASS,,,,,499.0,,,vidaXL Hundgard for utomhusbruk med tak 300x300x200 cm,11769.0,499.0,,Star hunden i regn i hundgarden?,De listningar som gick att prissatta ar for dyra (landad > 420 kr). Konceptet haller - listningen inte. ALTERNATIVE_LISTING_REQUIRED.,False
74.0,?,?,False,,,v22/fas2/djur.json,djur,"heavy duty fence/farm gate wheel, adjustable U-bolt, anti-sagging caster (engelsk slug; svensk titel BLOCKED_SOURCE)",Stodhjul till grinden - hjul med U-bygel som bar upp en hangande grind sa den gar att oppna i lera,601099594874458,https://www.temu.com/se/g-601099594874458.html,,74.0,B,,PENDING_VERIFICATION,,,,,499.0,,,"Stodhjul for grind kraftig (Djurgardens Ridsport, hastfackhandel)",,499.0,,Slapar grinden i leran?,"Bada listningarna med pris ($45 och $85) landar over 420 kr = over 1000 kr-taket. Konceptet haller, listningarna inte - de billiga varianterna saknar prisuppgift. ALTERNATIVE_LISTING_REQUIRED.",False
74.0,?,?,False,,,v22/fas2/djur.json,djur,"heavy duty fence/farm gate wheel, adjustable U-bolt, anti-sagging caster (engelsk slug; svensk titel BLOCKED_SOURCE)",Stodhjul till grinden - hjul med U-bygel som bar upp en hangande grind sa den gar att oppna i lera,601099553357643,https://www.temu.com/se/g-601099553357643.html,,74.0,B,,PENDING_VERIFICATION,,,,,399.0,,,"Stodhjul for grind kraftig (Djurgardens Ridsport, hastfackhandel)",,399.0,,Slapar grinden i leran?,"Bada listningarna med pris ($45 och $85) landar over 420 kr = over 1000 kr-taket. Konceptet haller, listningarna inte - de billiga varianterna saknar prisuppgift. ALTERNATIVE_LISTING_REQUIRED.",False
74.0,GREEN,PASS,False,,,v22/fas2/garage-fordon.json,garage-fordon,"Car Door Step Hook, Heavy-Duty Roof Access Pedal for SUV/Truck/Jeep, Anti-Slip Aluminum Step Ladder with Glass Breaker",Hopfällbart fotsteg som hakas i bildörrens låsbygel så ägaren når biltaket,605899959666497,https://www.temu.com/se/g-605899959666497.html,,64.0,C,shelf,FAIL,99,snippet+,10.0,,349.0,,,Taktältarna 'Hjälpsteg till bil' / SmartaSaker 'Steg till bildörren',289.0,349.0,,Når du inte upp till biltaket?,"Fyra–sju svenska butiker säljer exakt samma aluminiumsteg för 289–375 kr. Inget märkesankare ≥ 1,6× finns; Biltemas hjulstege är en annan form men samma jobb.",False
74.0,GREEN,PASS,False,,,v22/fas2/garage-fordon.json,garage-fordon,"Car Door Step, Universal Aluminum Step for Car Roof Access, Portable Folding Door Hook Step, Multi Adjustable Stand, Loa",Hopfällbart fotsteg som hakas i bildörrens låsbygel så ägaren når biltaket,601102106167407,https://www.temu.com/se/g-601102106167407.html,,64.0,C,shelf,FAIL,50,snippet,20.0,,599.0,,,Taktältarna 'Hjälpsteg till bil' / SmartaSaker 'Steg till bildörren',289.0,599.0,,Når du inte upp till biltaket?,"Fyra–sju svenska butiker säljer exakt samma aluminiumsteg för 289–375 kr. Inget märkesankare ≥ 1,6× finns; Biltemas hjulstege är en annan form men samma jobb.",False
74.0,GREEN,PASS,False,,,v22/fas2/garage-fordon.json,garage-fordon,"1pc Heavy Duty Folding Car Door Step with Safety Hammer, Non-slip, Door Lock Hook, Foldable",Hopfällbart fotsteg som hakas i bildörrens låsbygel så ägaren når biltaket,601101933205557,https://www.temu.com/se/g-601101933205557.html,,64.0,C,shelf,FAIL,81,snippet,5.0,,349.0,,,Taktältarna 'Hjälpsteg till bil' / SmartaSaker 'Steg till bildörren',289.0,349.0,,Når du inte upp till biltaket?,"Fyra–sju svenska butiker säljer exakt samma aluminiumsteg för 289–375 kr. Inget märkesankare ≥ 1,6× finns; Biltemas hjulstege är en annan form men samma jobb.",False
74.0,GREEN,PASS,False,,,v22/fas2/husvagn-mc.json,husvagn-mc,patio outdoor rv cover anti sunshade heavy duty waterproof oxford fabric for motorhome protection foldable easy to insta,husvagn-taköverdrag,601102273698057,https://www.temu.com/se/g-601102273698057.html,,64.0,B,,PENDING_VERIFICATION,99,snippet+,28.0,,899.0,OKAND — biltema.se/jula.se/rusta.com svarade 403/404 (Akamai) och WebSearch-budg,,"EuroTrail Husvagnsöverdrag (fackhandel, GetCamping)",2395.0,899.0,,Star husvagnen ute i vinter?,"Att listningen inte ar ett husvagnsoverdrag alls utan ett solskydd for uppstallningsplatsen. 99+ recensioner ar den starkaste kommersiella signalen i hela klustret, men vad som faktiskt levereras gar ",False
74.0,GREEN,PASS,False,,,v22/fas2/jakt.json,jakt,"Trail cameras solar panel 12V/1A 6V/2A with 5000mAh rechargeable lithium battery, waterproof hunting accessory, compatib",Solpanel / extern stromforsorjning till atelkameran och foderautomaten,601099637786914,https://www.temu.com/se/g-601099637786914.html,,64.0,C,economics,FAIL,58,snippet,41.0,,799.0,,,Hunter Solcellspanel Atelkamera (jakt.se) — big-box saknar formen: Biltema har a,1299.0,799.0,,Tar batterierna slut i atelkameran?,"Landad kostnad 428-502 kr ligger over 420-stoppet; 2,4x hamnar over 1 000 kr-taket. Konceptet haller — den har listningen gor det inte.",False
74.0,GREEN,?,False,,,v22/fas2/tomt.json,tomt,"Lawn Thatch Rake 17 Inch Steel Dethatching Tool, Adjustable 0–15° Angle And 38–68 Inch Length, Heavy Duty Yard Rake",manuell mossräfsa/vertikalräfsa för gräsmattan (alternativ listning),602927901026045,https://www.temu.com/se/g-602927901026045.html,,69.0,B,,PENDING_VERIFICATION,19,snippet,30.0,,799.0,,,,,799.0,,Har du mer mossa än gräs i gräsmattan?,"799 kr för en handräfsa är i den övre delen av vad kontot bevisat (>500 kr har aldrig förlorat, men aldrig testat på ett handredskap).",False
73.0,?,PASS,False,,,dataset(V2.1),djur,,utekatten + trappen/altanen/uthuset,601104350112825,https://www.temu.com/se/g-601104350112825.html,,68.0,B (dubblett),,,,,,,,"PriceRunner-utdrag: Kerbl Outdoor Cat House 1 017 kr, QLS isolerat trä 1 126–1 2",1017.0,Kerbl Outdoor Cat House Family (trä),1017.0,,,,Dubblett; okänt material (tyg eller plast) tills bilder hämtats,False
73.0,?,PASS,False,,,dataset(V2.1),djur,,förrådet/garaget/uthuset + en hink,601100216234049,https://www.temu.com/se/g-601100216234049.html,,68.0,ELIM,shelf,"Jula, Biltema och Clas Ohlson säljer alla hinkfällan (vippbräda på hink) och Clas-priset är 59,90 kr, Västbo/jem & fix ~30 kr. Den rullande varianten är en detalj – kunden googlar 'musfälla hink' och ser 30–60 kr hos kedjan.",,,,,,"PriceRunner 'musfälla hink': ingen hinkfälla — slagfällor 24–42 kr, Nyby burfäll",,Clas Ohlson Silverline Vipper (vippfälla för hink),59.9,,,,Hinkpassformen: passar den inte svensk 10-litershink är den död; passar den är den klustrets bästa kandidat,False
73.0,?,PASS,False,HARD REJECT,PRICE FAILURE,dataset(V2.1),grasklippare,"Universal leaf blower gutter attachment, telescopic hose, 11 ft",Lövblås (handhållen/batteri) + hängränna,601103248788835,https://www.temu.com/se/g-601103248788835.html,,68.0,B,,,,,,,,Pricerunner: Einhell Gutter kit 3433559 (märkesspecifik),359.0,Stihl Takrengöringsset (Duab); Husqvarna Hängrännesats 359–399 kr (Söderströms/G,745.0,,,,Passar inte svenska batteriblåsars munstycken (Ryobi/Bosch/Husqvarna) → returer; material ej sedd,False
73.0,?,PASS,False,,,dataset(V2.1),grasklippare,"Gutter cleaning kit, supportive structure, 11 ft reach, fits most blower brands, 4 adapters",Lövblås (handhållen/batteri) + hängränna,601103296007046,https://www.temu.com/se/g-601103296007046.html,,68.0,B,,,,,,,,Pricerunner: Einhell Gutter kit 3433559 (märkesspecifik),359.0,Stihl Takrengöringsset (Duab); Husqvarna Hängrännesats 359–399 kr (Söderströms/G,745.0,,,,Passar inte svenska batteriblåsars munstycken (Ryobi/Bosch/Husqvarna) → returer; material ej sedd,False
73.0,?,PASS,False,,,dataset(V2.1),handmaskiner,1pc Adjustable Universal Shoulder Strap For Trimmers Blowers 70cm Padded Garden Tool Harness Lawn Mower Shoulder Belt Ac,Lövblås/trimmer — vadderad 70 cm rem,601099555571658,https://www.temu.com/se/g-601099555571658.html,,68.0,ELIM,shelf,"Jula säljer en vadderad universalsele (Meec) för 349 kr och Clas Ohlson en dubbelsele för 499 kr, och den enkla remformen ligger redan på 149 kr på Pricerunner. Vi kan inte rimligen ta mer än ~249 kr för en enkel vadderad rem, och då finns kedjans bättre produkt ett steg upp.",,,,,,Som 601099519754003 — EJ VERIFIERAD,,Stihl Röjsele (Pricerunner),488.0,,,,Som 601099519754003,False
73.0,?,PASS,False,HARD REJECT,PRICE FAILURE,dataset(V2.1),jakt,"58"" heavy duty tree stand hunting umbrella, camo canopy, tool-free setup, compatible with tree stands/ground blinds (ur ","Jakttornet/passet (öppet torn, stege, markpass)",601103949421856,https://www.temu.com/se/g-601103949421856.html,,68.0,B,,,,,,,,,,Ameristep Hunter's Paraply för jaktstege (Dangate),479.0,,,,"Priset: paraplyet är stort och dyrt att frakta — Temu-pris okänt; hamnar landad kostnad över ~350 kr slår 2,4× i taket på 1 000 kr. Samt: hur många av 271 000 sitter faktiskt utan tak?",False
73.0,?,PASS,False,HARD REJECT,PRICE FAILURE,batch1/hostfiske.json,hostfiske,"Rensbräda/filébord som klämfästs direkt på båtens reling via en spöhållarbas - fasta, handsfree renstation ombord",Fångad fisk + båtens reling (samma fästpunkt som spöhållaren),601099564703752,https://www.temu.com/se/g-601099564703752.html,601100998683849 601102430331989 601099775342730 601101466808321 601101898613981 601099787197348 601101343455344 601099711562807,68.0,VERIFY,,"PASS (villkorat) - relingsklämd form saknas helt i svensk hylla (kedjor och fackhandel), men en mycket billigare LÖS variant av grundidén (rensbräda) finns redan från 47 kr hos Biltema/Jula - detta är den verkliga risken, inte konkurrens från exakt samma form Den LÖSA formen (bräda med fiskklämma, e",,,,,,"Den LÖSA formen (bräda med fiskklämma, ej relingsmonterad) säljs av Biltema och ",47.2,"KNINE Outdoors Boat Bait Cutting Board (egen webbutik, US)",605.0,,,Var rensar du fisken i en gungande båt?,Kunden känner redan till en 47-kronors lösning (Biltema/Jula) för samma grundbehov och kan uppleva 400-600 kr som orimligt om skillnaden (handsfree-montering) inte kommuniceras extremt tydligt i först,False
72.0,GREEN,PASS,False,,,dataset(V2.1),mc,"1pc * UTV GUN RACK With Rubber Coating, Safety Home Accessories","gevärshållare för ATV/UTV (2 st gummerade V-hållare, U-bult på pakethållaren)",601099522267692,https://www.temu.com/se/g-601099522267692.html,,62.0,B,,,149,snippet,,,,"ingen av de fyra kedjorna (ur minne); jaktbutiker (Jaktia, Widforss, Hylte Jakt)",,"Kolpin Rhino Redskapshållare Universal, par (ATVhuset), ord 1 195 kr",1075.0,,,,publiken kan vara < 100 000 hushåll och Temu-materialet visar inte produkten i bruk — kräver egen bild på ATV innan launch,False
71.0,?,PASS,False,,,dataset(V2.1),djur,,utekatten + trappen/altanen/uthuset,601104350023541,https://www.temu.com/se/g-601104350023541.html,,66.0,B (dubblett),,,,,,,,"PriceRunner-utdrag: Kerbl Outdoor Cat House 1 017 kr, QLS isolerat trä 1 126–1 2",1017.0,Kerbl Outdoor Cat House Family (trä),1017.0,,,,"Dubblett; 'escape door' = två öppningar, bra mot räv men mer att förklara",False
71.0,?,PASS,False,,,dataset(V2.1),djur,,utekatten + trappen/altanen/uthuset,601105519310315,https://www.temu.com/se/g-601105519310315.html,,66.0,B (dubblett),,,,,,,,"PriceRunner-utdrag: Kerbl Outdoor Cat House 1 017 kr, QLS isolerat trä 1 126–1 2",1017.0,Kerbl Outdoor Cat House Family (trä),1017.0,,,,"Dubblett; 'self-warming' kan tolkas som el → nej, reflekterande foder",False
71.0,?,PASS,False,,,v22/fas2/jakt.json,jakt,"Outdoor wildlife sports camera solar panel, IP65 waterproof, 360-degree rotatable, built-in 4000mAh lithium battery, sui",Solpanel / extern stromforsorjning till atelkameran och foderautomaten,601099958398659,https://www.temu.com/se/g-601099958398659.html,,66.0,B,,PASS_via_ankare,,,,,599.0,,,Hunter Solcellspanel Atelkamera (jakt.se) — big-box saknar formen: Biltema har a,1299.0,599.0,,Tar batterierna slut i atelkameran?,Pris och utgangsspanning olasta; kontaktdon per kameramodell kan gora varianten till en SKU-fraga.,False
71.0,GREEN,?,False,,,v22/fas2/tomt.json,tomt,"Fruit Picker Pole With Basket, 8–10ft Adjustable Height, Fruit Picker Tool With Stainless Steel Fruit Picking Pole",fruktplockare på teleskopstång med korg,601101790468176,https://www.temu.com/se/g-601101790468176.html,,66.0,B,,PENDING_VERIFICATION,10,snippet,16.0,,499.0,,,,,499.0,,Står du på stege för att nå äpplena?,"Säsongsfönstret. Sex veckor kvar är minimum enligt gaten, och en produkt som används 20 minuter om året har låg upplevd värde — 499 kr kan möta ett prisankare på 149 kr (korghuvud i fackhandeln). Fall",False
70.0,?,PASS,False,,,dataset(V2.1),handmaskiner,1pc Trimmer Strap Adjustable Universal Leaf Blower Shoulder Harness Strap String Trimmer Replacement Parts For Weeder Le,Lövblås/trimmer — universalrem,601099520763077,https://www.temu.com/se/g-601099520763077.html,,65.0,C,,,,,,,,Som 601099519754003 — EJ VERIFIERAD,,Husqvarna bärsele,819.0,,,,Dublett av 601099519754003 — bara en av remmarna behövs,False
69.0,?,PASS,False,,,dataset(V2.1),pool,"Pool pump cover heavy duty waterproof outdoor heater cover, no-hose-removal installation, all-weather, compatible with p",Poolvärmepumpen (står ute året runt bredvid poolen),601103300703848,https://www.temu.com/se/g-601103300703848.html,,64.0,B,,,,,,,,Poolkungen: sökning 'vinteröverdrag' gav 0 träffar 2026-09-04; övriga poolshoppa,,Österlens Poolcenter Vintertäcke Poolvärmepump Gullberg & Jansson Pelago 40,499.0,,,,Publikstorlek och att Biltema/Jula-luftvärmepumpsskydd ser likadant ut för 199–299 kr.,False
69.0,?,PASS,False,,,v22/fas2/garage-fordon.json,garage-fordon,"Universal Car Door Step Hook, Foldable Non-Slip Roof Access Pedal for SUV/Truck/Jeep (slut i lager)",Hopfällbart fotsteg som hakas i bildörrens låsbygel så ägaren når biltaket,606574269573553,https://www.temu.com/se/g-606574269573553.html,,64.0,C,shelf,FAIL,,,12.0,,399.0,,,Taktältarna 'Hjälpsteg till bil' / SmartaSaker 'Steg till bildörren',289.0,399.0,,Når du inte upp till biltaket?,"Fyra–sju svenska butiker säljer exakt samma aluminiumsteg för 289–375 kr. Inget märkesankare ≥ 1,6× finns; Biltemas hjulstege är en annan form men samma jobb.",False
69.0,?,PASS,False,,,v22/fas2/garage-fordon.json,garage-fordon,"1pc Car Door Step, Foldable Roof Rack Door Step Up On Door Latch, Easy Roof Access, Universal Car Stand Pedal With Safet",Hopfällbart fotsteg som hakas i bildörrens låsbygel så ägaren når biltaket,601099512323688,https://www.temu.com/se/g-601099512323688.html,,64.0,C,shelf,FAIL,,,,,,,,Taktältarna 'Hjälpsteg till bil' / SmartaSaker 'Steg till bildörren',289.0,,,Når du inte upp till biltaket?,"Fyra–sju svenska butiker säljer exakt samma aluminiumsteg för 289–375 kr. Inget märkesankare ≥ 1,6× finns; Biltemas hjulstege är en annan form men samma jobb.",False
69.0,?,PASS,False,,,v22/fas2/garage-fordon.json,garage-fordon,"Foldable Car Roof Rack Step / Car Door Step, Multifunction Universal Latch Hook Auxiliary Pedal, Aluminium Alloy, Safety",Hopfällbart fotsteg som hakas i bildörrens låsbygel så ägaren når biltaket,601099522761266,https://www.temu.com/se/g-601099522761266.html,,64.0,C,shelf,FAIL,,,,,,,,Taktältarna 'Hjälpsteg till bil' / SmartaSaker 'Steg till bildörren',289.0,,,Når du inte upp till biltaket?,"Fyra–sju svenska butiker säljer exakt samma aluminiumsteg för 289–375 kr. Inget märkesankare ≥ 1,6× finns; Biltemas hjulstege är en annan form men samma jobb.",False
69.0,?,PASS,False,,,v22/fas2/garage-fordon.json,garage-fordon,"Car Roof Rack Steps, Car Door Step, Foldable Door Hook Step Pedal with Broken Window Nails",Hopfällbart fotsteg som hakas i bildörrens låsbygel så ägaren når biltaket,601099521836217,https://www.temu.com/se/g-601099521836217.html,,64.0,C,shelf,FAIL,,,,,,,,Taktältarna 'Hjälpsteg till bil' / SmartaSaker 'Steg till bildörren',289.0,,,Når du inte upp till biltaket?,"Fyra–sju svenska butiker säljer exakt samma aluminiumsteg för 289–375 kr. Inget märkesankare ≥ 1,6× finns; Biltemas hjulstege är en annan form men samma jobb.",False
69.0,?,PASS,False,,,v22/fas2/garage-fordon.json,garage-fordon,"1pc Aluminum Car Door Step, Foldable Car Roof Rack Step, Car Door Latch Rooftop Hook Stand Pedal for Most SUV",Hopfällbart fotsteg som hakas i bildörrens låsbygel så ägaren når biltaket,601099530985349,https://www.temu.com/se/g-601099530985349.html,,64.0,C,shelf,FAIL,,,,,,,,Taktältarna 'Hjälpsteg till bil' / SmartaSaker 'Steg till bildörren',289.0,,,Når du inte upp till biltaket?,"Fyra–sju svenska butiker säljer exakt samma aluminiumsteg för 289–375 kr. Inget märkesankare ≥ 1,6× finns; Biltemas hjulstege är en annan form men samma jobb.",False
69.0,?,PASS,False,,,v22/fas2/garage-fordon.json,garage-fordon,"Multifunctional Foldable Car Door Step and Roof Rack Step, Universal Latch Hook Foot Pedal, Aluminium Alloy, Window Brea",Hopfällbart fotsteg som hakas i bildörrens låsbygel så ägaren når biltaket,601099545906936,https://www.temu.com/se/g-601099545906936.html,,64.0,C,shelf,FAIL,,,,,,,,Taktältarna 'Hjälpsteg till bil' / SmartaSaker 'Steg till bildörren',289.0,,,Når du inte upp till biltaket?,"Fyra–sju svenska butiker säljer exakt samma aluminiumsteg för 289–375 kr. Inget märkesankare ≥ 1,6× finns; Biltemas hjulstege är en annan form men samma jobb.",False
69.0,?,PASS,False,,,v22/fas2/garage-fordon.json,garage-fordon,"Car Roof Rack Step, Foldable Car Door Step, Multifunction Universal Latch Hook Auxiliary Foot Pedal, Aluminium Alloy, Sa",Hopfällbart fotsteg som hakas i bildörrens låsbygel så ägaren når biltaket,601099513453192,https://www.temu.com/se/g-601099513453192.html,,64.0,C,shelf,FAIL,,,,,,,,Taktältarna 'Hjälpsteg till bil' / SmartaSaker 'Steg till bildörren',289.0,,,Når du inte upp till biltaket?,"Fyra–sju svenska butiker säljer exakt samma aluminiumsteg för 289–375 kr. Inget märkesankare ≥ 1,6× finns; Biltemas hjulstege är en annan form men samma jobb.",False
69.0,?,PASS,False,REJECT-INTRESSANT,PRICE FAILURE,v23/evergreen.json,evergreen,"Magnetisk trådlös kopplingskamera för släp/husvagn (telefon-app, batteri)","En batteridriven kamera med kraftig magnet som ställs på släpets dragbalk vid koppling; bilden går via wifi till telefonen så föraren ser kulan glida in under kopplingen utan att kliva ur. Samma struktur som kontots PTZ-kamera: synlig hårdvaruskillnad (magnet + batteri + ingen kabel) mot Biltemas kablade backkameror. Per-tur-friktion på ett ägt objekt som står ute. MATERIAL: BLOCKED_SOURCE — produktsidan får inte hämtas i den här körningen (huvudsessionen håller hämtbudgeten); vad titeln antyder står i concept-fältet. Titlarna antyder studiodemo (kamera på kula, telefonskärm) — indicium, inte sett.",601099523116633,https://www.temu.com/g-601099523116633.html,601099520200892 601099527243893 605857362316888 601101471448244,64.0,"ALTERNATIVE_LISTING_REQUIRED (pris) + PENDING_VERIFICATION (Amazon-golv). Verifiera i ordning: (1) Amazon.se-pris på B0C993S4R5, (2) Seznam/Temu-pris på 601099523116633, (3) leverantörsvideo: bil + släp + telefon inom 3 s.",,"PENDING_VERIFICATION — kedjorna saknar magnet+telefon-formen (Biltema har bara kablade monitorkit), men Amazon.se har exakt formen och golvet är oläst. Marketplace räknas som hylla. PriceRunner 'trådlös backkamera' 379–3 498 kr (ur sökutdrag).",,,,,799.0,"Amazon.se MHCABSR 'Förbättrad trådlös backup-kamera magnetisk hitch' (720P, wifi",,"Prylstaden trådlös backkamera 5"" monitor 895 kr (ord. 1 495); Camping4u RVC-50 t",1995.0,799.0,EVERGREEN,Kopplar du släpet ensam?,Amazon.se säljer samma form (MHCABSR) — om den ligger ≤ 600 kr finns inget ankarläge. Näst: app-parning som ser ut som förklaring i annonsen.,False
68.0,?,?,False,,,v23/dolda-parlor.json,dolda-parlor,"Bärsele/bärhandtag för utombordare (lyftrem med handtag, 2-mans eller axelsele)","Rem/sele som spänns runt en 2,5–20 hk utombordare (15–50 kg) så att den kan bäras från bryggan till bilen och in i garaget vid upptagningen — med rak rygg och två händer, i stället för att kramas i famnen med propellern mot benet. Upptagningen pågår NU (sep–okt).",,,601099606115605,68.0,"ALTERNATIVE_LISTING_REQUIRED — sök när Temu svarar: 'outboard motor carrying strap', 'engine lifting sling small outboard', 'boat motor tote strap'. Hittas en listning under $15 med riktig motor i bild: direkt till hyllkontroll och /ny-produkt vid 399 kr. Hittas ingen på två försök till: lägg konceptet i backlog till april 2027 (sjösättningen).",,"PENDING_VERIFICATION — kedjorna säljer motorbock/motorkärra, inte bärsele. Kollas när en listning finns.",,,,,399.0,Ej sökt på svensk hylla eftersom ingen Temu-listning finns; bat-klustret 2026-09,,UNKNOWN,,399.0,Q4 NOW,Bär du utombordaren i famnen?,"Att formen inte finns som konsumentprodukt av ett skäl: motorer bärs av två personer eller står kvar, och en rem löser inte oljeproblemet (motorn måste ändå bäras upprätt). Näst: det kan vara en 'lösn",False
67.0,?,PASS,False,,,dataset(V2.1),djur,,bilens baksäte + hunden (jakthund/stor hund),601099578348331,https://www.temu.com/se/g-601099578348331.html,,62.0,B,,,,,,,,PriceRunner-utdrag 'bilskydd hund baksäte': hängmatta finns överallt (Teknikprof,1167.0,Kleinmetall Bridge baksätesskydd med stödplattor (zooplus.se),1059.0,,,,Pris: hårdbotten är dyr på Temu; hamnar vi > 1 000 kr har ingen vinnare legat där,False
67.0,?,PASS,False,,,dataset(V2.1),garage,"Heavy duty stainless lift, overhead ceiling-mounted hoist with pulley system, 100 lb capacity (garage storage)",Takboxen (tas av bilen i oktober) — sekundärt cykel/kajak,601099714039172,https://www.temu.com/se/g-601099714039172.html,,62.0,ELIM,shelf,"Jula säljer samma form (remhiss för takbox, Hamron) för 299 kr i 75 varuhus, och Fasty Boxlift ligger på 170 kr på Pricerunner. Thule-ankaret 1 249 kr är ett märkesvarupris som inte lyfter ett Temu-alternativ över Julas 299 kr.",,,,,,"takbox.se / thansen.se (Thule Multilift, fackhandel)",,Thule MultiLift 572 (Pricerunner lägsta),1249.0,,,,"Monteringen: annonsen måste visa 'dra i linan, boxen åker upp' — visar leverantörsvideon skruvande i taket är det förklaring, och förklaring förlorar. Pris okänt.",False
67.0,?,PASS,False,,,dataset(V2.1),handmaskiner,Wood Splitting Drill Bit High Speed Steel Firewood Log Splitter Drill Bit Wood Punch Cone Driver Drill Bit Woodworking T,Vedhögen på tomten + ägarens borrmaskin (klyvkon som skruvas in i stocken),601099512512218,https://www.temu.com/se/g-601099512512218.html,,62.0,C (ankare under vårt pris),,,,,,,,Ingen av Biltema/Jula/Clas Ohlson/Rusta ur kunskap — EJ VERIFIERAD (sökbudget sl,,Vedborr till borrmaskin med 4 skaft (CDON/Elgiganten-listning),279.0,,,,Säkerhet/returer: konen fastnar i kvistig björk och sliter borren ur handen; material ej verifierad,False
67.0,?,PASS,False,,,dataset(V2.1),handmaskiner,2pcs Firewood Log Splitter 32mm High Carbon Log Drill Bit With Hex Shank Titanium Coated Sturdy Wood Splitting Screw Con,Ved + borrmaskin — 2-pack 32 mm hexskaft,601099547786201,https://www.temu.com/se/g-601099547786201.html,,62.0,C (ankare under vårt pris),,,,,,,,Ingen av kedjorna ur kunskap — EJ VERIFIERAD,,Vedborr till borrmaskin med 4 skaft (CDON/Elgiganten-listning),279.0,,,,32 mm är för liten för grov ved — kunden får inte den payoff videon lovar,False
67.0,?,PASS,False,,,dataset(V2.1),hus,"Ladder Stabilizer for Roof Gutter, Wing Span Wall Ladder Standoff, attaches with U-bolt, 485 lbs",anliggande stege (ägd) mot husets takränna/fasad,601099637369908,https://www.temu.com/se/g-601099637369908.html,,62.0,B,,,,,,,,"Stegproffsen (fackhandel, Wibe)",974.0,"Wibe Väggstöd (Stegproffsen), ord. 974 kr",779.0,,,,"Biltemas stegtillbehör innehåller ett väggstöd för ~300 kr (ej verifierat, sidan svarar 403) — då faller hyllgaten; och frakten på 1 m stål äter marginalen",False
67.0,?,PASS,False,,,dataset(V2.1),hus,Heavy Duty Ladder Stabilizer Accessory Roof Gutter Wing Wall Ladder Standoff,anliggande stege (ägd) mot husets takränna/fasad,601099608814085,https://www.temu.com/se/g-601099608814085.html,,62.0,B (dubblett),,,,,,,,"Stegproffsen (fackhandel, Wibe)",974.0,Wibe Väggstöd,974.0,,,,"Biltemas stegtillbehör innehåller ett väggstöd för ~300 kr (ej verifierat, sidan svarar 403) — då faller hyllgaten; och frakten på 1 m stål äter marginalen",False
67.0,?,PASS,False,,,dataset(V2.1),hus,"Heavy Duty Metal Ladder Stabilizer Roof Gutter Safety Standoff, wall extension support with wing",anliggande stege (ägd) mot husets takränna/fasad,601099758833312,https://www.temu.com/se/g-601099758833312.html,,62.0,B (dubblett),,,,,,,,"Stegproffsen (fackhandel, Wibe)",974.0,Wibe Väggstöd,974.0,,,,"Biltemas stegtillbehör innehåller ett väggstöd för ~300 kr (ej verifierat, sidan svarar 403) — då faller hyllgaten; och frakten på 1 m stål äter marginalen",False
67.0,?,PASS,False,,,dataset(V2.1),hus,"Heavy-duty Steel Ladder Stabilizer for Roof Gutters/Walls, adjustable, safety clamps, orange",anliggande stege (ägd) mot husets takränna/fasad,601100623182916,https://www.temu.com/se/g-601100623182916.html,,62.0,B (dubblett),,,,,,,,"Stegproffsen (fackhandel, Wibe)",974.0,Wibe Väggstöd,974.0,,,,"Biltemas stegtillbehör innehåller ett väggstöd för ~300 kr (ej verifierat, sidan svarar 403) — då faller hyllgaten; och frakten på 1 m stål äter marginalen",False
67.0,?,PASS,False,,,dataset(V2.1),hus,Modern Metal Ladder Stabilizer Anti-slip Roof Gutter Wall Ladder Standoff,anliggande stege (ägd) mot husets takränna/fasad,601099675920422,https://www.temu.com/se/g-601099675920422.html,,62.0,B (dubblett),,,,,,,,"Stegproffsen (fackhandel, Wibe)",974.0,Wibe Väggstöd,974.0,,,,"Biltemas stegtillbehör innehåller ett väggstöd för ~300 kr (ej verifierat, sidan svarar 403) — då faller hyllgaten; och frakten på 1 m stål äter marginalen",False
67.0,?,PASS,False,,,dataset(V2.1),hus,"Ladder Stabilizer for Roof, wall ladder standoff, non-slip rubber, adjustable",anliggande stege (ägd) mot husets takränna/fasad,601100243969867,https://www.temu.com/se/g-601100243969867.html,,62.0,B (dubblett),,,,,,,,"Stegproffsen (fackhandel, Wibe)",974.0,Wibe Väggstöd,974.0,,,,"Biltemas stegtillbehör innehåller ett väggstöd för ~300 kr (ej verifierat, sidan svarar 403) — då faller hyllgaten; och frakten på 1 m stål äter marginalen",False
67.0,?,PASS,False,,,dataset(V2.1),hus,"Ladder Stabilizer for Roof Gutters, Ladder Standoff, extension ladder accessories",anliggande stege (ägd) mot husets takränna/fasad,601099601260136,https://www.temu.com/se/g-601099601260136.html,,62.0,B (dubblett),,,,,,,,"Stegproffsen (fackhandel, Wibe)",974.0,Wibe Väggstöd,974.0,,,,"Biltemas stegtillbehör innehåller ett väggstöd för ~300 kr (ej verifierat, sidan svarar 403) — då faller hyllgaten; och frakten på 1 m stål äter marginalen",False
67.0,?,PASS,False,,,dataset(V2.1),hus,"Ladder Stabilizer Accessory for Roof Gutter, multiply ladder standoff, steel silver",anliggande stege (ägd) mot husets takränna/fasad,601099592830760,https://www.temu.com/se/g-601099592830760.html,,62.0,B (dubblett),,,,,,,,"Stegproffsen (fackhandel, Wibe)",974.0,Wibe Väggstöd,974.0,,,,"Biltemas stegtillbehör innehåller ett väggstöd för ~300 kr (ej verifierat, sidan svarar 403) — då faller hyllgaten; och frakten på 1 m stål äter marginalen",False
67.0,?,PASS,False,,,dataset(V2.1),hus,Ladder Stabilizer Roof Gutters Ladder Standoff Extension Ladder Accessories,anliggande stege (ägd) mot husets takränna/fasad,601100130932624,https://www.temu.com/se/g-601100130932624.html,,62.0,B (dubblett),,,,,,,,"Stegproffsen (fackhandel, Wibe)",974.0,Wibe Väggstöd,974.0,,,,"Biltemas stegtillbehör innehåller ett väggstöd för ~300 kr (ej verifierat, sidan svarar 403) — då faller hyllgaten; och frakten på 1 m stål äter marginalen",False
67.0,?,PASS,False,,,dataset(V2.1),husvagn,"Motorhome thermal windscreen screen cover wrap, blackout blinds, windshield protection, reinforced edges, windshield sha",Husbilens vindruta och sidorutor (utvändigt),601102148404312,https://www.temu.com/uk/motorhome-thermal-windscreen-screen-cover-wrap-blackout-blinds-for--windshield-protection-modern-rv-accessory-reinforced-edges-windshield-shade-outdoor--g-601102148404312.html,,62.0,B,,,,,,,,Ingen kedja (Biltema/Jula/Clas Ohlson/Rusta: 0 träffar),,Hindermann Four Seasons utvändig isolermatta (Campingtillbehör4u),1565.0,,,,Materialet är osett; ekonomin faller om Temu-priset ligger över ~330 kr; passform per chassi måste stämma exakt.,False
67.0,WARN,PASS,False,,,dataset(V2.1),jakt,"Camo hunting chest pack with binocular harness, rangefinder pocket, rain cover (Temu UK-titel ur sökträff)",Handkikare,601099566089885,https://www.temu.com/se/g-601099566089885.html,,72.0,C (strukturellt: formens pris),,,303,snippet,,,,Hylte Jakt & Lantman (fackhandel),149.0,Blaser Kikarväska med Sele HunTec Camo (Jakt och Fiskebutiken),999.0,,,,Max-On-remmen för 149 kr i fackhandeln: ser vår produkt ut som en rem och inte som en bröstväska faller prisankaret. Pris/material ej hämtade.,False
67.0,?,PASS,False,,,dataset(V2.1),pool,"Heavy duty hydraulic hot tub spa cover lift with automatic mechanism, adjustable height 30–40"", width 53–93"", underwater",Spalocket på fast spabad,601101853422243,https://www.temu.com/se/g-601101853422243.html,,62.0,C (> 1 000 kr + montering),,,,,,,,Spabadsbutiken.se / Poolkungen.se,3595.0,"Locklyft 3/4 (Spabadsbutiken 3 595–3 995 kr), Locklyft Universal (Poolkungen 3 9",3595.0,,,,Pris över 1 000 kr och skruvmontering — två negativa-rymd-flaggor samtidigt; frakt på metallarmar.,False
67.0,?,PASS,False,HARD REJECT,MARKETPLACE FAILURE,dataset(V2.1),tomt,"Heavy Duty Trash Lock with Adjustable Strap 31.5–51.2"" Animal-Proof Garbage Bin Lid Security, Windproof, Nylon Strap, No",Sopkärlet (kommunalt 140–370 l kärl vid gatan),601101587576926,https://www.temu.com/se/g-601101587576926.html,,62.0,B,,,,,,,,Biltema/Jula/Clas Ohlson/Rusta,,Smartaskydd – Lås till avfallskärl (gravitationslås),459.0,,,,"Att locket måste låsas upp varje hämtdag gör produkten till ett dagligt handgrepp — och att fyrfackskärlen (tunga lock) sällan blåser upp, så problemet är smalare än 1,9 M hushåll",False
67.0,GREEN,?,False,,,v22/fas2/tomt.json,tomt,"Fruit Picking Tool, Fruit Picking Pole With Basket, Height Adjustable",fruktplockare på teleskopstång med korg (alternativ listning),601099965739667,https://www.temu.com/se/g-601099965739667.html,,62.0,C,,PENDING_VERIFICATION,99,snippet+,14.0,,499.0,,,,,499.0,,Står du på stege för att nå äpplena?,billigast — mest prisutrymme,False
67.0,GREEN,?,False,,,v22/fas2/tomt.json,tomt,1pc Adjustable Metal Fruit Picker Pole Tool With Cushioned Basket 9.6ft/116in,fruktplockare på teleskopstång med korg (alternativ listning),601099670327285,https://www.temu.com/se/g-601099670327285.html,,62.0,C,,PENDING_VERIFICATION,13,snippet,28.0,,799.0,,,,,799.0,,Står du på stege för att nå äpplena?,"vadderad korg — skonar frukten, men kräver 799 kr för att nå 2,4x",False
67.0,?,PASS,False,,,batch1/fritidshus.json,fritidshus,Låsbar vägbom/grindbom till fritidshustomtens infart,Infarten/vägen fram till fritidshuset,601099580896887,https://www.temu.com/se/g-601099580896887.html,601099576382947 601099569121776,62.0,WATCH,,"PASS — ingen bom hittad, bara betydligt dyrare hela grindar som kan fungera som ankare PriceRunner 'grind vägbom lås fritidshus' (2 träffar): bara kompletta, LÅSTA STAKETGRINDAR (Lyfco 1795 kr, Bedly 1495 kr) — inte en bom/stolpe. WebSearch Big4 (biltema.se/jula.se/clasohlson.se/rusta.com) gav bara ",,,,,,"PriceRunner 'grind vägbom lås fritidshus' (2 träffar): bara kompletta, LÅSTA STA",,"Bedly Grind Med Lås Funktion 80x100cm (annan form: hel grind, inte bom)",1495.0,,,Stänger du av vägen till stugan?,"Ekonomin är helt overifierad, och mönstret i den här batchen (kanotställ, bryggstege) säger att skrymmande metallprodukter med hjul ofta landar över 420 kr-stoppet. Materialet (amerikanska parkeringsb",False
66.0,GREEN,WARN+ankare,False,WATCH,LISTING FAILURE,v23/present-hobby.json,present-hobby,Eldblåsare teleskopisk i rostfritt – 2-pack med fodral,"Hopfällbart blåsrör (pocket bellows) i rostfritt stål, 48 cm utdraget, riktar en luftstråle rakt i glöden utan att askan yr. För braskaminen, bålpannan och lägerelden. 2-pack (kamin + bålpanna) för att nå 249 kr. Klistermärkes-typen: universellt objekt, noll friktion, roligt att ge.",601099516094068,https://www.temu.com/1pc-blow-fire-tube-collapsible-bellows-pocket-stainless-steel-fire-manual-blowing-tube-tool-for-camping-cooking-campfire-survival-garden-tool-g-601099516094068.html,601099622663664 601099523190504 601099548283168 601105175249704,66.0,"PENDING_VERIFICATION — verifiera pris/betyg på 601099516094068 eller 2-packslistningen 601105175249704, sedan TEST i separat ABO.",,"PASS villkorat — ingen kedja har formen (Clas Ohlsons Flamman är utgången), marketplace-golv 69,90 kr/st finns men produkten är inte jämförelsehandlad. Vårt 2-pack 249 kr ligger under ankaret 419 kr för EN. Bygg inte 1-pack — det hamnar under 200 kr.",99,snippet+,2.0,,249.0,"Mylar.se 'Blåsrör för eldning' 69,90 kr/st (5- och 10-pack finns); Fruugo/Amazon",69.9,Röda Stjärnan teleskopiskt blåsrör 419 kr; Stikkan Eldverktyg Flamman (blåsbälg+,419.0,249.0,Q4 NOW + GIFT,Blåser du fortfarande på glöden?,Under 300 kr = tunn vinst (klistermärkena gav kontots minsta vinst i kronor). Enkel att kopiera. Rör med plastfodral kan se billigt ut i bild.,False
65.0,?,PASS,False,,,dataset(V2.1),bat,"Boat cover support pole system, adjustable, aluminium",Presenning över båt på trailer/bockar,603262161892743,https://www.temu.com/se/g-603262161892743.html,,60.0,ELIM,shelf,"Biltema säljer exakt samma form (teleskopisk alu-stötta med gummiändar, 91–164 cm) för 145 kr styck, dvs 290 kr för två – under vad ett 2-pack rimligen kan ta betalt med annonskostnad. Jula har samma form (Kayoba teleskopstag) och fackhandelns ankare på 439 kr är per stötta, inte per par.",,,,,,Osculati 289 kr fackhandel (PR); Biltema obekräftat,289.0,Hjertmans Teleskopstötta för båtkapell 85–150 cm,439.0,,,,dubblett av 601099584417825 med okänd variantstruktur,False
65.0,?,PASS,False,,,dataset(V2.1),bat,2 pcs boat cover support poles with webbing strap 22.8–60.1 in,Presenning över båt,601099668451164,https://www.temu.com/se/g-601099668451164.html,,60.0,ELIM,shelf,"Biltema säljer exakt samma form (teleskopisk alu-stötta med gummiändar, 91–164 cm) för 145 kr styck, dvs 290 kr för två – under vad ett 2-pack rimligen kan ta betalt med annonskostnad. Jula har samma form (Kayoba teleskopstag) och fackhandelns ankare på 439 kr är per stötta, inte per par.",,,,,,Osculati 289 kr (PR); Biltema obekräftat,289.0,Hjertmans Teleskopstötta för båtkapell 85–150 cm,439.0,,,,dubblett — ej läst,False
65.0,?,PASS,False,,,dataset(V2.1),bat,"UPF50 kayak cover, 420D waterproof, outdoor storage, grey",Kajak/kanot som ligger ute,601099616420647,https://www.temu.com/se/g-601099616420647.html,,60.0,C (överdrag + marketplace),,,,,,,,"PR: Lixada universellt kajakskydd 380–436 kr, 1 butik (marketplace) — samma form",436.0,"Eckla vägghållare för kajak och paddel (Kajaktiv), ord 705 kr",634.5,,,,ännu ett överdrag — Axel har uttryckligen bett om att inte hitta fler kapell,False
65.0,?,PASS,False,,,dataset(V2.1),djur,,bilens baksäte + hunden (jakthund/stor hund),601101953587389,https://www.temu.com/se/g-601101953587389.html,,60.0,B (dubblett),,,,,,,,PriceRunner-utdrag 'bilskydd hund baksäte': hängmatta finns överallt (Teknikprof,1167.0,PJDDP Baksätesförlängare hårdbottnad (marketplace),1167.0,,,,Dubblett — välj den med bäst video,False
65.0,?,PASS,False,,,dataset(V2.1),djur,,fågelmatarstolpen på tomten,606387388178611,https://www.temu.com/se/g-606387388178611.html,,60.0,C (< 300 + fel objekt),,,,,,,,PriceRunner 'ekorrskydd fågelmatare': ingen baffel — bara ekorrmatare (Nyby 259),,"Fyndiq – Ekorrskydd för fågelmatare, omslutande (marknadsplats, ej märkesankare)",238.0,,,,Halva publiken har mataren i ett träd — baffeln passar då inte alls,False
65.0,?,PASS,False,,,dataset(V2.1),garage,"Garage Ceiling Lift Storage Hanger, load 45 lbs — bicycles, kayaks, storage boxes, snowboards (se-en-listning)",Takboxen / cykeln / kajaken,606866444784512,https://www.temu.com/se/g-606866444784512.html,,60.0,ELIM,shelf,"Jula säljer samma form (remhiss för takbox, Hamron) för 299 kr i 75 varuhus, och Fasty Boxlift ligger på 170 kr på Pricerunner. Thule-ankaret 1 249 kr är ett märkesvarupris som inte lyfter ett Temu-alternativ över Julas 299 kr.",,,,,,Som ovan,,Thule MultiLift 572 (Pricerunner lägsta),1249.0,,,,Som ovan; 20 kg-gränsen är nära takboxens vikt — måste anges tydligt,False
65.0,?,PASS,False,,,dataset(V2.1),grasklippare,"Robotic lawnmower non-slip spikes set, metal, compatible with SA/SC/SE/R/MR/Classic/NX (Robomow?)",Robotgräsklippare (står ute hela säsongen),601100183382557,https://www.temu.com/se/g-601100183382557.html,,60.0,B,,,,,,,,Pricerunner: 'Worx Landroid S/M Halkskydd Hjulskydd Spikar' 353 kr; MTP TLDM-01 ,353.0,"Skoterdelen – Dubbar för robotgräsklippare, 40 universella spikar",539.0,,,,"Modellsplittring: en annons per märke krävs, och Temu-priset kan vara < 100 kr (≥ 300 kr blir 3×+ mot 353 kr-alternativ utan synlig skillnad)",False
65.0,?,PASS,False,,,dataset(V2.1),grasklippare,"Stainless steel robotic lawnmower spikes, wheel size 225 mm, 12 screws (Worx L / Landroid)",Robotgräsklippare (står ute hela säsongen),601099514177508,https://www.temu.com/se/g-601099514177508.html,,60.0,B,,,,,,,,Pricerunner: 'Worx Landroid S/M Halkskydd Hjulskydd Spikar' 353 kr; MTP TLDM-01 ,353.0,"Skoterdelen – Dubbar för robotgräsklippare, 40 universella spikar",539.0,,,,"Modellsplittring: en annons per märke krävs, och Temu-priset kan vara < 100 kr (≥ 300 kr blir 3×+ mot 353 kr-alternativ utan synlig skillnad)",False
65.0,?,PASS,False,,,dataset(V2.1),grasklippare,2 pcs rubber anti-slip wheels for lawn mower robot compatible with A1 (Dreame),Robotgräsklippare (står ute hela säsongen),601101022004142,https://www.temu.com/se/g-601101022004142.html,,60.0,B,,,,,,,,Pricerunner: 'Worx Landroid S/M Halkskydd Hjulskydd Spikar' 353 kr; MTP TLDM-01 ,353.0,"Skoterdelen – Dubbar för robotgräsklippare, 40 universella spikar",539.0,,,,"Modellsplittring: en annons per märke krävs, och Temu-priset kan vara < 100 kr (≥ 300 kr blir 3×+ mot 353 kr-alternativ utan synlig skillnad)",False
65.0,?,PASS,False,,,dataset(V2.1),handmaskiner,High Speed Firewood Drill Bit 42mm Screw Cone Splitter For Electric Drills Durable Carbon Steel Versatile Handles,Ved + borrmaskin (42 mm klyvkon),601099760920889,https://www.temu.com/se/g-601099760920889.html,,60.0,C (ankare under vårt pris),,,,,,,,Ingen av kedjorna ur kunskap — EJ VERIFIERAD,,Vedborr till borrmaskin med 4 skaft (CDON/Elgiganten-listning),279.0,,,,Samma som 601099512512218 — dublett-listning; välj den med bäst video,False
65.0,?,PASS,False,HARD REJECT,PRICE FAILURE,dataset(V2.1),jakt,"Adjustable lightweight hunting tree stand seat, thick foam padding, camo Oxford (ur sökträff)",Jakttornets bänk / passets sittplats,601099667428425,https://www.temu.com/se/g-601099667428425.html,,60.0,B,,,,,,,,"Hylte/Pricerunner (sittunderlag, annan form)",49.0,Carinthia Ansitsdyna Olive (Jaktmagasinet),559.0,,,,Bästa formen enligt titel (tjock skumsits + rem). Ser den ut som ett 49-kronors sittunderlag i annonsen vinner hyllan.,False
65.0,?,PASS,False,,,dataset(V2.1),jakt,Adjustable tree stand seat cushion camo lightweight for hunting and fishing (ur sökträff),Jakttornets bänk / passets sittplats,601099904892660,https://www.temu.com/se/g-601099904892660.html,,60.0,B (dubblett),,,,,,,,"Hylte/Pricerunner (sittunderlag, annan form)",49.0,Carinthia Ansitsdyna Olive (Jaktmagasinet),559.0,,,,Enklare dyna med rem. Ser den ut som ett 49-kronors sittunderlag i annonsen vinner hyllan.,False
65.0,?,PASS,False,,,dataset(V2.1),jakt,"Adjustable tree stand seat cushion camo (andra listningen, ur sökträff)",Jakttornets bänk / passets sittplats,601099744439687,https://www.temu.com/se/g-601099744439687.html,,60.0,B (dubblett),,,,,,,,"Hylte/Pricerunner (sittunderlag, annan form)",49.0,Carinthia Ansitsdyna Olive (Jaktmagasinet),559.0,,,,Dublett av 904892660 — välj den med video. Ser den ut som ett 49-kronors sittunderlag i annonsen vinner hyllan.,False
65.0,?,PASS,False,,,dataset(V2.1),jakt,"Universal tree stand seat replacement, adjustable strap, fits ladder/lock-on stands (ur sökträff)",Jakttornets bänk / passets sittplats,601099521871802,https://www.temu.com/se/g-601099521871802.html,,60.0,C,,,,,,,,"Hylte/Pricerunner (sittunderlag, annan form)",49.0,Woodline Värmesittdyna Keflavik,716.0,,,,Ersättningssits för amerikanska stands — passar svensk träbänk sämre. Ser den ut som ett 49-kronors sittunderlag i annonsen vinner hyllan.,False
65.0,?,PASS,False,,,dataset(V2.1),jakt,"Universal tree stand seat replacement, lightweight adjustable (ur sökträff)",Jakttornets bänk / passets sittplats,601099513456216,https://www.temu.com/se/g-601099513456216.html,,60.0,C,,,,,,,,"Hylte/Pricerunner (sittunderlag, annan form)",49.0,Woodline Värmesittdyna Keflavik,716.0,,,,Som ovan. Ser den ut som ett 49-kronors sittunderlag i annonsen vinner hyllan.,False
65.0,?,PASS,False,,,dataset(V2.1),jakt,"Camouflage hunting tree stand seat cushion cover with removable cover & straps, foldable stool pad (ur sökträff)",Jakttornets bänk / passets sittplats,601103482843682,https://www.temu.com/se/g-601103482843682.html,,60.0,B (dubblett),,,,,,,,"Hylte/Pricerunner (sittunderlag, annan form)",49.0,Carinthia Ansitsdyna Olive (Jaktmagasinet),559.0,,,,Överdrag + dyna. Ser den ut som ett 49-kronors sittunderlag i annonsen vinner hyllan.,False
65.0,?,PASS,False,,,dataset(V2.1),pool,"Pool filter cartridge cleaning tool, quick removal of dirt, adjustable flow cleaning wand for spa/hot tub, fits standard",Filterpatronen i ett fast spabad (rengörs varje/varannan vecka året runt),601101133629438,https://www.temu.com/se/g-601101133629438.html,,60.0,C (lågt fackhandelsankare),,,,,,,,Spabadsbutiken.se (SPA Water Wand 255 kr) / Poolkungen (Filter Flosser 590 kr),255.0,"Kuben Filtertvätt till spafilter, Kerlis",269.0,,,,Prisutrymme: fackhandeln säljer samma sak för 255 kr; Gardena-adapter måste medfölja eller förklaras.,False
65.0,GREEN,PASS,False,,,v22/fas2/djur.json,djur,"chicken coop / poultry run cover, waterproof tarp with elastic cords (engelsk slug; svensk titel ej lasbar - BLOCKED_SOU","Vinterhuv till honsgarden - formsydd presenningsvav med resarlina/bungee, tackar tak och vindsida pa en walk-in honsgard agaren redan har",601099597966532,https://www.temu.com/se/g-601099597966532.html,,55.0,C,,PASS,99,snippet+,9.0,,349.0,,,"vidaXL Honsgard med tak 2,5x6x2,25 m (kontextankare for objektet, inte for forme",5859.0,349.0,,Blaser presenningen av honsgarden?,Att formen i praktiken ar 'en presenning' - da ar den mass-commoditiserad i varje bygghandel och agaren har redan en. Och matten: agaren vet inte sin gards matt utantill (gate 7).,False
65.0,GREEN,PASS,False,,,v22/fas2/djur.json,djur,"chicken coop / poultry run cover, waterproof tarp with elastic cords (engelsk slug; svensk titel ej lasbar - BLOCKED_SOU","Vinterhuv till honsgarden - formsydd presenningsvav med resarlina/bungee, tackar tak och vindsida pa en walk-in honsgard agaren redan har",601099954702676,https://www.temu.com/se/g-601099954702676.html,,55.0,C,,PASS,99,snippet+,7.0,,300.0,,,"vidaXL Honsgard med tak 2,5x6x2,25 m (kontextankare for objektet, inte for forme",5859.0,300.0,,Blaser presenningen av honsgarden?,Att formen i praktiken ar 'en presenning' - da ar den mass-commoditiserad i varje bygghandel och agaren har redan en. Och matten: agaren vet inte sin gards matt utantill (gate 7).,False
65.0,GREEN,PASS,False,,,v22/fas2/maskiner.json,maskiner,"Two Types of Wood-Splitting wedges, Portable Outdoor, High-Hardness, Woodworking-Specific, Firewood-Cutting, Tree-Fellin","Manuellt klyvjärn / klyvkloss (Kindling Cracker-typ) - ägaren släpper vedträet i ringen och slår på det, ingen yxa som slinter",605775086907035,https://www.temu.com/se/g-605775086907035.html,,55.0,C,economics,FAIL,18,snippet,14.46,,449.0,,,Topway Bärbar Väggmonterad Vedklyvare 40 cm (PriceRunner),626.06,449.0,,Klyver du fortfarande veden med yxa?,18 lbs gjutstål: frakten är produkten. Ingen listning i formen kan komma under landad 420 kr.,False
65.0,?,PASS,False,,,v23/evergreen.json,evergreen,Däcklyftrem / hjullyfthjälp för däckbytet (koncept — ingen Temu-listning funnen),"En rem eller bygel med handtag som greppar hjulet så att ett 20–25 kg SUV-hjul lyfts med rak rygg och kan hängas på navet utan knä under däcket. Kroppslig payoff (rygg), improviserad old way (knäet), ingen känd svensk hylla. v22 garage-fordon fann samma struktur som klustrets enda överlevare men noll listningar; tre nya söksträngar i dag gav också noll (bara däckjärn, hjullyftar för Jeep och hydrauliska ramper). Konceptet håller, listningen saknas. MATERIAL: ej tillämpligt.",,,,60.0,"ALTERNATIVE_LISTING_REQUIRED — sök 'wheel lifting strap', 'tire lift assist strap', 'wheel hanger strap' när Temu-sök svarar; hittas inget: parkera som egen-produkt-idé",,"PASS (preliminärt) — hyllan verkar tom, men utan listning går formen inte att prisjämföra",,,,,399.0,Ingen svensk produkt funnen i formen (v22 garage-fordon: bara hjuldolly hydrauli,,"Hjuldolly/hjullyft fackhandel 1 500–3 000 kr (v22 garage-fordon.md, annan form)",1500.0,399.0,Q4 NOW,Byter du hjulen själv i höst?,"Formen finns kanske inte som massprodukt alls — då är det en egen-produkt-fråga, inte en Temu-fråga. Näst: säsongen är oktober–november, sedan sover den till april.",False
64.0,?,?,False,,,v22/fas2/ved-eldstad.json,ved-eldstad,"51"" timberjack log lifter, adjustable log roller cant hook, heavy duty steel log jack with grip handle",stocklyft-vandhake,601099592756087,https://www.temu.com/g-601099592756087.html,,64.0,B,,PENDING_VERIFICATION,,,,,,,,Vändhake/brytjärn i fackhandel (Oregon brytjärn hos Jula; Wood-Mizer och Bamsepr,,,,Sågar du i marken när du kapar?,"Hyllan är inte färdigverifierad: Jula har brytjärn med vändhake i samma kategori, och en kund som googlar 'vändhake' hittar fackhandeln. Dessutom okänd landad kostnad på 4–6 kg stål.",False
64.0,?,?,False,,,v22/fas2/ved-eldstad.json,ved-eldstad,"cant hook tool 48/59 in heavy duty roller, log lifter timber jack for 32 in dia logs",stocklyft-vandhake,601100230171489,https://www.temu.com/g-601100230171489.html,,64.0,C,,PENDING_VERIFICATION,,,,,,,,Vändhake/brytjärn i fackhandel (Oregon brytjärn hos Jula; Wood-Mizer och Bamsepr,,,,Sågar du i marken när du kapar?,"Hyllan är inte färdigverifierad: Jula har brytjärn med vändhake i samma kategori, och en kund som googlar 'vändhake' hittar fackhandeln. Dessutom okänd landad kostnad på 4–6 kg stål.",False
64.0,?,?,False,,,v22/fas2/ved-eldstad.json,ved-eldstad,"log lifter adjustable cant hook, heavy duty log jack for rolling and raising logs",stocklyft-vandhake,601099589337024,https://www.temu.com/g-601099589337024.html,,64.0,C,,PENDING_VERIFICATION,,,,,,,,Vändhake/brytjärn i fackhandel (Oregon brytjärn hos Jula; Wood-Mizer och Bamsepr,,,,Sågar du i marken när du kapar?,"Hyllan är inte färdigverifierad: Jula har brytjärn med vändhake i samma kategori, och en kund som googlar 'vändhake' hittar fackhandeln. Dessutom okänd landad kostnad på 4–6 kg stål.",False
64.0,?,?,False,,,v22/fas2/ved-eldstad.json,ved-eldstad,"log lifter adjustable cant hook, heavy duty log jack for farm forestry",stocklyft-vandhake,601099573408021,https://www.temu.com/g-601099573408021.html,,64.0,C,,PENDING_VERIFICATION,,,,,,,,Vändhake/brytjärn i fackhandel (Oregon brytjärn hos Jula; Wood-Mizer och Bamsepr,,,,Sågar du i marken när du kapar?,"Hyllan är inte färdigverifierad: Jula har brytjärn med vändhake i samma kategori, och en kund som googlar 'vändhake' hittar fackhandeln. Dessutom okänd landad kostnad på 4–6 kg stål.",False
63.0,?,PASS,False,,,dataset(V2.1),djur,,bilens baksäte + hunden (jakthund/stor hund),601102892618171,https://www.temu.com/se/g-601102892618171.html,,58.0,B (dubblett),,,,,,,,PriceRunner-utdrag 'bilskydd hund baksäte': hängmatta finns överallt (Teknikprof,1167.0,PJDDP Baksätesförlängare hårdbottnad (marketplace),1167.0,,,,Dubblett,False
63.0,?,PASS,False,,,dataset(V2.1),djur,,hundgården/hundkojan på tomten,601105490445990,https://www.temu.com/se/g-601105490445990.html,,58.0,B,,,,,,,,"PriceRunner-utdrag 'hundkoja isolerad': Northix plast 1 459, Trixie Natura 2 199",1459.0,Kellfri Hundkoja isolerad 4-Season,2699.0,,,,Trovärdighet: tyg + aluminiumfolie som vinterkoja åt en 30-kilos jakthund — ägaren kan tvivla utan förklaring,False
63.0,?,PASS,False,,,dataset(V2.1),hus,"17 inch Non-slip Gutter Ladder Safety Rest, durable plastic guard stabilizer for gutter protection, blue",takrännan + anliggande stege,601100198525980,https://www.temu.com/se/g-601100198525980.html,,58.0,ELIM,shelf,"Bauhaus säljer exakt formen (rännkrok i PVC-plast) för 59,95 kr styck och Plastmo-krokar ligger på 63–117 kr i fackhandeln. En byggvara som köps i multipel och måste passa rännprofilen går inte att sälja dyrare från Temu.",,,,,,,,Bauhaus Rännkrok svart 100 mm PVC,59.95,,,,Temu SE-priset är okänt; ligger 2-packet nära 360 kr blir svenskt pris ~900 kr för två plastbitar — mer än rännan är värd i kundens ögon,False
63.0,?,PASS,False,,,dataset(V2.1),hus,"2pcs 17 inch Gutter Ladder Safety Rest, non-slip gutter guard ladder stabilizer",takrännan + anliggande stege,601100858917684,https://www.temu.com/se/g-601100858917684.html,,58.0,B,,,,,,,,,,"Wibe Väggstöd (samma jobb, dyrare form)",974.0,,,,Temu SE-priset är okänt; ligger 2-packet nära 360 kr blir svenskt pris ~900 kr för två plastbitar — mer än rännan är värd i kundens ögon,False
63.0,?,PASS,False,,,dataset(V2.1),hus,"2pcs 17-inch Gutter Ladder Safety Rest non-slip gutter guard ladder stabilizer (US: $37.99, 4.8/5, 62 rec — ur Yahoo-utd",takrännan + anliggande stege,601100859729434,https://www.temu.com/se/g-601100859729434.html,,58.0,ELIM,shelf,"Bauhaus säljer exakt formen (rännkrok i PVC-plast) för 59,95 kr styck och Plastmo-krokar ligger på 63–117 kr i fackhandeln. En byggvara som köps i multipel och måste passa rännprofilen går inte att sälja dyrare från Temu.",,,,,,,,Bauhaus Rännkrok svart 100 mm PVC,59.95,,,,Temu SE-priset är okänt; ligger 2-packet nära 360 kr blir svenskt pris ~900 kr för två plastbitar — mer än rännan är värd i kundens ögon,False
63.0,?,PASS,False,,,dataset(V2.1),pool,"Hot Tub Steps, universal spa steps 23.6"" wide, outdoor/indoor, fits any hot tub shape, heavy duty anti-scratch, brown (u",Insteget till fast spabad,601099596495697,https://www.temu.com/se/g-601099596495697.html,,58.0,B,,,,,,,,Spabadsbutiken.se,1395.0,Folkpool Spatrappa Robust svart,1290.0,,,,Frakt/volym äter uppslaget; en plasttrappa för 899 kr måste se ut som ankarets 1 395-kronorstrappa.,False
63.0,?,PASS,False,,,dataset(V2.1),tomt,"Trash Lid Lock — Secure Garbage Bin Bungee Cord System, keeps out pests (ur sökutdrag)",Sopkärlet (kommunalt 140–370 l kärl vid gatan),601099601018284,https://www.temu.com/se/g-601099601018284.html,,58.0,B (dubblett),,,,,,,,Biltema/Jula/Clas Ohlson/Rusta,,Smartaskydd – Lås till avfallskärl (gravitationslås),459.0,,,,Dubblett av 601101587576926 — samma risk; bungee-formen ser mer 'improviserad' ut än remmen med spänne,False
63.0,?,PASS,False,,,dataset(V2.1),tomt,"Premium 2X Outdoor Trash Can Locks for Animals — Universal Garbage Straps, Wheelie Bin Locks (ur Temu-söksida, USD-pris ",Sopkärlet (kommunalt 140–370 l kärl vid gatan),605655280787928,https://www.temu.com/se/g-605655280787928.html,,58.0,B (dubblett),,,,,,,,Biltema/Jula/Clas Ohlson/Rusta,,Smartaskydd – Lås till avfallskärl (gravitationslås),459.0,,,,Som 601101587576926; 2-pack är dock rätt förpackning för fyrfackshushåll,False
63.0,?,PASS,False,,,v22/fas2/djur.json,djur,"folding dog ramp for car/SUV, non-slip (engelsk slug; svensk titel BLOCKED_SOURCE)",Hopfallbar hundramp till bilens baklucka - for den aldre jakthunden som inte orkar hoppa in,606564203233641,https://www.temu.com/se/g-606564203233641.html,,58.0,C,ekonomi,UNDANTAG (markesankare),,,54.0,,699.0,,,Hundramper i svensk fackhandel/marketplace (PriceRunner),1412.0,699.0,,Orkar hunden inte hoppa in langre?,"Ekonomin ar strukturellt fel: bada prissatta listningarna ($54, $69) ger landad 564-845 kr, alltsa over 420 kr-stoppet, och 2,4x hamnar over 1000 kr-taket. Detsamma galler varje aluminiumramp. Plus 'p",False
63.0,?,PASS,False,,,v22/fas2/djur.json,djur,"folding dog ramp for car/SUV, non-slip (engelsk slug; svensk titel BLOCKED_SOURCE)",Hopfallbar hundramp till bilens baklucka - for den aldre jakthunden som inte orkar hoppa in,601099620797033,https://www.temu.com/se/g-601099620797033.html,,58.0,C,,UNDANTAG (markesankare),,,,,699.0,,,Hundramper i svensk fackhandel/marketplace (PriceRunner),1412.0,699.0,,Orkar hunden inte hoppa in langre?,"Ekonomin ar strukturellt fel: bada prissatta listningarna ($54, $69) ger landad 564-845 kr, alltsa over 420 kr-stoppet, och 2,4x hamnar over 1000 kr-taket. Detsamma galler varje aluminiumramp. Plus 'p",False
63.0,?,PASS,False,,,v22/fas2/djur.json,djur,"folding dog ramp for car/SUV, non-slip (engelsk slug; svensk titel BLOCKED_SOURCE)",Hopfallbar hundramp till bilens baklucka - for den aldre jakthunden som inte orkar hoppa in,601102127035454,https://www.temu.com/se/g-601102127035454.html,,58.0,C,,UNDANTAG (markesankare),,,,,699.0,,,Hundramper i svensk fackhandel/marketplace (PriceRunner),1412.0,699.0,,Orkar hunden inte hoppa in langre?,"Ekonomin ar strukturellt fel: bada prissatta listningarna ($54, $69) ger landad 564-845 kr, alltsa over 420 kr-stoppet, och 2,4x hamnar over 1000 kr-taket. Detsamma galler varje aluminiumramp. Plus 'p",False
63.0,?,PASS,False,,,v22/fas2/djur.json,djur,"folding dog ramp for car/SUV, non-slip (engelsk slug; svensk titel BLOCKED_SOURCE)",Hopfallbar hundramp till bilens baklucka - for den aldre jakthunden som inte orkar hoppa in,601099640243814,https://www.temu.com/se/g-601099640243814.html,,58.0,C,,UNDANTAG (markesankare),,,,,699.0,,,Hundramper i svensk fackhandel/marketplace (PriceRunner),1412.0,699.0,,Orkar hunden inte hoppa in langre?,"Ekonomin ar strukturellt fel: bada prissatta listningarna ($54, $69) ger landad 564-845 kr, alltsa over 420 kr-stoppet, och 2,4x hamnar over 1000 kr-taket. Detsamma galler varje aluminiumramp. Plus 'p",False
63.0,?,PASS,False,,,v22/fas2/djur.json,djur,"folding dog ramp for car/SUV, non-slip (engelsk slug; svensk titel BLOCKED_SOURCE)",Hopfallbar hundramp till bilens baklucka - for den aldre jakthunden som inte orkar hoppa in,601099585040066,https://www.temu.com/se/g-601099585040066.html,,58.0,C,,UNDANTAG (markesankare),,,,,699.0,,,Hundramper i svensk fackhandel/marketplace (PriceRunner),1412.0,699.0,,Orkar hunden inte hoppa in langre?,"Ekonomin ar strukturellt fel: bada prissatta listningarna ($54, $69) ger landad 564-845 kr, alltsa over 420 kr-stoppet, och 2,4x hamnar over 1000 kr-taket. Detsamma galler varje aluminiumramp. Plus 'p",False
63.0,?,PASS,False,,,v22/fas2/djur.json,djur,"folding dog ramp for car/SUV, non-slip (engelsk slug; svensk titel BLOCKED_SOURCE)",Hopfallbar hundramp till bilens baklucka - for den aldre jakthunden som inte orkar hoppa in,601099579132884,https://www.temu.com/se/g-601099579132884.html,,58.0,C,,UNDANTAG (markesankare),,,,,699.0,,,Hundramper i svensk fackhandel/marketplace (PriceRunner),1412.0,699.0,,Orkar hunden inte hoppa in langre?,"Ekonomin ar strukturellt fel: bada prissatta listningarna ($54, $69) ger landad 564-845 kr, alltsa over 420 kr-stoppet, och 2,4x hamnar over 1000 kr-taket. Detsamma galler varje aluminiumramp. Plus 'p",False
63.0,?,PASS,False,,,v22/fas2/djur.json,djur,"folding dog ramp for car/SUV, non-slip (engelsk slug; svensk titel BLOCKED_SOURCE)",Hopfallbar hundramp till bilens baklucka - for den aldre jakthunden som inte orkar hoppa in,601099584080683,https://www.temu.com/se/g-601099584080683.html,,58.0,C,,UNDANTAG (markesankare),,,,,699.0,,,Hundramper i svensk fackhandel/marketplace (PriceRunner),1412.0,699.0,,Orkar hunden inte hoppa in langre?,"Ekonomin ar strukturellt fel: bada prissatta listningarna ($54, $69) ger landad 564-845 kr, alltsa over 420 kr-stoppet, och 2,4x hamnar over 1000 kr-taket. Detsamma galler varje aluminiumramp. Plus 'p",False
63.0,?,PASS,False,,,v22/fas2/djur.json,djur,"folding dog ramp for car/SUV, non-slip (engelsk slug; svensk titel BLOCKED_SOURCE)",Hopfallbar hundramp till bilens baklucka - for den aldre jakthunden som inte orkar hoppa in,601099519755195,https://www.temu.com/se/g-601099519755195.html,,58.0,C,,UNDANTAG (markesankare),,,,,699.0,,,Hundramper i svensk fackhandel/marketplace (PriceRunner),1412.0,699.0,,Orkar hunden inte hoppa in langre?,"Ekonomin ar strukturellt fel: bada prissatta listningarna ($54, $69) ger landad 564-845 kr, alltsa over 420 kr-stoppet, och 2,4x hamnar over 1000 kr-taket. Detsamma galler varje aluminiumramp. Plus 'p",False
63.0,?,PASS,False,,,v22/fas2/djur.json,djur,"folding dog ramp for car/SUV, non-slip (engelsk slug; svensk titel BLOCKED_SOURCE)",Hopfallbar hundramp till bilens baklucka - for den aldre jakthunden som inte orkar hoppa in,601103159160743,https://www.temu.com/se/g-601103159160743.html,,58.0,C,,UNDANTAG (markesankare),,,,,699.0,,,Hundramper i svensk fackhandel/marketplace (PriceRunner),1412.0,699.0,,Orkar hunden inte hoppa in langre?,"Ekonomin ar strukturellt fel: bada prissatta listningarna ($54, $69) ger landad 564-845 kr, alltsa over 420 kr-stoppet, och 2,4x hamnar over 1000 kr-taket. Detsamma galler varje aluminiumramp. Plus 'p",False
63.0,GREEN,?,False,,,v22/fas2/tomt.json,tomt,"Birdhouse Pole 60–102 Inch Tall Bird Feeder Pole For Outside, Heavy Duty Adjustable, 5-Prong Windproof Stake",fågelmatarstolpe med 5-benad vindsäker markfot,601100065845749,https://www.temu.com/se/g-601100065845749.html,,58.0,C,,PENDING_VERIFICATION,99,snippet+,18.0,,499.0,,,,,499.0,,Kommer katten åt din fågelmatare?,"Objektet är samma som det redan fällda ekorrbaffel-konceptet, och kategorin bearbetas redan av nordiska dropshippers. Uppslaget 2,27–2,66x vid 499 kr håller bara i den låga landad-änden.",False
62.0,GREEN,PASS,False,,,v22/fas2/jakt.json,jakt,"Ultra absorbent striped dog bathrobe, quick dry soft polyester/nylon pet towel with adjustable waistband",Torkrock till jakthunden,601099574621568,https://www.temu.com/se/g-601099574621568.html,,52.0,C,,PENDING_VERIFICATION,99,snippet+,4.0,,349.0,,,"Siccaro torkrock 645-1 849 kr, Rukka 349-539 kr (fackhandel/zoohandel). Ingen bi",645.0,349.0,,Ar hunden blot och lerig efter drevet?,"Ekonomin och ankaret haller (Siccaro 645-1 849 kr mot ett 349-pris), men hyllan ar jamforelsehandlad och listningarnas material ar zoo-estetik, inte jakt. Alla fyra id:n star redan i kanda-goods-id.tx",False
62.0,GREEN,PASS,False,,,v22/fas2/jakt.json,jakt,"Dog bathrobe, quick drying dog coat, post-bath robe, absorbent dog drying towel, for small to large dogs",Torkrock till jakthunden,601100302415687,https://www.temu.com/se/g-601100302415687.html,,52.0,C,,PENDING_VERIFICATION,62,snippet,8.0,,349.0,,,"Siccaro torkrock 645-1 849 kr, Rukka 349-539 kr (fackhandel/zoohandel). Ingen bi",645.0,349.0,,Ar hunden blot och lerig efter drevet?,"Ekonomin och ankaret haller (Siccaro 645-1 849 kr mot ett 349-pris), men hyllan ar jamforelsehandlad och listningarnas material ar zoo-estetik, inte jakt. Alla fyra id:n star redan i kanda-goods-id.tx",False
62.0,GREEN,PASS,False,,,v22/fas2/jakt.json,jakt,"Quick dry dog bath robe towel wrap, ultra absorbent, adjustable closure, for small/medium/large dogs",Torkrock till jakthunden,601102028678747,https://www.temu.com/se/g-601102028678747.html,,52.0,C,,PENDING_VERIFICATION,99,snippet+,5.0,,349.0,,,"Siccaro torkrock 645-1 849 kr, Rukka 349-539 kr (fackhandel/zoohandel). Ingen bi",645.0,349.0,,Ar hunden blot och lerig efter drevet?,"Ekonomin och ankaret haller (Siccaro 645-1 849 kr mot ett 349-pris), men hyllan ar jamforelsehandlad och listningarnas material ar zoo-estetik, inte jakt. Alla fyra id:n star redan i kanda-goods-id.tx",False
62.0,GREEN,PASS,False,,,v22/fas2/jakt.json,jakt,"Ultra bathrobe for small/medium dogs and cats, lightweight design with safety closure, fleece lined",Torkrock till jakthunden,601101956531898,https://www.temu.com/se/g-601101956531898.html,,52.0,C,,PENDING_VERIFICATION,99,snippet+,4.0,,349.0,,,"Siccaro torkrock 645-1 849 kr, Rukka 349-539 kr (fackhandel/zoohandel). Ingen bi",645.0,349.0,,Ar hunden blot och lerig efter drevet?,"Ekonomin och ankaret haller (Siccaro 645-1 849 kr mot ett 349-pris), men hyllan ar jamforelsehandlad och listningarnas material ar zoo-estetik, inte jakt. Alla fyra id:n star redan i kanda-goods-id.tx",False
62.0,GREEN,PASS,False,,,v22/fas2/djur.json,djur,"dog run / kennel cover, waterproof outdoor (engelsk slug; svensk titel BLOCKED_SOURCE)","Regn-/vinterhuv till hundgarden - samma formsydda vav, hundagaren pa landet",601099955262126,https://www.temu.com/se/g-601099955262126.html,,52.0,C,ekonomi,PASS,99,snippet+,49.0,,1399.0,,,vidaXL Hundgard for utomhusbruk med tak 300x300x200 cm,11769.0,1399.0,,Star hunden i regn i hundgarden?,De listningar som gick att prissatta ar for dyra (landad > 420 kr). Konceptet haller - listningen inte. ALTERNATIVE_LISTING_REQUIRED.,False
62.0,?,?,False,,,v22/fas2/maskiner.json,maskiner,"4pcs firewood log splitter drill bits removable cones, hex + round 32mm",Klyvkon till borrmaskinen (REDAN AVGJORD - listas bara för dubblettspårning),601099546924368,https://www.temu.com/se/g-601099546924368.html,,62.0,ELIM,redan-avgjord,UNKNOWN,,,,,,,,,,,,Klyver du fortfarande ved med yxa?,Står på uppdragets förbudslista - får inte föreslås. Nya listnings-id noteras enbart så att kön inte hämtar dubbletter.,False
62.0,?,?,False,,,v22/fas2/maskiner.json,maskiner,5pcs/6pcs drill firewood 32mm/42mm wood splitter log removable drill bit set,Klyvkon till borrmaskinen (REDAN AVGJORD - listas bara för dubblettspårning),601099538184672,https://www.temu.com/se/g-601099538184672.html,,62.0,ELIM,redan-avgjord,UNKNOWN,,,,,,,,,,,,Klyver du fortfarande ved med yxa?,Står på uppdragets förbudslista - får inte föreslås. Nya listnings-id noteras enbart så att kön inte hämtar dubbletter.,False
62.0,?,?,False,,,v22/fas2/maskiner.json,maskiner,"4pcs firewood log splitter drill bit removable cones, hex/square/round 4.5cm",Klyvkon till borrmaskinen (REDAN AVGJORD - listas bara för dubblettspårning),601099536985506,https://www.temu.com/se/g-601099536985506.html,,62.0,ELIM,redan-avgjord,UNKNOWN,,,,,,,,,,,,Klyver du fortfarande ved med yxa?,Står på uppdragets förbudslista - får inte föreslås. Nya listnings-id noteras enbart så att kön inte hämtar dubbletter.,False
62.0,?,?,False,,,v22/fas2/maskiner.json,maskiner,"4-8pcs firewood log splitter drill bit removable, carbon steel cones screw with hex shank",Klyvkon till borrmaskinen (REDAN AVGJORD - listas bara för dubblettspårning),601099531294448,https://www.temu.com/se/g-601099531294448.html,,62.0,ELIM,redan-avgjord,UNKNOWN,,,,,,,,,,,,Klyver du fortfarande ved med yxa?,Står på uppdragets förbudslista - får inte föreslås. Nya listnings-id noteras enbart så att kön inte hämtar dubbletter.,False
62.0,?,?,False,,,v22/fas2/maskiner.json,maskiner,2pcs firewood log splitter 32mm 42mm high carbon steel wood log drill bit with hex shank titanium coated,Klyvkon till borrmaskinen (REDAN AVGJORD - listas bara för dubblettspårning),601099548048919,https://www.temu.com/se/g-601099548048919.html,,62.0,ELIM,redan-avgjord,UNKNOWN,,,,,,,,,,,,Klyver du fortfarande ved med yxa?,Står på uppdragets förbudslista - får inte föreslås. Nya listnings-id noteras enbart så att kön inte hämtar dubbletter.,False
62.0,?,?,False,,,v22/fas2/tomt.json,tomt,13.8ft Adjustable Stainless Steel Telescopic Fruit Picking Pole With Cloth Basket,fruktplockare på teleskopstång med korg (alternativ listning),601102887759172,https://www.temu.com/se/g-601102887759172.html,,62.0,C,,PENDING_VERIFICATION,,,22.0,,599.0,,,,,599.0,,Står du på stege för att nå äpplena?,"längst räckvidd (4,2 m)",False
62.0,GREEN,?,False,HARD REJECT,MARKETPLACE FAILURE,v22/fas2/tomt.json,tomt,"1pc/2pcs Heavy Duty Spring Loaded 4 Inch Rubber Gate Wheel, 250–500 lbs Loading Capacity",fjädrande stödhjul till tung trägrind,601102369829095,https://www.temu.com/se/g-601102369829095.html,,57.0,C,,PENDING_VERIFICATION,14,snippet,18.0,,549.0,"nej i kedjorna, ja i fackhandeln",,VOSS.farming stödhjul till gårdsgrind (Lantkompaniet); 'Stödhjul för grind mediu,,549.0,,Släpar grinden i marken när du öppnar?,"Ägarpresens 1, inte 2: friktionen är kronisk och han har levt med den i fem år utan att göra något. Det är precis vad som skiljer en vinnare (grön tank i augusti) från en förlorare.",False
62.0,GREEN,PASS,False,HARD REJECT,MARKETPLACE FAILURE,v23/evergreen.json,evergreen,"Underredestvätt på hjul för högtryckstvätt (4 munstycken, 3 förlängningsrör)","Ett lågt stålhuvud på hjul med fyra 40°-munstycken som rullas in under bilen och spolar bort salt och lera utan att ligga på marken. Objektet (högtryckstvätten) äger nästan varje villa; bilen står ute; friktionen är vinterns salt. Formen skiljer sig synligt från Biltemas böjda underspolningsrör. Men fackhandeln har hjulformen för 679–749 kr, vilket är UNDER vad ekonomin kräver — ankaret pekar åt fel håll. MATERIAL: BLOCKED_SOURCE — produktsidan får inte hämtas i den här körningen (huvudsessionen håller hämtbudgeten); vad titeln antyder står i concept-fältet. Titlar ('4000 PSI', '16 inch water broom') antyder katalogfoto, tum-mått = variantvarning.",601099532135433,https://www.temu.com/g-601099532135433.html,601099521321459 601099517314191 601099595837503 601103095826149 601099662710594 601099638369486,52.0,"FAIL (ankarläge) — väcks bara av en listning ≤ 18 USD med bruksvideo, och då som 499 kr-produkt mot 679-ankaret (1,36×, fortfarande under 1,6)",,"FAIL på ankarläget — kedjan saknar hjulformen, men två svenska fackhandlare säljer exakt formen för 679–749 kr. Ett Temu-pris ≥ 25 USD ger 2,4×-pris ≥ 626–734 kr = ingen marginal mot 679. Ankaret måste vara ≥ 1,6× vårt pris; här är det ≈ 1,0×.",26,snippet,,,599.0,"Autodude 'Dr Dirt Undercarriage Washer, snabbkoppling' — SAMMA FORM (4×40° munst",679.0,Bilvårdsbutiken 'Underredstvätt Alpha 4X QR' 749 kr (samma form); XtremeClean un,749.0,599.0,OCTOBER,Spolar du aldrig under bilen?,679 kr hos Autodude på första googlingen av 'underredestvätt'. Näst: payoffen (ingen rost om fem år) syns inte.,False
61.0,GREEN,?,False,,,v22/fas2/djur.json,djur,"heavy duty fence/farm gate wheel, adjustable U-bolt, anti-sagging caster (engelsk slug; svensk titel BLOCKED_SOURCE)",Stodhjul till grinden - hjul med U-bygel som bar upp en hangande grind sa den gar att oppna i lera,601100011207973,https://www.temu.com/se/g-601100011207973.html,,56.0,C,ekonomi,PENDING_VERIFICATION,12,snippet,45.0,,1299.0,,,"Stodhjul for grind kraftig (Djurgardens Ridsport, hastfackhandel)",,1299.0,,Slapar grinden i leran?,"Bada listningarna med pris ($45 och $85) landar over 420 kr = over 1000 kr-taket. Konceptet haller, listningarna inte - de billiga varianterna saknar prisuppgift. ALTERNATIVE_LISTING_REQUIRED.",False
61.0,?,?,False,,,v22/fas2/hus.json,hus,"5/10/20pcs Solar Panel Guard Clips, Bird Critter Guard Fastener Clips, Clamp for Mesh to Solar Panels, Animal Guard Kit,",fagelskydd-solceller,601099523143416,https://www.temu.com/se/g-601099523143416.html,,61.0,C,shelf,FAIL,,,,,,,,"Skadedjursbutiken Fågelskyddskit för Solceller 15,5 cm x 30 meter",,,,Har du duvor under solpanelerna?,"Amazon.se har samma form. Om Axel andå vill köra den krävs ett SYNLIGT märkesankare >= 1,6x vart pris (skadedjursfirmans installationspris eller Skadedjursbutikens kitpris) — det priset är inte hämtat",False
61.0,?,?,False,,,v22/fas2/hus.json,hus,"100ft Solar Panel Bird Wire Mesh Guard Kit, Proofing Pigeons, Pest Clips, Net 6 inch",fagelskydd-solceller,601099973389379,https://www.temu.com/se/g-601099973389379.html,,61.0,C,shelf,FAIL,,,,,899.0,,,"Skadedjursbutiken Fågelskyddskit för Solceller 15,5 cm x 30 meter",,899.0,,Har du duvor under solpanelerna?,"Amazon.se har samma form. Om Axel andå vill köra den krävs ett SYNLIGT märkesankare >= 1,6x vart pris (skadedjursfirmans installationspris eller Skadedjursbutikens kitpris) — det priset är inte hämtat",False
61.0,?,?,False,,,v22/fas2/hus.json,hus,"Solar Proofing Bird Mesh 6in x 100ft, Solar Panel Wire Mesh Roll + Clip Kit, 70 Fixing Clips, Bird Proofing for Protecti",fagelskydd-solceller,601099717311899,https://www.temu.com/se/g-601099717311899.html,,61.0,C,shelf,FAIL,,,,,899.0,,,"Skadedjursbutiken Fågelskyddskit för Solceller 15,5 cm x 30 meter",,899.0,,Har du duvor under solpanelerna?,"Amazon.se har samma form. Om Axel andå vill köra den krävs ett SYNLIGT märkesankare >= 1,6x vart pris (skadedjursfirmans installationspris eller Skadedjursbutikens kitpris) — det priset är inte hämtat",False
61.0,?,?,False,,,v22/fas2/hus.json,hus,"Solar Panel Bird Mesh Guard, PVC Coated Galvanized Steel Wire, Protects Solar Panels from Birds, + Hook Set",fagelskydd-solceller,601100476979313,https://www.temu.com/se/g-601100476979313.html,,61.0,C,shelf,FAIL,,,,,,,,"Skadedjursbutiken Fågelskyddskit för Solceller 15,5 cm x 30 meter",,,,Har du duvor under solpanelerna?,"Amazon.se har samma form. Om Axel andå vill köra den krävs ett SYNLIGT märkesankare >= 1,6x vart pris (skadedjursfirmans installationspris eller Skadedjursbutikens kitpris) — det priset är inte hämtat",False
61.0,?,?,False,,,v22/fas2/hus.json,hus,"100ft Solar Panel Bird Wire Mesh Guard Kit, Pigeon Bird Proofing Clips, Net 6in (UK)",fagelskydd-solceller,601100262707288,https://www.temu.com/se/g-601100262707288.html,,61.0,C,shelf,FAIL,,,,,,,,"Skadedjursbutiken Fågelskyddskit för Solceller 15,5 cm x 30 meter",,,,Har du duvor under solpanelerna?,"Amazon.se har samma form. Om Axel andå vill köra den krävs ett SYNLIGT märkesankare >= 1,6x vart pris (skadedjursfirmans installationspris eller Skadedjursbutikens kitpris) — det priset är inte hämtat",False
61.0,?,?,False,,,v22/fas2/hus.json,hus,"Black 30.5m / 100ft Solar Panel PVC Coated Galvanized Steel Mesh, Squirrel Guard, Protects Solar Panels from Birds and R",fagelskydd-solceller,601099644927733,https://www.temu.com/se/g-601099644927733.html,,61.0,C,shelf,FAIL,,,,,,,,"Skadedjursbutiken Fågelskyddskit för Solceller 15,5 cm x 30 meter",,,,Har du duvor under solpanelerna?,"Amazon.se har samma form. Om Axel andå vill köra den krävs ett SYNLIGT märkesankare >= 1,6x vart pris (skadedjursfirmans installationspris eller Skadedjursbutikens kitpris) — det priset är inte hämtat",False
61.0,?,?,False,,,v22/fas2/hus.json,hus,"Solar Panel Bird and Squirrel Protection, 6in x 100ft PVC Coated Mesh Roll with 70 Stainless Steel Fasteners",fagelskydd-solceller,601099900923773,https://www.temu.com/se/g-601099900923773.html,,61.0,C,shelf,FAIL,,,,,,,,"Skadedjursbutiken Fågelskyddskit för Solceller 15,5 cm x 30 meter",,,,Har du duvor under solpanelerna?,"Amazon.se har samma form. Om Axel andå vill köra den krävs ett SYNLIGT märkesankare >= 1,6x vart pris (skadedjursfirmans installationspris eller Skadedjursbutikens kitpris) — det priset är inte hämtat",False
60.0,?,PASS,False,,,dataset(V2.1),bat,"Outboard motor support / transom saver wedge, fits 3 trim-tilt systems",Utombordare med power-trim på trailerbåt,601100312972322,https://www.temu.com/se/g-601100312972322.html,,55.0,C (latent behov),,,,,,,,"Osculati Transportstöd för utombordare 50–80 cm 539 kr, 1 butik (PR) — annan for",539.0,"Attwood Transom Saver (UMS Boat, 58–89 cm)",749.0,,,,behovet är latent: få svenska ägare vet att trimmen tar stryk under transport → agitation krävs,False
60.0,?,PASS,False,,,dataset(V2.1),bat,"Adjustable 1.1 m boat trailer guide poles, galvanized, PVC sleeves, pair",Båttrailer vid rampen,601102184182476,https://www.temu.com/se/g-601102184182476.html,,55.0,B,,,,,,,,"PR: VEVOR båttrailerstyrningar 651–1 048 kr (marketplace, 1 butik); Biltema/Jula",750.0,VEVOR Båttrailerstyrningar 700–1050 mm 2 st (Pricerunner),850.0,,,,"montering med bultar + skrymmande frakt (1,1 m) — landad kostnad kan spräcka 1,5×-antagandet",False
60.0,?,PASS,False,,,dataset(V2.1),djur,,bilens baksäte + hunden (jakthund/stor hund),601102889652570,https://www.temu.com/se/g-601102889652570.html,,55.0,B (dubblett),,,,,,,,PriceRunner-utdrag 'bilskydd hund baksäte': hängmatta finns överallt (Teknikprof,1167.0,PJDDP Baksätesförlängare hårdbottnad (marketplace),1167.0,,,,Pickup-format (USA) — passform mot svenska kombis osäker,False
60.0,?,PASS,False,,,dataset(V2.1),djur,,bilens baksäte + hunden (jakthund/stor hund),606051709617623,https://www.temu.com/se/g-606051709617623.html,,55.0,B (dubblett),,,,,,,,PriceRunner-utdrag 'bilskydd hund baksäte': hängmatta finns överallt (Teknikprof,1167.0,PJDDP Baksätesförlängare hårdbottnad (marketplace),1167.0,,,,Dubblett; 'medium' i titeln → storleksvariant?,False
60.0,GREEN,PASS,False,,,v22/fas2/djur.json,djur,(engelsk slug; svensk titel BLOCKED_SOURCE),"Automatisk honslucka, solcell (redan kand + avgjord)",601100041729214,https://www.temu.com/se/g-601100041729214.html,,50.0,ELIM,redan avgjord,FAIL,13,snippet,48.0,,799.0,,,Kerbl automatisk honslucka,1899.0,799.0,,Vem stanger honsluckan i morkret?,Redan kant goods-id och redan avgjort koncept.,False
60.0,GREEN,PASS,False,,,v22/fas2/djur.json,djur,(engelsk slug; svensk titel BLOCKED_SOURCE),"Automatisk honslucka, solcell/pivot (redan kand + avgjord)",601100784585507,https://www.temu.com/se/g-601100784585507.html,,50.0,ELIM,redan avgjord,FAIL,56,snippet,60.0,,799.0,,,Kerbl automatisk honslucka,1899.0,799.0,,Vem stanger honsluckan i morkret?,Redan kant goods-id och redan avgjort koncept.,False
60.0,?,PASS,False,,,dataset(V2.1),garage,"EV Charger Cable Retractor, wall-mounted retractable cable reel, heavy duty, cables up to 0.63 in / 1622 mm",Laddkabeln (5–7 m Typ 2) mellan laddbox och bil,601103644234234,https://www.temu.com/se/g-601103644234234.html,,55.0,ELIM,shelf,"Laddportsskyddet i exakt samma magnetform säljs av Clas Ohlson för 169 kr och Elgiganten för 129 kr (ord. 209). Laddkabelhållaren finns hos Clas Ohlson 199 kr, Kjell 299,90 kr och Deltaco från 65 kr på Pricerunner — ingen synlig ankare ≥1,6× över kedjepriset.",,,,,,"Briklas.se (Mavel EV-Reel, fackhandel, med egen kabel)",,Kjell & Company Väggfäste för laddkabel Typ 2,299.9,,,,Priset: en vinda som klarar 7 m grov kabel kostar sannolikt > 1 000 kr i butik; montering + kabelträdning kräver förklaring,False
60.0,?,PASS,False,,,dataset(V2.1),pool,"1pc Hot Tub Cover Strap Set for heavy duty bath tub cover fixation, no electricity required (ur söktitel)",Spalocket (spännband över locket vid storm),601099592127596,https://www.temu.com/se/g-601099592127596.html,,55.0,C (generisk old way ∧ < 300),,,,,,,,Spabadsbutiken.se (Stormband),359.0,Stormband (Spabadsbutiken),359.0,,,,Generiska spännband för 79 kr gör samma jobb — bara flerköp och material kan bära den.,False
60.0,?,PASS,False,,,dataset(V2.1),pool,"36"" wide spa step, universal fit, deluxe spa hot tub with storage compartment, 2 steps, black/brown plastic (ur söktitel",Insteget till fast spabad,603097879412135,https://www.temu.com/se/g-603097879412135.html,,55.0,B (dubblett),,,,,,,,Spabadsbutiken.se,1395.0,Folkpool Spatrappa Robust svart,1290.0,,,,Frakt.,False
60.0,GREEN,?,False,,,dataset(V2.1),vatten,"90-graders böj IBC Ton * Filter Cap med inbyggd filternät, 165mm regnvattenfilterlock för utomhus trädgårdsvattenförsörj",IBC-tank (1000 l) med regnvatten från stuprör,601100120365485,https://www.temu.com/se/g-601100120365485.html,,55.0,C,economics,,31,snippet,,259.37,934,UNKNOWN,,,,,,,Priset: 259 kr på Temu ger inget prisutrymme under 900 kr; hitta billigare listning (samma form finns troligen för ~100 kr) innan den kan bli B.,False
60.0,GREEN,?,False,,,dataset(V2.1),vatten,"2st Utvändiga Kranskydd För Vintern, Förtjockat Utomhuskranskydd, Stort Isolerat Skydd Utomhus Kranskydd För Vintern Frå",Utekran på husväggen,601099530394801,https://www.temu.com/se/g-601099530394801.html,,55.0,"C (omtest, inte ny produkt)",,,11,snippet,,38.09,137,"bygghandel (kranskydd finns, enligt förlorare-analysen)",,,,,,,"REDAN TESTAD (Kranskydd Frost 420D: 7 416 kr / 28 köp / ROAS 1,59 mot BE 1,49, pausad). Detta är ett OMTEST i rätt månad (oktober), inte en ny produkt. Risk: bygghandelns kranskydd för 49–99 kr.",False
60.0,?,?,False,,,dataset(V2.1),vatten,"Kapler pond garden cover dome net 14x11ft for leaves/fish/winter, zipper + stakes",Trädgårdsdamm,601099601980879,https://www.temu.com/se/g-601099601980879.html,,60.0,B,,,,,,,,fackhandel (Oase/Pontec dammnät via Hornbach/Bauhaus/zoo) enligt minne; ingen av,,Oase AquaNet dammnät (obekräftat),,,,,Storleksvarianter + om Temu-priset ligger över ~200 kr blir uppslaget för litet.,False
60.0,?,PASS,False,,,dataset(V2.1),vatten,"45 cm pond water pump anti-blocking mesh bag, drawstring (se-en-listning)",Dammpumpen (dränkbar),601099537193860,https://www.temu.com/se/g-601099537193860.html,,55.0,C (< 300 + osynligt objekt),,,,,,,,"fackhandel (Oase pumpkorg/pumpsäck, obekräftat minne)",,Oase Pumpskydd (Vattenliv),329.0,,,,En nätpåse för ~50 kr är svår att sälja för 299 kr; payoffen (pumpen slutar stoppa) är fördröjd.,False
60.0,?,?,False,,,dataset(V2.1),ved,"Tändvedsklyv i stål, enkelblad",veden,601099610405543,https://www.temu.com/se/g-601099610405543.html,,60.0,C,,,,,,,,UNKNOWN,,,,,,,Samma kategori som #10 — välj den med bäst leverantörsvideo när Temu går att läsa.,False
60.0,?,PASS,False,,,v22/fas2/bat.json,bat,"5W solar powered roof vent fan, metal shell, no battery, up to 238 sq ft — sheds/chicken coops/greenhouses/cabins",solcellsdriven-ventilation-vinterforvarad-bat,601099699520443,https://www.temu.com/se/g-601099699520443.html,,55.0,B,,PASS (ankarundantaget),,,,,,,,Seatec solcellsventilator rostfri kåpa Ø191 mm (billigaste marina i svensk kanal,1249.0,,,Luktar båten mögel varje vår?,"Presensgaten: skadan ligger i vinterhalvåret, precis som kranskyddet som föll. Dessutom är ingen av de funna listningarna den marina runda däcksventilatorn som ankaret ser ut som.",False
60.0,?,PASS,False,,,v22/fas2/bat.json,bat,"10W 12V solar powered exhaust fan for round pipe, ventilation fan kit for attics/greenhouses/RVs/boats",solcellsdriven-ventilation-vinterforvarad-bat,601099624855365,https://www.temu.com/se/g-601099624855365.html,,55.0,B,,PASS (ankarundantaget),,,,,,,,Seatec solcellsventilator rostfri kåpa Ø191 mm (billigaste marina i svensk kanal,1249.0,,,Luktar båten mögel varje vår?,"Presensgaten: skadan ligger i vinterhalvåret, precis som kranskyddet som föll. Dessutom är ingen av de funna listningarna den marina runda däcksventilatorn som ankaret ser ut som.",False
60.0,?,PASS,False,,,v22/fas2/bat.json,bat,"2-pack solar powered RV ceiling vent fan, ABS, waterproof, for RV/marine/shed/trailer (Google-titel)",solcellsdriven-ventilation-vinterforvarad-bat,601099738026028,https://www.temu.com/se/g-601099738026028.html,,55.0,B,,PASS (ankarundantaget),,,,,,,,Seatec solcellsventilator rostfri kåpa Ø191 mm (billigaste marina i svensk kanal,1249.0,,,Luktar båten mögel varje vår?,"Presensgaten: skadan ligger i vinterhalvåret, precis som kranskyddet som föll. Dessutom är ingen av de funna listningarna den marina runda däcksventilatorn som ankaret ser ut som.",False
60.0,?,PASS,False,,,v22/fas2/bat.json,bat,"Solar powered car air vent cool fan, auto cooler ventilation exhaust fan",solcellsdriven-ventilation-vinterforvarad-bat,601099521976797,https://www.temu.com/se/g-601099521976797.html,,55.0,B,,PASS (ankarundantaget),,,,,,,,Seatec solcellsventilator rostfri kåpa Ø191 mm (billigaste marina i svensk kanal,1249.0,,,Luktar båten mögel varje vår?,"Presensgaten: skadan ligger i vinterhalvåret, precis som kranskyddet som föll. Dessutom är ingen av de funna listningarna den marina runda däcksventilatorn som ankaret ser ut som.",False
60.0,GREEN,PASS,False,,,v22/fas2/bat.json,bat,Oversize Bimini Top Storage Boot Cover,bimini-forvaringsoverdrag,607430897443167,https://www.temu.com/se/g-607430897443167.html,,50.0,C,,PENDING_VERIFICATION,0,snippet,29.48,,849.0,,,Svensk kanal säljer själva biminin (vidaXL/VEVOR båtkapell 1 203–3 428 kr på Pri,1203.0,849.0,,Har du soltak på båten?,"Bimini är en amerikansk båtform; hur många svenska hushåll som har en bimini att förvara är overifierat, och 849 kr ger bara 2,35× på den dyra landningen.",False
60,?,PASS,False,,,v22/fas2/bat.json,bat,"Adjustable Trailer Dolly, boat trailer dolly, 1200 lbs, carbon steel, 19-27.5 in",trailerflyttare-for-hand,601099611097919,https://www.temu.com/se/g-601099611097919.html,,,ELIM,shelf,FAIL,,,,,,,,vidaXL Motoriserat stödhjul trailer 12V 3 369 kr; vidaXL stödhjul med klämma 987,987.0,,,Svårt att flytta båttrailern på tomten?,Stål och frakt spräcker både taket och uppslaget.,False
60,?,PASS,False,,,v22/fas2/bat.json,bat,"1500 lbs Trailer Dolly, carbon steel, 24-35 in, 16 in solid tires, 2 in hitch ball",trailerflyttare-for-hand,601099580692166,https://www.temu.com/se/g-601099580692166.html,,,ELIM,shelf,FAIL,,,,,,,,vidaXL Motoriserat stödhjul trailer 12V 3 369 kr; vidaXL stödhjul med klämma 987,987.0,,,Svårt att flytta båttrailern på tomten?,Stål och frakt spräcker både taket och uppslaget.,False
60,?,PASS,False,,,v22/fas2/bat.json,bat,Goplus 600 lbs Utility Trailer Mover Hitch Boat/Jet Ski/Camper Hand Dolly,trailerflyttare-for-hand,601099576247057,https://www.temu.com/se/g-601099576247057.html,,,ELIM,shelf,FAIL,,,,,,,,vidaXL Motoriserat stödhjul trailer 12V 3 369 kr; vidaXL stödhjul med klämma 987,987.0,,,Svårt att flytta båttrailern på tomten?,Stål och frakt spräcker både taket och uppslaget.,False
60,?,PASS,False,,,v22/fas2/bat.json,bat,"Electric trailer dolly 5000 lbs, 350W 12V",trailerflyttare-for-hand,601099968737701,https://www.temu.com/se/g-601099968737701.html,,,ELIM,shelf,FAIL,,,,,,,,vidaXL Motoriserat stödhjul trailer 12V 3 369 kr; vidaXL stödhjul med klämma 987,987.0,,,Svårt att flytta båttrailern på tomten?,Stål och frakt spräcker både taket och uppslaget.,False
60,?,PASS,False,,,v22/fas2/bat.json,bat,"Electric trailer dolly 5500 lbs, 380W 12V",trailerflyttare-for-hand,606303099437289,https://www.temu.com/se/g-606303099437289.html,,,ELIM,shelf,FAIL,,,,,,,,vidaXL Motoriserat stödhjul trailer 12V 3 369 kr; vidaXL stödhjul med klämma 987,987.0,,,Svårt att flytta båttrailern på tomten?,Stål och frakt spräcker både taket och uppslaget.,False
60,?,PASS,False,,,v22/fas2/bat.json,bat,Aluminum motorized jockey wheel trailer mover 12V 350W,trailerflyttare-for-hand,601099605690934,https://www.temu.com/se/g-601099605690934.html,,,ELIM,shelf,FAIL,,,,,,,,vidaXL Motoriserat stödhjul trailer 12V 3 369 kr; vidaXL stödhjul med klämma 987,987.0,,,Svårt att flytta båttrailern på tomten?,Stål och frakt spräcker både taket och uppslaget.,False
60,?,PASS,False,,,v22/fas2/bat.json,bat,15W solar trickle charger maintainer with MPPT controller for car/RV/boat/marine,solcells-underhallsladdare-batbatteri,602852596533926,https://www.temu.com/se/g-602852596533926.html,,,ELIM,shelf,FAIL,,,,,,,,"Bil 12V batteriladdare solpanel 396,55 kr; 12W laddarkit 279,99 kr; 12V 5,5W sol",279.0,,,Är båtbatteriet dött varje vår?,Priskrig mot 280-kronorspaneler.,False
60,?,PASS,False,,,v22/fas2/bat.json,bat,"12V 25W solar battery charger maintainer, portable panel, SAE cables",solcells-underhallsladdare-batbatteri,601099604841749,https://www.temu.com/se/g-601099604841749.html,,,ELIM,shelf,FAIL,,,,,,,,"Bil 12V batteriladdare solpanel 396,55 kr; 12W laddarkit 279,99 kr; 12V 5,5W sol",279.0,,,Är båtbatteriet dött varje vår?,Priskrig mot 280-kronorspaneler.,False
60,?,PASS,False,,,v22/fas2/bat.json,bat,20W solar panel 12V trickle charger kit for RV/boat battery maintenance,solcells-underhallsladdare-batbatteri,601099591486412,https://www.temu.com/se/g-601099591486412.html,,,ELIM,shelf,FAIL,,,,,,,,"Bil 12V batteriladdare solpanel 396,55 kr; 12W laddarkit 279,99 kr; 12V 5,5W sol",279.0,,,Är båtbatteriet dött varje vår?,Priskrig mot 280-kronorspaneler.,False
60,?,PASS,False,,,v22/fas2/bat.json,bat,Solar battery trickle charger maintainer 12V portable kit,solcells-underhallsladdare-batbatteri,601099645919958,https://www.temu.com/se/g-601099645919958.html,,,ELIM,shelf,FAIL,,,,,,,,"Bil 12V batteriladdare solpanel 396,55 kr; 12W laddarkit 279,99 kr; 12V 5,5W sol",279.0,,,Är båtbatteriet dött varje vår?,Priskrig mot 280-kronorspaneler.,False
60,GREEN,?,False,,,v22/fas2/bat.json,bat,Waterproof gray kayak cover,kapell-och-overdrag-bat-kajak,601099988170240,https://www.temu.com/se/g-601099988170240.html,,,ELIM,shelf,FAIL,0,snippet,16.63,,453,,,"Biltema Båtuppläggning: båtöverdrag, båtpresenning, båtstöttor, täckställning (f",,,,,Redan testad kategori i kontot och Biltemas kärnsortiment.,False
60,GREEN,?,False,,,v22/fas2/bat.json,bat,Gray waterproof kayak cover,kapell-och-overdrag-bat-kajak,601100259303834,https://www.temu.com/se/g-601100259303834.html,,,ELIM,shelf,FAIL,2,snippet,14.97,,407,,,"Biltema Båtuppläggning: båtöverdrag, båtpresenning, båtstöttor, täckställning (f",,,,,Redan testad kategori i kontot och Biltemas kärnsortiment.,False
60,GREEN,?,False,,,v22/fas2/bat.json,bat,Oxford cloth kayak dust cover,kapell-och-overdrag-bat-kajak,601099638462699,https://www.temu.com/se/g-601099638462699.html,,,ELIM,shelf,FAIL,47,snippet,25.72,,700,,,"Biltema Båtuppläggning: båtöverdrag, båtpresenning, båtstöttor, täckställning (f",,,,,Redan testad kategori i kontot och Biltemas kärnsortiment.,False
60,GREEN,?,False,,,v22/fas2/bat.json,bat,Kayak cover 210D thicken waterproof,kapell-och-overdrag-bat-kajak,603269678113942,https://www.temu.com/se/g-603269678113942.html,,,ELIM,shelf,FAIL,17,snippet,14.1,,384,,,"Biltema Båtuppläggning: båtöverdrag, båtpresenning, båtstöttor, täckställning (f",,,,,Redan testad kategori i kontot och Biltemas kärnsortiment.,False
60,GREEN,?,False,,,v22/fas2/bat.json,bat,420D oxford cloth kayak cockpit cover,kapell-och-overdrag-bat-kajak,601100376433772,https://www.temu.com/se/g-601100376433772.html,,,ELIM,shelf,FAIL,6,snippet,17.52,,477,,,"Biltema Båtuppläggning: båtöverdrag, båtpresenning, båtstöttor, täckställning (f",,,,,Redan testad kategori i kontot och Biltemas kärnsortiment.,False
60,GREEN,?,False,,,v22/fas2/bat.json,bat,Kayak cover with bag,kapell-och-overdrag-bat-kajak,607184003898156,https://www.temu.com/se/g-607184003898156.html,,,ELIM,shelf,FAIL,0,snippet,10.3,,280,,,"Biltema Båtuppläggning: båtöverdrag, båtpresenning, båtstöttor, täckställning (f",,,,,Redan testad kategori i kontot och Biltemas kärnsortiment.,False
60,GREEN,?,False,,,v22/fas2/bat.json,bat,46x40x45 inch boat cover,kapell-och-overdrag-bat-kajak,601105243949931,https://www.temu.com/se/g-601105243949931.html,,,ELIM,shelf,FAIL,0,snippet,15.12,,412,,,"Biltema Båtuppläggning: båtöverdrag, båtpresenning, båtstöttor, täckställning (f",,,,,Redan testad kategori i kontot och Biltemas kärnsortiment.,False
60,GREEN,?,False,,,v22/fas2/bat.json,bat,600D boat motor covers,kapell-och-overdrag-bat-kajak,602352702605124,https://www.temu.com/se/g-602352702605124.html,,,ELIM,shelf,FAIL,2,snippet,10.17,,277,,,"Biltema Båtuppläggning: båtöverdrag, båtpresenning, båtstöttor, täckställning (f",,,,,Redan testad kategori i kontot och Biltemas kärnsortiment.,False
60,GREEN,?,False,,,v22/fas2/bat.json,bat,Marine engine covers,kapell-och-overdrag-bat-kajak,607672556435462,https://www.temu.com/se/g-607672556435462.html,,,ELIM,shelf,FAIL,0,snippet,16.01,,436,,,"Biltema Båtuppläggning: båtöverdrag, båtpresenning, båtstöttor, täckställning (f",,,,,Redan testad kategori i kontot och Biltemas kärnsortiment.,False
60,GREEN,?,False,,,v22/fas2/bat.json,bat,Outdoor inflatable boat sunshade canopy,kapell-och-overdrag-bat-kajak,606376650766625,https://www.temu.com/se/g-606376650766625.html,,,ELIM,shelf,FAIL,13,snippet,42.4,,1154,,,"Biltema Båtuppläggning: båtöverdrag, båtpresenning, båtstöttor, täckställning (f",,,,,Redan testad kategori i kontot och Biltemas kärnsortiment.,False
60,GREEN,?,False,,,v22/fas2/bat.json,bat,Yacht sunshade canopy,kapell-och-overdrag-bat-kajak,605881320230542,https://www.temu.com/se/g-605881320230542.html,,,ELIM,shelf,FAIL,2,snippet,48.66,,1324,,,"Biltema Båtuppläggning: båtöverdrag, båtpresenning, båtstöttor, täckställning (f",,,,,Redan testad kategori i kontot och Biltemas kärnsortiment.,False
60,GREEN,?,False,,,v22/fas2/bat.json,bat,Yacht anti-collision ball cover (fenderöverdrag),fenderoverdrag,601101786729460,https://www.temu.com/se/g-601101786729460.html,,,ELIM,shelf,FAIL,5,snippet,7.12,,194,,,,,,,,"Osculati fenderöverdrag 99–169 kr i svensk kanal — samma form, lägre pris.",False
60.0,?,PASS,False,,,v22/fas2/djur.json,djur,"chicken coop / poultry run cover, waterproof tarp with elastic cords (engelsk slug; svensk titel ej lasbar - BLOCKED_SOU","Vinterhuv till honsgarden - formsydd presenningsvav med resarlina/bungee, tackar tak och vindsida pa en walk-in honsgard agaren redan har",601099581620228,https://www.temu.com/se/g-601099581620228.html,,55.0,C,,PASS,,,,,,,,"vidaXL Honsgard med tak 2,5x6x2,25 m (kontextankare for objektet, inte for forme",5859.0,,,Blaser presenningen av honsgarden?,Att formen i praktiken ar 'en presenning' - da ar den mass-commoditiserad i varje bygghandel och agaren har redan en. Och matten: agaren vet inte sin gards matt utantill (gate 7).,False
60.0,?,PASS,False,,,v22/fas2/djur.json,djur,"chicken coop / poultry run cover, waterproof tarp with elastic cords (engelsk slug; svensk titel ej lasbar - BLOCKED_SOU","Vinterhuv till honsgarden - formsydd presenningsvav med resarlina/bungee, tackar tak och vindsida pa en walk-in honsgard agaren redan har",601105232550028,https://www.temu.com/se/g-601105232550028.html,,55.0,C,,PASS,,,,,,,,"vidaXL Honsgard med tak 2,5x6x2,25 m (kontextankare for objektet, inte for forme",5859.0,,,Blaser presenningen av honsgarden?,Att formen i praktiken ar 'en presenning' - da ar den mass-commoditiserad i varje bygghandel och agaren har redan en. Och matten: agaren vet inte sin gards matt utantill (gate 7).,False
60.0,GREEN,PASS,False,,,v22/fas2/djur.json,djur,(engelsk slug; svensk titel BLOCKED_SOURCE),Automatisk honslucka (redan avgjord i systemet),601099605787702,https://www.temu.com/se/g-601099605787702.html,,50.0,ELIM,redan avgjord,FAIL,99,snippet+,43.0,,799.0,,,Kerbl automatisk honslucka (Granngarden),1899.0,799.0,,Vem stanger honsluckan i morkret?,Konceptet ar redan fallt i systemet (montering + strom + forklaring). Tas inte upp igen.,False
60,GREEN,?,False,,,v22/fas2/husvagn-mc.json,husvagn-mc,2 4 pack rv stabilizer jack pads anti slip rubber scissor jack pads,uppstallningsstod,601100423741698,https://www.temu.com/se/g-601100423741698.html,,,ELIM,shelf,FAIL,55,snippet,27.0,,735,"Biltema saljer stodbensfotter och Jula plattor — samma form, verifierat i forra ",,,,,,,"Biltema saljer stodbensfotter och Jula plattor — samma form, verifierat i forra korningens hyllkontroll (jakt/husvagn.md, gate 3).",False
60,GREEN,?,False,,,v22/fas2/husvagn-mc.json,husvagn-mc,wheel chocks for trailers 2pcs 4pcs hard plastic rv wheel chocks with handles,uppstallningsstod,601103678409139,https://www.temu.com/se/g-601103678409139.html,,,ELIM,shelf,FAIL,99,snippet+,8.0,,218,Hjulkilar finns hos bade Biltema och Jula under 100 kr (forra korningen).,,,,,,,Hjulkilar finns hos bade Biltema och Jula under 100 kr (forra korningen).,False
60,GREEN,?,False,,,v22/fas2/husvagn-mc.json,husvagn-mc,20w 12v solar panel kit solar battery trickle charger maintainer smart mppt controller,batteriunderhall-uppstalld,605951365077695,https://www.temu.com/se/g-605951365077695.html,,,ELIM,shelf,FAIL,56,snippet,30.0,,816,Samma hylla.,,,,,,,Samma hylla.,False
60.0,OK,PASS,False,,,v22/fas2/maskiner.json,maskiner,"Splitter XL, One-Piece Log Splitter, Heavy Duty Firewood Splitter, Dia. 10.2 inch, 18 Lbs","Manuellt klyvjärn / klyvkloss (Kindling Cracker-typ) - ägaren släpper vedträet i ringen och slår på det, ingen yxa som slinter",601099811562065,https://www.temu.com/se/g-601099811562065.html,,55.0,C,economics,FAIL,192,snippet,51.81,,999.0,,,Topway Bärbar Väggmonterad Vedklyvare 40 cm (PriceRunner),626.06,999.0,,Klyver du fortfarande veden med yxa?,18 lbs gjutstål: frakten är produkten. Ingen listning i formen kan komma under landad 420 kr.,False
60.0,?,PASS,False,,,v22/fas2/maskiner.json,maskiner,10 x 14.5 inch Splitter XL 9lbs heavy duty firewood splitter cast steel manual log splitter with unique half ring design,"Manuellt klyvjärn / klyvkloss (Kindling Cracker-typ) - ägaren släpper vedträet i ringen och slår på det, ingen yxa som slinter",601099561039096,https://www.temu.com/se/g-601099561039096.html,,55.0,C,economics,FAIL,,,,,799.0,,,Topway Bärbar Väggmonterad Vedklyvare 40 cm (PriceRunner),626.06,799.0,,Klyver du fortfarande veden med yxa?,18 lbs gjutstål: frakten är produkten. Ingen listning i formen kan komma under landad 420 kr.,False
60.0,?,PASS,False,,,v22/fas2/maskiner.json,maskiner,"1pc firewood kindling splitter camping wood chopping rack, manual log splitter wedge","Manuellt klyvjärn / klyvkloss (Kindling Cracker-typ) - ägaren släpper vedträet i ringen och slår på det, ingen yxa som slinter",601099538449820,https://www.temu.com/se/g-601099538449820.html,,55.0,C,economics,FAIL,,,,,449.0,,,Topway Bärbar Väggmonterad Vedklyvare 40 cm (PriceRunner),626.06,449.0,,Klyver du fortfarande veden med yxa?,18 lbs gjutstål: frakten är produkten. Ingen listning i formen kan komma under landad 420 kr.,False
60.0,?,PASS,False,HARD REJECT,AUDIENCE FAILURE,v23/dolda-parlor.json,dolda-parlor,"Väderskydd/regnöverdrag till studsmatta (rund, 305–427 cm)","Vattentätt överdrag med dräneringshål som dras över hoppmattan och kantskyddet i oktober så att löv, regn och is inte ligger på mattan hela vintern. Alternativet är att montera ned studsmattan (två man, en eftermiddag) eller låta den stå.",606235185274302,https://www.temu.com/se/g-606235185274302.html,601101986595225,55.0,WATCH — kolla Rusta/Biltema/Jula i butik på 'väderskydd studsmatta' och Amazon.se-golvet; hämta 606235185274302 när Temu svarar och läs tygvikten. Test bara om kedjan är tom och listningen är ≥ 200 g/m².,,"PENDING_VERIFICATION: fackhandelsankare 729–1 299 kr = 1,8–3,3× vid 399. Kedjorna (Biltema/Jula i butik) och marketplace-golvet måste läsas — studsmattetillbehör är Rustas hemmaplan.",,,7.76,,399.0,"Kedjor: Rusta säljer nät/stege/förankring (inget väderskydd sett), Biltema 'Till",,Salta väderskydd 366 cm 729 kr / 427 cm 849 kr; EXIT Premium väderskydd 366/427 ,729.0,399.0,OCTOBER,Ligger löven på studsmattan?,"Målgruppen: barnfamiljen är inte kontots publik, och 'köpt old way som funkar ∧ jämförelsehandlad' (presenningen) är en förlorarmarkör. Näst: Rusta/Biltema kan ha ett väderskydd för 299 kr i butik som",False
60.0,?,PASS,False,REJECT-INTRESSANT,PRICE FAILURE,v23/present-hobby.json,present-hobby,"Täljkit kåsa & sked – täljkniv, skedkniv, lindämnen i trälåda","Nybörjarkit för att tälja kåsa/sked: 3–4 knivar (tälj-, detalj-, skedkniv), lindträämnen, skärhandske, slipstropp i trälåda eller knivrulle. Svensk slöjdidentitet (Mora, kåsa vid elden). Vinterhobby vid köksbordet, present till 'han som sitter vid elden'.",601099528972078,https://www.temu.com/whittling-wood-carving-kit-for-beginners-6-in1-chip-carving-knife-kit-wood-carving-tools-for-spoon-bowl-cup-kuksa-diy-craft-woodworking-hobby-kits-for-kids-and-adults-gift-set-for--g-601099528972078.html,601099586409116 601099600070484 601099516356267,55.0,PENDING_VERIFICATION — läs Temu-pris + Clas Ohlson-kitets pris. PASS ≤ 17 USD vid 499 kr.,,"PASS villkorat — märkesankare 1,2–1,6× vid 499 kr och vår låda ser ut som ankaret (trälåda, samma knivuppsättning). Kedjegolvet (Clas Ohlson Morakniv-kit, Amazon-kit) är oläst: läs priset före launch. Om Clas ligger ≤ 299 kr med Morakniv-namn faller vi.",,,,,499.0,"Amazon.se Eli täljset (10 delar, barn/nybörjare) — pris oläst; Clas Ohlson Täljk",,BeaverCraft Täljkit i trälåda (Knivbutik.se) 799 kr; BeaverCraft S43 kåsa/sked-k,799.0,499.0,BLACK WEEK / GIFT,Har han alltid velat tälja en kåsa?,"Metas annonspolicy för knivar (hobbyknivar tillåtna, men granskning kan stoppa creatives). Objektet används inomhus (negativ rymd) — bärs av presentklockan. Kvalitet på stålet i Temu-kit (recensioner ",False
59.0,GREEN,?,False,,,v22/fas2/hus.json,hus,"Large Waterproof Outdoor Electrical Box with Lockable Lid, Heavy Duty, 7 Cable Entry Panel, UV Resistant Plastic Housing",utomhus-elbox-sladdskarv,601102831921599,https://www.temu.com/se/g-601102831921599.html,,54.0,B,,PENDING_VERIFICATION,88,snippet,24.0,,749.0,,,,,749.0,,Ligger dina utesladdar i löven?,Behovet är latent. Ägaren har redan löst det med en plastpåse och tycker inte att det är ett problem förrän något smäller — och objektet är för generiskt för att Meta ska hitta ägaren på bilden.,False
58.0,?,?,False,,,dataset(V2.1),ved,"Eldstadsöverdrag runt 28–48 tum, vattentätt (endast överdrag)",eldstaden/fire pit på altanen,601099522402371,https://www.temu.com/se/g-601099522402371.html,,58.0,C,,,,,,,,UNKNOWN,,,,,,,"Storleken i tum + att Jula/Rusta har samma form. Lärorik: presens och objekt är perfekta, men variant + hylla fäller.",False
58.0,GREEN,PASS,False,,,v22/fas2/garage-fordon.json,garage-fordon,"Carbon Fiber Car Door Sill Protector Tape, 3D Anti-Scratch Film for SUV/Truck Doors and Bumpers, 2 Rolls",Skydd över bakre stötfångarkanten när ägaren lastar bakluckan,601103783622808,https://www.temu.com/se/g-601103783622808.html,,48.0,C,economics,FAIL,10,snippet,5.0,,136,,,"Carlevel 'Lastskydd / stötfångarskydd' (modellanpassat, rostfritt/kolfiber)",599.0,,,Repar du lacken när du lastar bakluckan?,Ankaret 599–1 499 kr är modellanpassad rostfri plåt — vår produkt skulle vara en gummiflärp och ser alltså inte ut som ankaret (DNA:ts villkor för hyllundantaget). De listningar som finns är 3–7-dolla,False
58.0,GREEN,PASS,False,,,v22/fas2/garage-fordon.json,garage-fordon,"Universal Car Bumper Guard Strip, Anti-Scratch Trunk Sill Protector, Rubber Molded Mat, Door Sill Cover",Skydd över bakre stötfångarkanten när ägaren lastar bakluckan,606583044070656,https://www.temu.com/se/g-606583044070656.html,,48.0,C,economics,FAIL,25,snippet,3.0,,82,,,"Carlevel 'Lastskydd / stötfångarskydd' (modellanpassat, rostfritt/kolfiber)",599.0,,,Repar du lacken när du lastar bakluckan?,Ankaret 599–1 499 kr är modellanpassad rostfri plåt — vår produkt skulle vara en gummiflärp och ser alltså inte ut som ankaret (DNA:ts villkor för hyllundantaget). De listningar som finns är 3–7-dolla,False
58.0,GREEN,PASS,False,,,v22/fas2/garage-fordon.json,garage-fordon,"Universal Rear Bumper Protection Sticker for Cars, Covers Sill with Rubber Strips and Anti-Scratch Pads",Skydd över bakre stötfångarkanten när ägaren lastar bakluckan,601099518905378,https://www.temu.com/se/g-601099518905378.html,,48.0,C,economics,FAIL,99,snippet+,7.0,,191,,,"Carlevel 'Lastskydd / stötfångarskydd' (modellanpassat, rostfritt/kolfiber)",599.0,,,Repar du lacken när du lastar bakluckan?,Ankaret 599–1 499 kr är modellanpassad rostfri plåt — vår produkt skulle vara en gummiflärp och ser alltså inte ut som ankaret (DNA:ts villkor för hyllundantaget). De listningar som finns är 3–7-dolla,False
58.0,?,?,False,,,v22/fas2/ved-eldstad.json,ved-eldstad,"1pc chiminea cover heavy duty water resistant, woven polyester, H 101,6 cm / topp 27,94 cm / botten 60,96 cm (SE-titel: ",utekamin-overdrag,601099532324656,https://www.temu.com/g-601099532324656.html,,58.0,C,,PENDING_VERIFICATION,,,,,,,,,,,,Står regnvatten i eldkorgen nu?,Varianten. Måtten står i tum och gäller amerikanska chimineas; svenska eldkorgar har andra diametrar → returer.,False
58.0,?,?,False,,,v22/fas2/ved-eldstad.json,ved-eldstad,"chiminea cover / patio heater cover / patio fire pit cover, green 210D polyester",utekamin-overdrag,601099593941189,https://www.temu.com/g-601099593941189.html,,58.0,C,,PENDING_VERIFICATION,,,,,,,,,,,,Står regnvatten i eldkorgen nu?,Varianten. Måtten står i tum och gäller amerikanska chimineas; svenska eldkorgar har andra diametrar → returer.,False
58.0,?,?,False,,,v22/fas2/ved-eldstad.json,ved-eldstad,"durable waterproof outdoor chiminea cover, 20-32 cm x 60,96 cm x 48",utekamin-overdrag,601099623120121,https://www.temu.com/g-601099623120121.html,,58.0,C,,PENDING_VERIFICATION,,,,,,,,,,,,Står regnvatten i eldkorgen nu?,Varianten. Måtten står i tum och gäller amerikanska chimineas; svenska eldkorgar har andra diametrar → returer.,False
58.0,?,?,False,,,v22/fas2/ved-eldstad.json,ved-eldstad,"1pc chiminea cover heavy duty water-resistant weatherproof woven polyester, large, black",utekamin-overdrag,601099533843924,https://www.temu.com/g-601099533843924.html,,58.0,C,,PENDING_VERIFICATION,,,,,,,,,,,,Står regnvatten i eldkorgen nu?,Varianten. Måtten står i tum och gäller amerikanska chimineas; svenska eldkorgar har andra diametrar → returer.,False
58.0,?,?,False,,,v22/fas2/ved-eldstad.json,ved-eldstad,"1pc patio fire pit cover, waterproof breathable heavy duty, anti-UV och rivtåligt",utekamin-overdrag,601099514861082,https://www.temu.com/g-601099514861082.html,,58.0,C,,PENDING_VERIFICATION,,,,,,,,,,,,Står regnvatten i eldkorgen nu?,Varianten. Måtten står i tum och gäller amerikanska chimineas; svenska eldkorgar har andra diametrar → returer.,False
58.0,?,?,False,,,v23/dolda-parlor.json,dolda-parlor,Hjullyftrem / bärhandtag för vinterhjul (däckbytet),Rem med handtag som läggs runt ett komplett hjul (20–25 kg) så att det bärs från förrådet till bilen och lyfts mot navet med rak rygg och båda händerna. Däckbytet sker okt–nov = akut nu.,,,601099646596011,58.0,"ALTERNATIVE_LISTING_REQUIRED — en sista sökrunda på 'tire carrying strap', 'wheel lifting belt handle', 'tyre tote handle'; noll igen → FAIL strukturellt (formen finns inte).",,PENDING_VERIFICATION,,,,,349.0,Ej kontrollerad (ingen listning att jämföra mot). Biltema/Jula säljer hjulstege ,,UNKNOWN,,349.0,Q4 NOW,Lyfter du vinterhjulen med ryggen?,"Att formen inte existerar på Temu för att den inte behövs: ett hjul har redan ett grepp (fälgens hål), och Thansen-styrpinnen (89,95 kr) löser navproblemet billigare. Näst: däcken förvaras inomhus (ne",False
57.0,?,PASS,False,,,dataset(V2.1),jakt,"Outdoor heated multi-purpose seat cushion, 3-mode USB, Oxford cloth (ur sökträff)",Sittplatsen i tornet/passet,601099898313877,https://www.temu.com/se/g-601099898313877.html,,52.0,C (commodity),,,,,,,,"Pricerunner (USB-värmedyna, commodity)",155.0,"Hunter Heat Värmedyna (Jakt.se, rek. 599)",569.0,,,,Commodity-formen (155 kr) syns i samma flöde; utan Woodline-look ingen prismarginal.,False
57.0,?,PASS,False,,,dataset(V2.1),jakt,"Portable folding heated seat cushion, 3 levels, USB, waterproof polyester (ur sökträff)",Sittplatsen i tornet/passet,601099772450298,https://www.temu.com/se/g-601099772450298.html,,52.0,C (commodity),,,,,,,,"Pricerunner (USB-värmedyna, commodity)",155.0,"Hunter Heat Värmedyna (Jakt.se, rek. 599)",569.0,,,,Commodity-formen (155 kr) syns i samma flöde; utan Woodline-look ingen prismarginal.,False
57.0,?,PASS,False,,,v22/fas2/djur.json,djur,"dog run / kennel cover, waterproof outdoor (engelsk slug; svensk titel BLOCKED_SOURCE)","Regn-/vinterhuv till hundgarden - samma formsydda vav, hundagaren pa landet",601099527634155,https://www.temu.com/se/g-601099527634155.html,,52.0,C,,PASS,,,,,499.0,,,vidaXL Hundgard for utomhusbruk med tak 300x300x200 cm,11769.0,499.0,,Star hunden i regn i hundgarden?,De listningar som gick att prissatta ar for dyra (landad > 420 kr). Konceptet haller - listningen inte. ALTERNATIVE_LISTING_REQUIRED.,False
57.0,GREEN,?,False,REJECT-INTRESSANT,AUDIENCE FAILURE,v23/dolda-parlor.json,dolda-parlor,Solcellsbelysning med timer till hönshuset (dagsljusförlängning för värpning),Solcellslampa med separat panel och timer som ger hönsen 14 h 'dagsljus' i hönshuset från oktober så att värpningen inte upphör. Mörkret är exakt friktionen: värpningen faller när dagen blir kortare än ~12 h.,601100057690236,https://www.temu.com/se/g-601100057690236.html,601099605787702 601100784585507,52.0,"WATCH — samma villkor som hönsgårdshuven: testas bara som andra produkt mot samma köpare, eller om publiken kan bevisas > 100 000. Korrigera samtidigt djur.json (id:t är en lampa, inte en skrämma).",,"PASS på formen (ingen svensk hönshuslampa) men SVAGT — produkten ÄR en generisk solcellslampa med timer, och den kategorin är kedjornas (Biltema/Jula/Clas 199–399 kr). Ankarundantaget gäller inte åt vårt håll.",99,snippet+,13.0,,399.0,Ingen svensk hönshuslampa funnen (Granngården: kunskapsartikel utan produkt; Skå,,Generiska solcellslampor med separat panel: Biltema/Jula/Clas/Kjell 199–499 kr (,,399.0,Q4 NOW,Har hönsen slutat värpa?,"Publiken är under 100 000 och produkten är en generisk solcellslampa som Biltema säljer för 199 kr under annat namn — 'hönshuslampa' är en positionering, inte en form. Näst: 6 h vintersol laddar inte ",False
57.0,?,PASS,False,,,v22/fas2/garage-fordon.json,garage-fordon,"4pcs M12x1.25 / M12x1.5 / M14x1.25 / M14x1.5 Wheel Alignment Pin, Wheel Hanger Rim Stud Bolt Nut Tool for Changing Tires",Styrpinne/monteringsstift som skruvas i navet så hjulet kan hängas upp och centreras vid däckbytet,601099580856152,https://www.temu.com/se/g-601099580856152.html,,52.0,C,variant,FAIL,,,,,299.0,,,"Thansen 'Styrpinne för däckbyte M12x1,50' (även Motonet M14x1,5)",89.95,299.0,,Byter du hjulen själv i höst?,"Ankaret är 89,95 kr styck i svensk fackhandel — 300 kr går inte att ta. Och gängan är exakt den 'parameter ägaren måste mäta' som DNA:t pekar ut som farlig (mot motorhöljets hk, som han kan utantill).",False
57.0,?,PASS,False,,,v22/fas2/garage-fordon.json,garage-fordon,"Black Wheel Hangers Alignment Pin Guide Tool 12x1.5 / 14x1.25, Positioning Pin Dowel Mounting Guide Bolt",Styrpinne/monteringsstift som skruvas i navet så hjulet kan hängas upp och centreras vid däckbytet,601099519333198,https://www.temu.com/se/g-601099519333198.html,,52.0,C,variant,FAIL,,,,,299.0,,,"Thansen 'Styrpinne för däckbyte M12x1,50' (även Motonet M14x1,5)",89.95,299.0,,Byter du hjulen själv i höst?,"Ankaret är 89,95 kr styck i svensk fackhandel — 300 kr går inte att ta. Och gängan är exakt den 'parameter ägaren måste mäta' som DNA:t pekar ut som farlig (mot motorhöljets hk, som han kan utantill).",False
57.0,?,PASS,False,,,v22/fas2/garage-fordon.json,garage-fordon,"Wheel Hanger Pin Set 3pcs Pack, Wheel Stud Alignment Guide Tool M14 x P1.5, Wheel Stud Pilot Pin",Styrpinne/monteringsstift som skruvas i navet så hjulet kan hängas upp och centreras vid däckbytet,601099597196695,https://www.temu.com/se/g-601099597196695.html,,52.0,C,variant,FAIL,,,,,299.0,,,"Thansen 'Styrpinne för däckbyte M12x1,50' (även Motonet M14x1,5)",89.95,299.0,,Byter du hjulen själv i höst?,"Ankaret är 89,95 kr styck i svensk fackhandel — 300 kr går inte att ta. Och gängan är exakt den 'parameter ägaren måste mäta' som DNA:t pekar ut som farlig (mot motorhöljets hk, som han kan utantill).",False
57.0,?,PASS,False,,,v22/fas2/garage-fordon.json,garage-fordon,"Wheel Alignment Pin M14x1.5 / M12x1.5 Wheel Hanger Rim Bolt Guide Pin, Stainless Steel",Styrpinne/monteringsstift som skruvas i navet så hjulet kan hängas upp och centreras vid däckbytet,601099516729546,https://www.temu.com/se/g-601099516729546.html,,52.0,C,variant,FAIL,,,,,299.0,,,"Thansen 'Styrpinne för däckbyte M12x1,50' (även Motonet M14x1,5)",89.95,299.0,,Byter du hjulen själv i höst?,"Ankaret är 89,95 kr styck i svensk fackhandel — 300 kr går inte att ta. Och gängan är exakt den 'parameter ägaren måste mäta' som DNA:t pekar ut som farlig (mot motorhöljets hk, som han kan utantill).",False
57.0,?,PASS,False,,,v22/fas2/garage-fordon.json,garage-fordon,"8pcs Set Wheel Stud Alignment Pin Set, Steel Alloy Fixed Alignment Tool M14x1.5/1.25, M12x1.5/1.25",Styrpinne/monteringsstift som skruvas i navet så hjulet kan hängas upp och centreras vid däckbytet,601099537008204,https://www.temu.com/se/g-601099537008204.html,,52.0,C,variant,FAIL,,,,,299.0,,,"Thansen 'Styrpinne för däckbyte M12x1,50' (även Motonet M14x1,5)",89.95,299.0,,Byter du hjulen själv i höst?,"Ankaret är 89,95 kr styck i svensk fackhandel — 300 kr går inte att ta. Och gängan är exakt den 'parameter ägaren måste mäta' som DNA:t pekar ut som farlig (mot motorhöljets hk, som han kan utantill).",False
57.0,?,PASS,False,,,v22/fas2/garage-fordon.json,garage-fordon,"8pcs Universal Wheel Stud Alignment Pins, Automotive Wheel Hanger Positioning Guide Tool Set for Cars with Lug Bolts",Styrpinne/monteringsstift som skruvas i navet så hjulet kan hängas upp och centreras vid däckbytet,601099572766116,https://www.temu.com/se/g-601099572766116.html,,52.0,C,variant,FAIL,,,,,299.0,,,"Thansen 'Styrpinne för däckbyte M12x1,50' (även Motonet M14x1,5)",89.95,299.0,,Byter du hjulen själv i höst?,"Ankaret är 89,95 kr styck i svensk fackhandel — 300 kr går inte att ta. Och gängan är exakt den 'parameter ägaren måste mäta' som DNA:t pekar ut som farlig (mot motorhöljets hk, som han kan utantill).",False
57.0,GREEN,?,False,,,v22/fas2/tomt.json,tomt,Outdoor 1pc 73 Inch Bird Feeder Pole Heavy Duty Shepherd's Hook With 5-Prong Base,fågelmatarstolpe (alternativ listning),605990036540200,https://www.temu.com/se/g-605990036540200.html,,52.0,C,,PENDING_VERIFICATION,42,snippet,14.0,,399.0,,,,,399.0,,Kommer katten åt din fågelmatare?,"Betyg 4,0–4,4 är lägst bland kandidaterna — kvalitetsrisk på en produkt som ska stå ute hela vintern.",False
57.0,GREEN,?,False,,,v22/fas2/tomt.json,tomt,"Bird House Pole Adjustable 60–102 Inch, 5-Prong Windproof Stake With Mounting",fågelmatarstolpe (alternativ listning),601101052027566,https://www.temu.com/se/g-601101052027566.html,,52.0,C,,PENDING_VERIFICATION,36,snippet,11.0,,399.0,,,,,399.0,,Kommer katten åt din fågelmatare?,"Betyg 4,0–4,4 är lägst bland kandidaterna — kvalitetsrisk på en produkt som ska stå ute hela vintern.",False
57.0,?,WARN-utan-ankare,False,VERIFY,—,v23/present-hobby.json,present-hobby,Spinnarbyggsats 155–228 delar – gör dina egna spinnare,"Komplett byggsats för inline-spinnare: spinnarblad, kroppar, pärlor, wire, byglar, trekrokar, ofta liten tång — i sorteringslåda. Vinterhobbyn för fiskaren: bygger drag i november–mars till nästa säsong. Present som säger 'jag vet att du fiskar' och samtidigt en aktivitet.",601100910111663,https://www.temu.com/-spinner-making-kit-fishing-lure-making-kit--lures-trout-lures--inline-spinners-spinnerbaits-lure-making-kit-228pcs-155pcs-107pcs-g-601100910111663.html,601100146291462 601105436848678,62.0,PENDING_VERIFICATION — huvudsessionen läser pris/betyg på 601100910111663; PASS ≤ 15 USD (449 kr) eller ≤ 17 USD (499 kr).,,"PASS med villkor — ingen kedja (Biltema/Jula/Clas/Rusta) har formen; fackhandeln säljer mindre satser (10–20 spinnare, 279–389 kr). Vår sats måste synligt ge 2–3× fler spinnare (155+ delar, 40+ drag) för 449 kr, annars är Örjans billigare per drag. Marketplace (Fyndiq/Amazon.se) ej kontrollerad för ",,,,,449.0,"Örjans Fiske – Göra egna spinnare, byggsats ca 20 spinnare (utan krokar)",279.0,Örjans Fiske ordinarie pris samma sats 389 kr; Sportfiskeboden DIY-kit 199–329 k,389.0,449.0,BLACK WEEK / GIFT,Bygger du egna spinnare i vinter?,"Temu-priset kan ligga 20–35 USD för 155+ delar → FAIL på 2,4×. Kvalitet på krokar/wire (recensioner oläst). 'Kit' är negativ rymd i fingeravtrycket — bärs här av presentklockan, inte av behov.",False
56.0,?,?,False,,,v22/fas2/djur.json,djur,"heavy duty fence/farm gate wheel, adjustable U-bolt, anti-sagging caster (engelsk slug; svensk titel BLOCKED_SOURCE)",Stodhjul till grinden - hjul med U-bygel som bar upp en hangande grind sa den gar att oppna i lera,601101540545415,https://www.temu.com/se/g-601101540545415.html,,56.0,C,,PENDING_VERIFICATION,,,,,449.0,,,"Stodhjul for grind kraftig (Djurgardens Ridsport, hastfackhandel)",,449.0,,Slapar grinden i leran?,"Bada listningarna med pris ($45 och $85) landar over 420 kr = over 1000 kr-taket. Konceptet haller, listningarna inte - de billiga varianterna saknar prisuppgift. ALTERNATIVE_LISTING_REQUIRED.",False
56.0,?,?,False,,,v22/fas2/djur.json,djur,"heavy duty fence/farm gate wheel, adjustable U-bolt, anti-sagging caster (engelsk slug; svensk titel BLOCKED_SOURCE)",Stodhjul till grinden - hjul med U-bygel som bar upp en hangande grind sa den gar att oppna i lera,601102414551615,https://www.temu.com/se/g-601102414551615.html,,56.0,C,,PENDING_VERIFICATION,,,,,,,,"Stodhjul for grind kraftig (Djurgardens Ridsport, hastfackhandel)",,,,Slapar grinden i leran?,"Bada listningarna med pris ($45 och $85) landar over 420 kr = over 1000 kr-taket. Konceptet haller, listningarna inte - de billiga varianterna saknar prisuppgift. ALTERNATIVE_LISTING_REQUIRED.",False
56.0,?,?,False,,,v22/fas2/djur.json,djur,"heavy duty fence/farm gate wheel, adjustable U-bolt, anti-sagging caster (engelsk slug; svensk titel BLOCKED_SOURCE)",Stodhjul till grinden - hjul med U-bygel som bar upp en hangande grind sa den gar att oppna i lera,601102415516530,https://www.temu.com/se/g-601102415516530.html,,56.0,C,,PENDING_VERIFICATION,,,,,,,,"Stodhjul for grind kraftig (Djurgardens Ridsport, hastfackhandel)",,,,Slapar grinden i leran?,"Bada listningarna med pris ($45 och $85) landar over 420 kr = over 1000 kr-taket. Konceptet haller, listningarna inte - de billiga varianterna saknar prisuppgift. ALTERNATIVE_LISTING_REQUIRED.",False
56.0,?,?,False,,,v22/fas2/djur.json,djur,"heavy duty fence/farm gate wheel, adjustable U-bolt, anti-sagging caster (engelsk slug; svensk titel BLOCKED_SOURCE)",Stodhjul till grinden - hjul med U-bygel som bar upp en hangande grind sa den gar att oppna i lera,601101084638345,https://www.temu.com/se/g-601101084638345.html,,56.0,C,,PENDING_VERIFICATION,,,,,,,,"Stodhjul for grind kraftig (Djurgardens Ridsport, hastfackhandel)",,,,Slapar grinden i leran?,"Bada listningarna med pris ($45 och $85) landar over 420 kr = over 1000 kr-taket. Konceptet haller, listningarna inte - de billiga varianterna saknar prisuppgift. ALTERNATIVE_LISTING_REQUIRED.",False
55.0,?,PASS,False,,,dataset(V2.1),bat,"Outboard saver trailering support, fits 2 trim systems, wedge + stop clips 2 pcs",Utombordare med power-trim på trailerbåt,601100200308437,https://www.temu.com/se/g-601100200308437.html,,50.0,C (latent behov),,,,,,,,Osculati 539 kr stångtyp (PR),539.0,"Attwood Transom Saver (UMS Boat, 58–89 cm)",749.0,,,,samma som 601100312972322,False
55.0,?,PASS,False,,,dataset(V2.1),bat,"2 pcs boat trailer guides, 20 in carpeted bunk boards kit with frames",Båttrailer,601100131470883,https://www.temu.com/se/g-601100131470883.html,,50.0,B (dubblett),,,,,,,,PR: VEVOR 'Båttrailerguide 2 st justerbara korta britsguider' 750 kr — samma for,750.0,VEVOR Båttrailerstyrningar 700–1050 mm 2 st (Pricerunner),850.0,,,,samma som guide poles + tyngre frakt,False
55.0,?,PASS,False,,,dataset(V2.1),djur,,hönshusets lucka,601103331613427,https://www.temu.com/se/g-601103331613427.html,,50.0,C (tre flaggor),,,,,,,,Granngården: Automatisk hönslucka Kerbl 300×400 och 430×400 (1 313–1 899 kr på P,1313.0,ChickenGuard Locking Combi Premium,1881.0,,,,"Tre negativa-rymd-markörer på en gång: montering, förklaring, förtroende — kameran klarade det bara med 799 kr och rädsla; här finns rädslan (räven) men inte bevisat materialet",False
55.0,?,?,False,,,dataset(V2.1),garage,"EV Charger Port Cover — Outdoor Waterproof Winter Snow Rain UV, Magnetic Attachment (steel-bodied EVs)",Elbilens laddport,601105717142938,https://www.temu.com/se/g-601105717142938.html,,55.0,C,economics,,,,,,,Fyndiq,,,,,,,"Samma produktklass som Tier B-syskonen till 2,5× inköpspriset",False
55,?,?,False,,,dataset(V2.1),jakt,Binocular harness strap adjustable deluxe for hunting (sökträff: 'This item was discontinued'),Handkikare,602352702587042,https://www.temu.com/se/g-602352702587042.html,,,ELIM,shelf,Ren rem-form = samma form som Max-On Kikarsele Pro 149 kr (Hylte). Dessutom utgången listning.,,,,,,,,,,,,,Utgången.,False
55.0,?,PASS,False,,,dataset(V2.1),jakt,"Dog bath towel robe, quick-drying absorbent hooded dog bathrobe, adjustable (ur sökträff)",Jakthunden,601099604588367,https://www.temu.com/se/g-601099604588367.html,,50.0,C,,,,,,,,Zoofackhandel via Pricerunner,319.0,Siccaro Smart Drying Coat,799.0,,,,Storleksvalet (rygglängd) + Siccaro/Rukka annonserar själva — vi blir look-alike utan att äga ankaret.,False
55.0,?,PASS,False,,,dataset(V2.1),jakt,"Super absorbent microfiber dog bathrobe S–XL, warm keeping drying coat (ur sökträff)",Jakthunden,601100331031944,https://www.temu.com/se/g-601100331031944.html,,50.0,C,,,,,,,,Zoofackhandel via Pricerunner,319.0,Siccaro Smart Drying Coat,799.0,,,,Storleksvalet (rygglängd) + Siccaro/Rukka annonserar själva — vi blir look-alike utan att äga ankaret.,False
55,?,?,False,,,dataset(V2.1),jakt,"Reflective dog vest flame-orange (ur WebFetch hunting-dog-vest-s, $12.03)",Jakthunden,606573330037589,https://www.temu.com/se/g-606573330037589.html,,,ELIM,shelf,"Reflexväst hund finns för 62–64 kr (Millu, PETCARE — Pricerunner 2026-09-04) = samma form, commodity.",,,,,,,,,,,,,"Reflexväst hund finns för 62–64 kr (Millu, PETCARE — Pricerunner 2026-09-04) = samma form, commodity.",False
55,?,?,False,,,dataset(V2.1),jakt,"2pcs dog reflective vest high visibility (ur WebFetch, $14.47)",Jakthunden,601102908589955,https://www.temu.com/se/g-601102908589955.html,,,ELIM,shelf,Samma: 62–64 kr commodity.,,,,,,,,,,,,,Samma: 62–64 kr commodity.,False
55,?,?,False,,,dataset(V2.1),jakt,"Adjustable coyote-proof dog vest harness with zipper, small–medium breeds (ur sökträff)",Jakthunden,601099927608371,https://www.temu.com/se/g-601099927608371.html,,,ELIM,shelf,"Små hundar, storlekar; svensk skyddsväst (Genzo 2 395–2 999) är en förtroendeprodukt vi inte kan matcha.",,,,,,,,,,,,,"Små hundar, storlekar; svensk skyddsväst (Genzo 2 395–2 999) är en förtroendeprodukt vi inte kan matcha.",False
55,?,?,False,,,dataset(V2.1),jakt,"Dog car seat cover hammock with hard bottom, holds 330 lbs (ur sökträff)",Bilens baksäte + hunden,601099610415303,https://www.temu.com/se/g-601099610415303.html,,,ELIM,shelf,"Samma form (hängmatta/baksätesskydd) finns brett: Trixie Car Seat Cover 224, Teknikproffset 138, Kurgo 599, Trixie delbart 240–418 (Pricerunner 2026-09-04). Biltema/Jula ej verifierade men kategorin är mass-commoditiserad.",,,,,,,,,,,,,Hyllan.,False
55,?,?,False,,,dataset(V2.1),jakt,"Waterproof dog hammock for cars/SUV with hard bottom, mesh window (ur sökträff)",Bilens baksäte + hunden,601099676550516,https://www.temu.com/se/g-601099676550516.html,,,ELIM,shelf,"Samma form (hängmatta/baksätesskydd) finns brett: Trixie Car Seat Cover 224, Teknikproffset 138, Kurgo 599, Trixie delbart 240–418 (Pricerunner 2026-09-04). Biltema/Jula ej verifierade men kategorin är mass-commoditiserad.",,,,,,,,,,,,,Hyllan.,False
55,?,?,False,,,dataset(V2.1),jakt,"Deer drag sled / ice fishing sled with rope, multi-purpose game sled (ur sökträff)",Viltet / jaktmarken (ingen ägd sak),601099993015937,https://www.temu.com/se/g-601099993015937.html,,,ELIM,shelf,Samma form finns: 'Jaktpulka Låg Rygg Dragtråd Svart' 499 kr (Pricerunner 2026-09-04). Dessutom skrymmande = dyr frakt.,,,,,,,,,,,,,Hyllan + frakt.,False
55,?,?,False,,,dataset(V2.1),jakt,Multi-functional deer drag heavy duty utility sled with pull cable (ur sökträff),Viltet / jaktmarken (ingen ägd sak),601099658421093,https://www.temu.com/se/g-601099658421093.html,,,ELIM,shelf,Samma form finns: 'Jaktpulka Låg Rygg Dragtråd Svart' 499 kr (Pricerunner 2026-09-04). Dessutom skrymmande = dyr frakt.,,,,,,,,,,,,,Hyllan + frakt.,False
55,?,?,False,,,dataset(V2.1),jakt,"2pcs foldable outdoor seat pad, waterproof thermal, Oxford (ur sökträff)",Sittplatsen (universell),601099522371360,https://www.temu.com/se/g-601099522371360.html,,,ELIM,shelf,"Samma form: 5etta Sittunderlag ihopvikbart 49–69 kr, Woolpower 99, Härkila 149 (Hylte/Pricerunner 2026-09-04) — mass-commodity.",,,,,,,,,,,,,Hyllan.,False
55,?,?,False,,,dataset(V2.1),jakt,"Four-fold XPE outdoor cushion, honeycomb, hunting cushion (ur sökträff)",Sittplatsen (universell),606037348299126,https://www.temu.com/se/g-606037348299126.html,,,ELIM,shelf,"Samma form: 5etta Sittunderlag ihopvikbart 49–69 kr, Woolpower 99, Härkila 149 (Hylte/Pricerunner 2026-09-04) — mass-commodity.",,,,,,,,,,,,,Hyllan.,False
55,?,?,False,,,dataset(V2.1),jakt,2-pack folding hunting tripod stool with shoulder strap (ur sökträff),Sittplatsen (universell),603089893465746,https://www.temu.com/se/g-603089893465746.html,,,ELIM,shelf,5etta Jaktstol trebent 369–498 kr (Hylte/Pricerunner) = samma form.,,,,,,,,,,,,,5etta Jaktstol trebent 369–498 kr (Hylte/Pricerunner) = samma form.,False
55,?,?,False,,,dataset(V2.1),jakt,"Folding portable stool, titanium alloy bracket, with carry bag (ur sökträff)",Sittplatsen (universell),601099571255467,https://www.temu.com/se/g-601099571255467.html,,,ELIM,shelf,Samma: trebensstol finns brett.,,,,,,,,,,,,,Samma: trebensstol finns brett.,False
55,?,?,False,,,dataset(V2.1),jakt,"Heavy duty folding backpack chair / backrest stool for camping, hunting, fishing (ur sökträff)",Sittplatsen (universell),606204784927640,https://www.temu.com/se/g-606204784927640.html,,,ELIM,shelf,"Stolsryggsäck: 5etta Berge 449, Mil-Tec 349–357, Abu Garcia 504 (Pricerunner 2026-09-04) = samma form.",,,,,,,,,,,,,"Stolsryggsäck: 5etta Berge 449, Mil-Tec 349–357, Abu Garcia 504 (Pricerunner 2026-09-04) = samma form.",False
55,?,?,False,,,dataset(V2.1),mc,,ATV-kapell 190T Oxford (alternativ listning),601099548739091,https://www.temu.com/se/g-601099548739091.html,,,ELIM,shelf,som ovan [ur minne — WebSearch-budgeten var slut och biltema/jula/clasohlson/rusta svarade 403/404 2026-09-04; EJ verifierat],,,,,,Biltema (troligen),,,,,,,samma som huvudlistningen,False
55.0,?,PASS,False,,,dataset(V2.1),vatten,1000L IBC tank cover waterproof insulated UV (de-en),IBC-tank,601099554092916,https://www.temu.com/se/g-601099554092916.html,,50.0,ELIM,shelf,"Samma form som vår egen vinnare IBC-överdraget — ingen ny kategori, bara en vinterinkling på befintlig produkt",,,,,,"Bäverbutiken (IBC-överdraget, vinnare 40 köp)",489.0,,,,,,Är samma produkt som vinnaren; 'frostskydd' på 1000 l vatten är ett tomt löfte. Vinkeln 'vinterförvaring/UV' kan testas som ny creative på befintlig produkt i stället.,False
55.0,?,?,False,,,dataset(V2.1),ved,"Vedställsöverdrag 4 ft 500D, 48×24×41 tum (fast mått)",vedställ utomhus,601100317742962,https://www.temu.com/se/g-601100317742962.html,,55.0,C,variant,"Fast mått i tum för ett amerikanskt standardställ; svensk ägare måste mäta och gissa → returrisk. #1 (4–8 ft, spännen) täcker samma behov bättre.",,,,,,UNKNOWN,,,,,,,Måttet.,False
55,?,?,False,,,v22/fas2/bat.json,bat,"Boat cover 800D 22 ft heavy duty waterproof, fits V-hull fish&ski, with storage bag",kapell-och-overdrag-bat-kajak,601104640447212,https://www.temu.com/se/g-601104640447212.html,,,ELIM,shelf,FAIL,,,,,,,,"Biltema Båtuppläggning: båtöverdrag, båtpresenning, båtstöttor, täckställning (f",,,,,Redan testad kategori i kontot och Biltemas kärnsortiment.,False
55,?,?,False,,,v22/fas2/bat.json,bat,Heavy duty reinforced 420D kayak canoe cover,kapell-och-overdrag-bat-kajak,601100780626348,https://www.temu.com/se/g-601100780626348.html,,,ELIM,shelf,FAIL,,,,,,,,"Biltema Båtuppläggning: båtöverdrag, båtpresenning, båtstöttor, täckställning (f",,,,,Redan testad kategori i kontot och Biltemas kärnsortiment.,False
55,?,?,False,,,v22/fas2/bat.json,bat,"Boat cover replacement for jon boats 14 ft, heavy duty marine grade, trailerable",kapell-och-overdrag-bat-kajak,601099703178480,https://www.temu.com/se/g-601099703178480.html,,,ELIM,shelf,FAIL,,,,,,,,"Biltema Båtuppläggning: båtöverdrag, båtpresenning, båtstöttor, täckställning (f",,,,,Redan testad kategori i kontot och Biltemas kärnsortiment.,False
55,?,?,False,,,v22/fas2/bat.json,bat,Universal tow bar ball cover cap (dragkulskydd),dragkulskydd,601099519676457,https://www.temu.com/se/g-601099519676457.html,,,ELIM,shelf,FAIL,,,,,,,,,,,,,"Biltema Dragskydd 99,90 kr (fastställt i husvagnsklustret).",False
55,?,?,False,,,v22/fas2/bat.json,bat,,motorlas-utombordare,,,,,ELIM,shelf,FAIL,,,,,,,,"Biltema Motorlås för utombordare (egen underkategori /bat/batmotor/motorlas/), H",,,,,Biltema har en egen underkategori för motorlås. Gate 3 fäller konceptet innan en enda Temu-sökning.,False
55,?,?,False,,,v22/fas2/husvagn-mc.json,husvagn-mc,20w 12 solar trickle charger maintainer portable solar panel battery charger kit rv truck boat,batteriunderhall-uppstalld,601105637378446,https://www.temu.com/se/g-601105637378446.html,,,ELIM,shelf,FAIL,,,30.0,,816,Samma hylla.,,,,,,,Samma hylla.,False
55,?,?,False,,,v22/fas2/husvagn-mc.json,husvagn-mc,210d oxford cloth material black motorcycle cover with reflective design,mc-kapell,601103596884193,https://www.temu.com/se/g-601103596884193.html,,,ELIM,shelf,FAIL,,,21.0,,572,MC-kapell ar redan avgjort: fallt mot Biltema helkapell 429 kr.,,,,,,,MC-kapell ar redan avgjort: fallt mot Biltema helkapell 429 kr.,False
55.0,?,?,False,,,v22/fas2/tomt.json,tomt,"Lawn Aerator Tool With 17 Steel Spikes, Spring Loaded Design, Adjustable T-Handle",manuell gräsmatteluftare,606111973368608,https://www.temu.com/se/g-606111973368608.html,,55.0,C,,PENDING_VERIFICATION,,,30.0,,799.0,,,,,799.0,,Står vattnet kvar på gräsmattan efter regn?,"Samma hyllrisk som mossräfsan, men svagare hook — luftning är en osynlig payoff (ägaren ser inget resultat på veckor), vilket är en punkt i negativa rymden.",False
55.0,GREEN,?,False,,,v22/fas2/tomt.json,tomt,"Heavy Duty Manual Lawn Aerator With Replaceable Spikes, Yard Aerator For Soil Aeration",manuell gräsmatteluftare (alternativ listning),601099582573269,https://www.temu.com/se/g-601099582573269.html,,50.0,ELIM,ekonomi,PENDING_VERIFICATION,9,snippet,37.0,,999.0,,,,,999.0,,Står vattnet kvar på gräsmattan efter regn?,"Landad kostnad tangerar 420 kr-stoppet och 2,4x hamnar över takpriset.",False
54.0,?,?,False,,,v22/fas2/hus.json,hus,"Large Outdoor Extension Cord Box with IP54 Waterproof Electrical Cord Connection Safety Protector Cover, Heavy Duty Orga",utomhus-elbox-sladdskarv,601103857379570,https://www.temu.com/se/g-601103857379570.html,,54.0,B,,PENDING_VERIFICATION,,,,,749.0,,,,,749.0,,Ligger dina utesladdar i löven?,Behovet är latent. Ägaren har redan löst det med en plastpåse och tycker inte att det är ett problem förrän något smäller — och objektet är för generiskt för att Meta ska hitta ägaren på bilden.,False
53.0,?,PASS,False,,,dataset(V2.1),djur,,hunden efter höstpromenaden + hallen/bilen,601105260939830,https://www.temu.com/se/g-601105260939830.html,,48.0,ELIM,shelf,"Rusta säljer exakt samma form (microfiberrock med justerbar magrem) för 39,90 kr i butik. Märkesankare finns (Rukka 349–539, Pomppa 599–1 099), men kedjepriset är under vad Temu-varan kostar i inköp med frakt.",,,,,,"PriceRunner-utdrag 'hundbadrock/torkrock hund': Danish Design 319–699, Rukka Aal",349.0,Rukka Medea Eco Badrock (Arken Zoo),349.0,,,,Storleksvalet + att kedjeform finns: två av tre förlorarmarkörer,False
53.0,?,PASS,False,,,dataset(V2.1),jakt,"Trail camera tree mount, quick mount, screw-in, 360° rotating (ur sökträff)",Åtelkameran,601099528730356,https://www.temu.com/se/g-601099528730356.html,,48.0,C,,,,,,,,Hylte Jakt & Lantman,149.0,Flexifästet för åtelkamera,239.0,,,,"149 kr i fackhandeln — bara som 3-pack blir det affär, och då konkurrerar vi med 'köp tre hos Hylte'.",False
53.0,?,PASS,False,,,dataset(V2.1),jakt,"Trail camera mounting bracket 1/4-20, 360° rotating, aluminium alloy (ur sökträff)",Åtelkameran,601101388285623,https://www.temu.com/se/g-601101388285623.html,,48.0,C,,,,,,,,Hylte Jakt & Lantman,149.0,Flexifästet för åtelkamera,239.0,,,,"149 kr i fackhandeln — bara som 3-pack blir det affär, och då konkurrerar vi med 'köp tre hos Hylte'.",False
53.0,?,PASS,False,,,dataset(V2.1),jakt,Trail camera tree bracket + solar panel bracket (ur sökträff),Åtelkameran,601099538457690,https://www.temu.com/se/g-601099538457690.html,,48.0,C,,,,,,,,Hylte Jakt & Lantman,149.0,Flexifästet för åtelkamera,239.0,,,,"149 kr i fackhandeln — bara som 3-pack blir det affär, och då konkurrerar vi med 'köp tre hos Hylte'.",False
53.0,?,PASS,False,,,dataset(V2.1),jakt,"Wilderness trail camera mounting bracket, hunting (ur sökträff)",Åtelkameran,601099512956096,https://www.temu.com/se/g-601099512956096.html,,48.0,C,,,,,,,,Hylte Jakt & Lantman,149.0,Flexifästet för åtelkamera,239.0,,,,"149 kr i fackhandeln — bara som 3-pack blir det affär, och då konkurrerar vi med 'köp tre hos Hylte'.",False
53.0,GREEN,?,False,,,v22/fas2/tomt.json,tomt,"Weed Puller Tool Stand Up Manual Weeder Heavy Duty With 60 Inch Long Handle, 4-Claw Steel Head",stående ogräsdragare med fotspak,601102313087988,https://www.temu.com/se/g-601102313087988.html,,48.0,C,presens,PENDING_VERIFICATION,55,snippet,13.0,,449.0,,,,,449.0,,Har du maskrosor i hela gräsmattan?,"Presens: friktionen finns men den toppar i maj, inte i september. Höstlanseringen tappar 6–8 månaders säsong.",False
52.0,?,?,False,,,dataset(V2.1),tomt,"2pcs Trash Can Lock, Adjustable Lid Lock for 30–50 Gallon Bins, Sturdy Nylon Strap (ur sökutdrag)",Sopkärlet (kommunalt 140–370 l kärl vid gatan),601099530267994,https://www.temu.com/se/g-601099530267994.html,,52.0,C,,,,,,,,Biltema/Jula/Clas Ohlson/Rusta,,,,,,,Passar inte 240/370 l — halva kärlparken,False
52.0,?,?,False,,,v22/fas2/hus.json,hus,"1pc Patio Awning Canopy Retractable Patio Door Window Awning Shelter Protective Waterproof Winter Storage Cover, 210D Po",markisoverdrag-vinter,601099542820490,https://www.temu.com/se/g-601099542820490.html,,52.0,ELIM,shelf,FAIL,,,,,,,,HORNBACH Skyddsöverdrag till markis (3 m / 4 m / 5 m),,,,Har du markis som ska in nu?,"Hyllan är täckt i både byggkedja och marketplace, och längden är ett mått ägaren inte kan utantill.",False
52.0,?,?,False,,,v22/fas2/hus.json,hus,"1pc Outdoor Awning Protective Cover, Retractable Roller Blind Cover, 600D Oxford Cloth, Dust & Waterproof Rain Canopy Co",markisoverdrag-vinter,601099533217969,https://www.temu.com/se/g-601099533217969.html,,52.0,ELIM,shelf,FAIL,,,,,,,,HORNBACH Skyddsöverdrag till markis (3 m / 4 m / 5 m),,,,Har du markis som ska in nu?,"Hyllan är täckt i både byggkedja och marketplace, och längden är ett mått ägaren inte kan utantill.",False
52.0,?,?,False,,,v22/fas2/hus.json,hus,1pc Patio Awning Canopy Protective Waterproof Winter Storage Cover (UK),markisoverdrag-vinter,601099542327657,https://www.temu.com/se/g-601099542327657.html,,52.0,ELIM,shelf,FAIL,,,,,,,,HORNBACH Skyddsöverdrag till markis (3 m / 4 m / 5 m),,,,Har du markis som ska in nu?,"Hyllan är täckt i både byggkedja och marketplace, och längden är ett mått ägaren inte kan utantill.",False
52.0,?,?,False,,,v22/fas2/hus.json,hus,"1pc Patio Awning Canopy Protective Waterproof Winter Storage Cover, Retractable Patio Door Window Awning Sunshade Shelte",markisoverdrag-vinter,601099542310238,https://www.temu.com/se/g-601099542310238.html,,52.0,ELIM,shelf,FAIL,,,,,,,,HORNBACH Skyddsöverdrag till markis (3 m / 4 m / 5 m),,,,Har du markis som ska in nu?,"Hyllan är täckt i både byggkedja och marketplace, och längden är ett mått ägaren inte kan utantill.",False
52.0,?,?,False,,,v22/fas2/hus.json,hus,"1pc Roof Cover Waterproof RV Awning Cloth Protective Cover, UV & Dust Resistant, Heavy Duty 210D Fabric, Universal Fit",markisoverdrag-vinter,601099642455917,https://www.temu.com/se/g-601099642455917.html,,52.0,ELIM,shelf,FAIL,,,,,,,,HORNBACH Skyddsöverdrag till markis (3 m / 4 m / 5 m),,,,Har du markis som ska in nu?,"Hyllan är täckt i både byggkedja och marketplace, och längden är ett mått ägaren inte kan utantill.",False
52.0,GREEN,PASS,False,,,v22/fas2/maskiner.json,maskiner,"Stainless Steel Pressure Washer Gutter Cleaner Attachment, Angled Extension Wand for Gutter Cleaning, 5 Nozzle Tips, 1/4",Hängrännerensare till högtryckstvätten - vinklad/teleskopisk lans som gör att ägaren spolar rännan ren från marken i stället för från stegen,601099765366861,https://www.temu.com/se/g-601099765366861.html,,42.0,C,shelf,FAIL,17,snippet,12.81,,399.0,,,"90 Tums Högtryckstvätt Förlängningsrör Power Washer-lans (PriceRunner, identisk ",270.5,399.0,,Rensar du hängrännan från stegen?,"Identisk 90-tums-lans ligger redan på PriceRunner för 270,50 kr - vårt 599 kr blir 2,2x en synlig identisk vara, inte ett ankarläge.",False
52.0,GREEN,PASS,False,,,v22/fas2/maskiner.json,maskiner,"120inch Pressure Washer Extension Wand Power Rods Set, Stainless Steel Washer Lance With U-Shaped & 30/90 Bends, 1/4"" Qu",Hängrännerensare till högtryckstvätten - vinklad/teleskopisk lans som gör att ägaren spolar rännan ren från marken i stället för från stegen,605689590205879,https://www.temu.com/se/g-605689590205879.html,,42.0,C,shelf,FAIL,72,snippet,20.66,,599.0,,,"90 Tums Högtryckstvätt Förlängningsrör Power Washer-lans (PriceRunner, identisk ",270.5,599.0,,Rensar du hängrännan från stegen?,"Identisk 90-tums-lans ligger redan på PriceRunner för 270,50 kr - vårt 599 kr blir 2,2x en synlig identisk vara, inte ett ankarläge.",False
52.0,GREEN,PASS,False,,,v22/fas2/maskiner.json,maskiner,"10pcs, 4000 PSI High Pressure Washer Extension Wand set, 1/4"" Quick Connect Washer Lance with 6 Nozzle Tips, 30/90/120 G",Hängrännerensare till högtryckstvätten - vinklad/teleskopisk lans som gör att ägaren spolar rännan ren från marken i stället för från stegen,601103335180995,https://www.temu.com/se/g-601103335180995.html,,42.0,C,shelf,FAIL,74,snippet,9.28,,449.0,,,"90 Tums Högtryckstvätt Förlängningsrör Power Washer-lans (PriceRunner, identisk ",270.5,449.0,,Rensar du hängrännan från stegen?,"Identisk 90-tums-lans ligger redan på PriceRunner för 270,50 kr - vårt 599 kr blir 2,2x en synlig identisk vara, inte ett ankarläge.",False
52.0,?,?,False,,,v22/fas2/ved-eldstad.json,ved-eldstad,"2pcs fireplace vent cover, magnetic fireplace windproof plug, indoor chimney cover (SE-titel: magnetisk eldstadsdragstop",eldstads-dragstopp,601099539860017,https://www.temu.com/g-601099539860017.html,,52.0,C,,PASS,,,,,349.0,,,"NSP skjutspjäll (Nordiska Skorstensprodukter, fackhandel)",,349.0,,Drar det kallt från öppna spisen?,Varianten: eldstadsöppningens mått måste mätas av kunden. Det är exakt den ägarkunskap-0-fällan som fällde eldstadsöverdraget 28–48 tum i förra körningen.,False
52.0,?,?,False,,,v22/fas2/ved-eldstad.json,ved-eldstad,"2pcs magnetic fireplace draft stopper, indoor chimney draft guard vent cover",eldstads-dragstopp,601099541049879,https://www.temu.com/g-601099541049879.html,,52.0,C,,PASS,,,,,349.0,,,"NSP skjutspjäll (Nordiska Skorstensprodukter, fackhandel)",,349.0,,Drar det kallt från öppna spisen?,Varianten: eldstadsöppningens mått måste mätas av kunden. Det är exakt den ägarkunskap-0-fällan som fällde eldstadsöverdraget 28–48 tum i förra körningen.,False
52.0,?,?,False,,,v22/fas2/ved-eldstad.json,ved-eldstad,"magnetic fireplace draft stopper, indoor chimney vent cover to prevent heat loss",eldstads-dragstopp,601099711946264,https://www.temu.com/g-601099711946264.html,,52.0,C,,PASS,,,,,349.0,,,"NSP skjutspjäll (Nordiska Skorstensprodukter, fackhandel)",,349.0,,Drar det kallt från öppna spisen?,Varianten: eldstadsöppningens mått måste mätas av kunden. Det är exakt den ägarkunskap-0-fällan som fällde eldstadsöverdraget 28–48 tum i förra körningen.,False
52.0,?,?,False,,,v22/fas2/ved-eldstad.json,ved-eldstad,"1pc magnetic fireplace blanket, blocker blanket stops overnight heat loss, with magnet and hook-and-loop",eldstads-dragstopp,601099524589459,https://www.temu.com/g-601099524589459.html,,52.0,C,,PASS,,,,,349.0,,,"NSP skjutspjäll (Nordiska Skorstensprodukter, fackhandel)",,349.0,,Drar det kallt från öppna spisen?,Varianten: eldstadsöppningens mått måste mätas av kunden. Det är exakt den ägarkunskap-0-fällan som fällde eldstadsöverdraget 28–48 tum i förra körningen.,False
52.0,?,?,False,,,v22/fas2/ved-eldstad.json,ved-eldstad,"2pcs fireplace vent cover magnetic draft stopper, insulation blocker, 36.4 inch",eldstads-dragstopp,601099540619891,https://www.temu.com/g-601099540619891.html,,52.0,C,,PASS,,,,,349.0,,,"NSP skjutspjäll (Nordiska Skorstensprodukter, fackhandel)",,349.0,,Drar det kallt från öppna spisen?,Varianten: eldstadsöppningens mått måste mätas av kunden. Det är exakt den ägarkunskap-0-fällan som fällde eldstadsöverdraget 28–48 tum i förra körningen.,False
50.0,?,PASS,False,,,dataset(V2.1),bat,"Marine outboard propeller cover, heavy duty UV polyester, reflective",Propellern på en utombordare som står på trailer/bockar,601099611345347,https://www.temu.com/se/g-601099611345347.html,,45.0,"C (want, inte need)",,,,,,,,"PR: bara metallskydd (Seatec 3 009 kr, Nuova Rade 1 663 kr) — annan form; tygöve",3009.0,"Seatec propellerskydd (metall, annan form)",3009.0,,,,"want, inte need: ingen synlig skada vid annonstillfället — samma svaghet som kranskyddet",False
50.0,?,?,False,,,dataset(V2.1),bat,"Boat trailer bunk slide pads 3×10 in, glide pads",Bunkar (mattklädda balkar) på båttrailern,601100875031411,https://www.temu.com/se/g-601100875031411.html,,50.0,C (publik + mått),,,,,,,,PR: inget (glidlist båttrailer 0 relevanta); Biltema obekräftat minne: inga glid,,,,,,,"svensk publik: rulltrailers dominerar, bunkar är ovanliga → för liten ägarklass",False
50.0,?,PASS,False,,,dataset(V2.1),djur,,bilens baksäte + hunden (jakthund/stor hund),606422871955299,https://www.temu.com/se/g-606422871955299.html,,45.0,B (dubblett),,,,,,,,PriceRunner-utdrag 'bilskydd hund baksäte': hängmatta finns överallt (Teknikprof,1167.0,PJDDP Baksätesförlängare hårdbottnad (marketplace),1167.0,,,,Kan vara vanlig hängmatta = hyllan FAIL,False
50.0,?,PASS,False,,,dataset(V2.1),djur,,hönshuset/hönsgårdens vattenautomat,603266490408979,https://www.temu.com/se/g-603266490408979.html,,45.0,C (> 1 000 + spänning),,,,,,,,Granngården: Värmeplatta Kerbl för vattenautomat 15 W (annan form: platta under ,,"Kerbl NoFrost eluppvärmd vattenautomat 330 ml (Lantkompaniet) – småformat, inte ",399.0,,,,Två okända som var för sig fäller: Temu-priset (troligen för högt) och nätspänningen,False
50.0,?,?,False,,,dataset(V2.1),garage,"EV Charger Plug Port Cover Magnetic, waterproof/dustproof, yellow",Elbilens laddport,601102247242522,https://www.temu.com/se/g-601102247242522.html,,50.0,C,,,,,,,,,,,,,,,Färgen — 45–70-ägaren vill inte ha en gul flärp på bilen,False
50.0,?,?,False,,,dataset(V2.1),handmaskiner,3pcs Firewood Log Splitter Drill Bit Removable Cones Wood Splitting Logs Bits Heavy Duty Electric Drills Screw Cone Driv,Ved + borrmaskin — 3-delars set med utbytbara koner,601099525606604,https://www.temu.com/se/g-601099525606604.html,,50.0,C,,,,,,,,Ingen av kedjorna ur kunskap — EJ VERIFIERAD,,,,,,,Kit-formatet; enkelvarianten 601099512512218 är bättre om videon duger,False
50.0,?,PASS,False,,,dataset(V2.1),jakt,Shooting sandbags / gun rest bag for outdoor shooting (ur sökträff),Geväret + tornkanten,601099522798994,https://www.temu.com/se/g-601099522798994.html,,45.0,C,,,,,,,,Pricerunner/Hylte (fackhandel),495.0,Caldwell Universal Front Shooting Rest Bag,495.0,,,,Meta kan neka vapentillbehör; Caldwell 495 sätter taket lågt; Temu-pris sannolikt < 100 kr.,False
50.0,?,PASS,False,,,dataset(V2.1),jakt,"Hunting bag stand support / window support bag (ur WebFetch shooting-rest-s.html, $11.66)",Tornets fönsterkarm/räcke,601099536908795,https://www.temu.com/se/g-601099536908795.html,,45.0,C,,,,,,,,Pricerunner/Hylte (fackhandel),495.0,Caldwell Universal Front Shooting Rest Bag,495.0,,,,Samma som ovan; formen finns hos Caldwell/Champion.,False
50.0,?,PASS,False,,,dataset(V2.1),jakt,"Shooting rest for hunting, shooting sticks/tripod, heavy-duty iron, adjustable height/angle (ur sökträff)",Geväret (markpass),601103794016378,https://www.temu.com/se/g-601103794016378.html,,45.0,C,,,,,,,,Pricerunner/Hylte (fackhandel),495.0,Caldwell Universal Front Shooting Rest Bag,495.0,,,,Tungt = dyr frakt; 5etta/Vanguard 583–1 680 är ett bra ankare men Temu-priset okänt; vapentillbehör i Meta.,False
50.0,?,PASS,False,,,dataset(V2.1),jakt,"Shooting rest with ball head for shooting sticks & stands (ur WebFetch, $24.46)",Skjutkäppen jägaren redan har,601102189720371,https://www.temu.com/se/g-601102189720371.html,,45.0,C,,,,,,,,Pricerunner/Hylte (fackhandel),495.0,Caldwell Universal Front Shooting Rest Bag,495.0,,,,Kräver att ägaren har käpp med gänga; smal publik.,False
50.0,?,?,False,,,dataset(V2.1),tomt,"8-Pack 16 × 3.75 in Aluminum Anti-Slip Stair Strip with screws, coated black, stair nosing for wooden ramp/deck steps (u",Altantrappan / trätrappan till entrén,603293367547124,https://www.temu.com/se/g-603293367547124.html,,50.0,C,,,,,,,,"Biltema/Jula (halktejp — samma kategori, annan form); Bauhaus/Hornbach (trappnos",,,,,,,Att kunden ser 'halktejp med skruv' och jämför med Biltemas 79-kronorsrulle — anchor saknas,False
50.0,GREEN,?,False,,,dataset(V2.1),vatten,"* IBC Lock Filter, IBC Filter Nylon Filter Skydd Ton * Skydd Tote Tank Lock Andnings Skydd IBC Tank Pass Filter Mesh","IBC-tank, inloppslock",601099574693078,https://www.temu.com/se/g-601099574693078.html,,45.0,C,economics,,33,snippet,,42.22,152,UNKNOWN,,,,,,,Produkten är en nylonstrumpa — old way är gratis och lika bra.,False
50.0,?,?,False,,,dataset(V2.1),vatten,extra large fountain mesh pond pump filter bag 24x26 in,Dammpumpen,601100782710160,https://www.temu.com/se/g-601100782710160.html,,50.0,C,,,,,,,,fackhandel (obekräftat),,,,,,,"Som 601099537193860 (dubblett, XL-storlek).",False
50.0,GREEN,PASS,False,,,v22/fas2/djur.json,djur,(engelsk slug; svensk titel BLOCKED_SOURCE),Nat/tak over honsgarden mot hok,606030033447457,https://www.temu.com/se/g-606030033447457.html,,40.0,C,hyllan,FAIL,45,snippet,15.0,,499.0,,,Honsnat/fagelnat i svensk handel,557.0,499.0,,Tar hoken dina hons?,Nat i lopmeter ar mass-commodity i Sverige (110-557 kr).,False
50.0,?,PASS,False,,,v22/fas2/hus.json,hus,"Heavy Duty Adjustable Telescopic Roof Gutter Cleaning Tool with Extendable Pole, Removable Brush & Scraper Attachments, ",teleskop-rannrensare-takmossa,601103363183086,https://www.temu.com/se/g-601103363183086.html,,45.0,ELIM,shelf,FAIL,,,,,,,,Jula Hängrännerensare (Axley),299.0,,,Är hängrännan full av löv nu?,Redan fallen i V2 på samma gate. Jula 299 kr sätter taket.,False
50.0,?,PASS,False,,,v22/fas2/hus.json,hus,"Telescopic Roof Gutter Cleaning Brush, No Climb, High Roof Drainage Brush, Sewer Cleaning Brush, 8 Rods + Leaf Shovel",teleskop-rannrensare-takmossa,601100144440175,https://www.temu.com/se/g-601100144440175.html,,45.0,ELIM,shelf,FAIL,,,,,,,,Jula Hängrännerensare (Axley),299.0,,,Är hängrännan full av löv nu?,Redan fallen i V2 på samma gate. Jula 299 kr sätter taket.,False
50.0,?,PASS,False,,,v22/fas2/hus.json,hus,Gutter Cleaning Tools Gutter Cleaning Brush Roofing with Telescopic Extendable Pole 8.2 ft Guard Cleaner,teleskop-rannrensare-takmossa,601099941027573,https://www.temu.com/se/g-601099941027573.html,,45.0,ELIM,shelf,FAIL,,,,,,,,Jula Hängrännerensare (Axley),299.0,,,Är hängrännan full av löv nu?,Redan fallen i V2 på samma gate. Jula 299 kr sätter taket.,False
50.0,?,PASS,False,,,v22/fas2/maskiner.json,maskiner,"High back mower seat, universal lawn tractor seat with adjustable backrest",Komplett ersättningssäte med ryggstöd till åkgräsklipparen,601099625232076,https://www.temu.com/se/g-601099625232076.html,,45.0,C,variant,FAIL,,,,,899.0,,,Universal Åkgräsklippare Traktorsätesöverdrag Medium (PriceRunner),485.0,899.0,,Är sätet på åkgräsklipparen sprucket?,Bultmönstret. Och klippsäsongen har under 6 veckor kvar.,False
50.0,?,PASS,False,HARD REJECT,MARKETPLACE FAILURE,v23/evergreen.json,evergreen,Hund i bil: hopfällbart bagagerumsskydd med stötfångarflärp,"Vattentät matta för bagageutrymmet med en flärp som viks ut över stötfångaren när hunden hoppar in, så lacken inte repas och leran stannar på mattan. Hundägaren är kontots kärnpublik, men Trixie/Biltema/zooplus har formen och 'universal' utan mått är variantfällan. MATERIAL: BLOCKED_SOURCE — produktsidan får inte hämtas i den här körningen (huvudsessionen håller hämtbudgeten); vad titeln antyder står i concept-fältet. Id 607351507675233 (hundmatta för bagage) är redan känt sedan v22.",601099623990583,https://www.temu.com/foldable-car-trunk-bumper-protector-anti-collision-dirt-resistant-pet-friendly-polyester-pad-car-trunk-protector-mat-g-601099623990583.html,606583664779800 601099606280873 601099529709661,45.0,FAIL (hylla),,FAIL — kedja + zooföretag har samma form 499 kr; ingen synlig spec-skillnad,,,,,449.0,Trixie 'skydd för bagageutrymmet' med avtagbart stötfångarskydd 499 kr (zooplus),499.0,"Kleinmetall Bridge 1 059 kr (v22 slutrapport #20, hårdbottnad — annan form)",1059.0,449.0,EVERGREEN,Hoppar hunden lerig in i bilen?,Trixie 499 kr i varje djurbutik.,False
49.0,?,PASS,False,,,v22/fas2/ved-eldstad.json,ved-eldstad,100-130mm stainless steel chimney cowl pipe rain cover protector cap,skorstenshuv-fagelskydd,603603880264214,https://www.temu.com/g-603603880264214.html,,44.0,C,variant,FAIL,,,,,,,,"Skorstenshuv med fågelskydd, måttbeställd (skorsten.com / kamin-skorsten.se)",3600.0,,,Regnar det ner i skorstenen?,"Kunden ska upp på taket. Det svenska ankaret (1 000–4 000 kr, från 3 600 kr med fågelskydd) inkluderar montering — det är halva produkten.",False
49.0,?,PASS,False,,,v22/fas2/ved-eldstad.json,ved-eldstad,"stainless steel conical top chimney caps with window screens, outer roofs, pipe top covers",skorstenshuv-fagelskydd,601099585098850,https://www.temu.com/g-601099585098850.html,,44.0,C,variant,FAIL,,,,,,,,"Skorstenshuv med fågelskydd, måttbeställd (skorsten.com / kamin-skorsten.se)",3600.0,,,Regnar det ner i skorstenen?,"Kunden ska upp på taket. Det svenska ankaret (1 000–4 000 kr, från 3 600 kr med fågelskydd) inkluderar montering — det är halva produkten.",False
49.0,?,PASS,False,,,batch1/fritidshus.json,fritidshus,"Isolerad, avtagbar vinterlucka för krypgrundens ventiler",Krypgrundens ventilationshål/-galler under fritidshuset,,,,44.0,WATCH,,"PENDING_VERIFICATION — formen (isolerad SÄSONGSLUCKA man sätter dit/tar bort) saknas, men den närliggande produktkategorin (galler) är så billig (25–93 kr) att ett pris över 300 kr kan uppfattas som dyrt trots att det är en annan produkt PriceRunner 'krypgrundsventil galler'/'musnät ventilationsgall",,,,,,PriceRunner 'krypgrundsventil galler'/'musnät ventilationsgaller': billigaste tr,25.0,"Blucher Gallergaller (rostfritt, industrikvalitet)",2594.0,,,Är krypgrundens ventiler redo för vintern?,"Ingen Temu-listning hittades alls inom sökbudgeten, och objektet kräver förklaring i annonsflödet — två av fingeravtryckets starkaste varningsflaggor på samma koncept. Lägst prioriterat av de fem kvar",False
49.0,?,PASS,False,HARD REJECT,MARKETPLACE FAILURE,v23/evergreen.json,evergreen,"Trådlösa magnetiska LED-släplyktor, uppladdningsbara (par)","Två magnetlyktor med batteri och trådlös sändare som läggs på släpet/cykelhållaren/båttrailern när ordinarie belysning krånglar eller saknas. Biltema säljer exakt formen ('Trådlösa baklyktor med magnetfäste', 2000046997). MATERIAL: BLOCKED_SOURCE — produktsidan får inte hämtas i den här körningen (huvudsessionen håller hämtbudgeten); vad titeln antyder står i concept-fältet.",602613789643197,https://www.temu.com/-wireless-led-trailer-light-kit-square-portable-magnetic-stop-turn-reverse-license-towing-tail-lights-with-metal-bracket-7-pin-plug-for-trucks-trailers-12-24v-g-602613789643197.html,"601103503518689 606405826343499 602934301542245 601100782174999 605688298345002 (redan känt id, v22)",44.0,FAIL (hylla),,"FAIL — Biltema säljer samma form; undantaget kräver att vår ser ut som märkesankaret, och en Temu-magnetlykta ser ut som Biltemas",,,,,699.0,"Biltema 'Trådlösa baklyktor med magnetfäste' 2000046997 — KEDJAN, SAMMA FORM (pr",,Proled 'Trådlös släpvagnsbelysning' 1 249 kr; Ljusakuten 'Trådlös LED-bakljussat,1249.0,699.0,EVERGREEN,Slocknade släpets baklyktor igen?,Biltema på första googlingen; dessutom latent behov (55 % av förlorarna).,False
48.0,?,?,False,,,dataset(V2.1),tomt,"4pcs Stake Stainless Steel Driveway Reflective Poles, Spring-Type Snow Plow Markers, Driveway Guide Stake (ur sökutdrag,",Uppfarten / infartens kant,601100230272566,https://www.temu.com/se/g-601100230272566.html,,48.0,C,,,,,,,,"Granngården (Bergman Plast PP 200 cm, Millarco WorkIT PP 200 cm, Millarco bambu ",,,,,,,Presens: skadan ligger i februari och kunden köper bambu för 15 kr/st på Granngården i oktober,False
48.0,GREEN,WARN-utan-ankare,False,,,batch1/fritidshus.json,fritidshus,Frihängande vändbock/ställ som lyfter kanoten/roddbåten från marken över vintern,Kanoten eller roddbåten på sjötomten,606224716257072,https://www.temu.com/se/g-606224716257072.html,601101831098648 601099626485532,58.0,WATCH,,"PASS på formen (fristående marknära ställ saknas), men ANGRÄNSANDE former (väggställ, transportvagn) är billiga/etablerade — hyllrisk om Meta-tittaren förväxlar produkten med dessa PriceRunner 'kanotställ vägg förvaring': Homcom Heavy Duty Kayak Wall Rack 271 kr — men det är ett VÄGGSTÄLL (annan fun",11,snippet,55.0,,1497,PriceRunner 'kanotställ vägg förvaring': Homcom Heavy Duty Kayak Wall Rack 271 k,271.0,"VEVOR Kajakvagn 350 kg (transportvagn, annan funktion)",1225.0,,,Ligger kanoten kvar på marken i vinter?,Den bäst kända listningen är för dyr att landa lönsamt (bryter 1000 kr-taket); de två billigare kandidaterna är opristsatta och kan visa sig ha samma problem — produktkategorin (metallhyllor/sadelbock,False
48.0,?,?,False,HARD REJECT,PRICE FAILURE,v23/dolda-parlor.json,dolda-parlor,Dörrgardin/vindflärp till hundkoja (PVC-lameller eller vadderad dörrflärp),Genomskinlig PVC-gardin eller vadderad flärp som skruvas över hundkojans öppning så att oktoberregnet och vinden inte står rakt in. Klipps till öppningens mått.,601099770975699,https://www.temu.com/se/g-601099770975699.html,601099771115294 601099544381502 601101983710868,48.0,WATCH — läs Ferplast-priset och Temu-priset på den vadderade flärpen; under $10 och Ferplast > 400 kr → test som 'andra produkt' till hundgårdshuvens publik. Annars FAIL.,,"FAIL-indikation: formen finns på Amazon.se (Ferplast) och de nyare kojorna har gardin inbyggd. Ingen kedja, men marketplace har formen och ett PVC-stycke bär inte 300 kr.",,,,,349.0,"Amazon.se: Ferplast dörrgardin för utomhushundkojor (transparent PVC-lameller, 2",,Kerbl 4-Season hundkoja 3 499 kr (hela kojan med gardin) — inte ett ankare i vår,,349.0,OCTOBER,Blåser det rakt in i hundkojan?,Priset: ett stycke PVC för 349 kr mot Ferplast på Amazon.se och kojor som redan har gardin. Näst: mätning av öppningen = variantfriktion.,False
47.0,GREEN,?,False,,,v22/fas2/jakt.json,jakt,"Trail camera with solar panel, 24MP/1080P hunting camera, 32GB memory card + reader, motion activated night vision, IP65",Atelkamera med inbyggd solpanel,601099736287195,https://www.temu.com/se/g-601099736287195.html,,42.0,ELIM,shelf,FAIL,99,snippet+,26.0,,799.0,,,Biltema Atelkamera for simkort + Atelkamera for SD-kort (egen kategori /fritid/j,,799.0,,Vet du vad som gar pa aoteln i natt?,"Biltema har en egen atelkamerakategori med tva modeller, och kontot har redan kort en kamera (PTZ). Ekonomin haller pa $26-28, hyllan gor det inte.",False
47.0,GREEN,?,False,,,v22/fas2/jakt.json,jakt,"4G LTE solar cellular trail camera, 4K remote real time viewing, built-in SIM card, IP65 hunting camera, multi-combinati",Atelkamera med inbyggd solpanel,601099721085653,https://www.temu.com/se/g-601099721085653.html,,42.0,ELIM,shelf,FAIL,99,snippet+,28.0,,799.0,,,Biltema Atelkamera for simkort + Atelkamera for SD-kort (egen kategori /fritid/j,,799.0,,Vet du vad som gar pa aoteln i natt?,"Biltema har en egen atelkamerakategori med tva modeller, och kontot har redan kort en kamera (PTZ). Ekonomin haller pa $26-28, hyllan gor det inte.",False
47.0,?,PASS,False,,,v22/fas2/maskiner.json,maskiner,"Pressure washer wands stainless washer extension wand 1/4 inch quick connect M22 to 1/4 inch, power washer lance extensi",Hängrännerensare till högtryckstvätten - vinklad/teleskopisk lans som gör att ägaren spolar rännan ren från marken i stället för från stegen,601099735704209,https://www.temu.com/se/g-601099735704209.html,,42.0,C,shelf,FAIL,,,,,449.0,,,"90 Tums Högtryckstvätt Förlängningsrör Power Washer-lans (PriceRunner, identisk ",270.5,449.0,,Rensar du hängrännan från stegen?,"Identisk 90-tums-lans ligger redan på PriceRunner för 270,50 kr - vårt 599 kr blir 2,2x en synlig identisk vara, inte ett ankarläge.",False
47.0,?,PASS,False,,,v22/fas2/maskiner.json,maskiner,"7/10pcs Pressure Washer Extension Wand Upgrade Power Washer Lance with Spray Nozzle Tips 30/90/120 Curved Rod, 1/4"" Quic",Hängrännerensare till högtryckstvätten - vinklad/teleskopisk lans som gör att ägaren spolar rännan ren från marken i stället för från stegen,601100208918381,https://www.temu.com/se/g-601100208918381.html,,42.0,C,shelf,FAIL,,,,,449.0,,,"90 Tums Högtryckstvätt Förlängningsrör Power Washer-lans (PriceRunner, identisk ",270.5,449.0,,Rensar du hängrännan från stegen?,"Identisk 90-tums-lans ligger redan på PriceRunner för 270,50 kr - vårt 599 kr blir 2,2x en synlig identisk vara, inte ett ankarläge.",False
47.0,?,PASS,False,,,batch1/hostfiske.json,hostfiske,Håvhållare/håvfäste - klämma som fäster landningshåven på relingen mellan landningarna,Landningshåv + båtens reling,generic-rail-clamp,https://www.temu.com/se/g-generic-rail-clamp.html,,42.0,WATCH,,"PASS (villkorat) - Biltema/Jula/Clas/Rusta säljer INTE denna form. Två nischmariner (LMP, Berts) gör det på 386-895 kr, vilket fungerar som ankare (895/299≈3,0×) snarare än hylla-FAIL enligt undantagsregeln LMP Håvhållare silver 386,10 kr (ord. 429 kr) via ofc.nu/lorentsmarin.se; Berts Custom Tackle",,,,,,"LMP Håvhållare silver 386,10 kr (ord. 429 kr) via ofc.nu/lorentsmarin.se; Berts ",386.0,Berts Custom Tackle Håvhållare,895.0,,,Var lägger du håven mellan drillen?,"Den fysiska klämmekanismen riskerar att vara identisk med kontots redan launchade spöhållare - risk för kannibalisering och för att bryta mot kravet ""samma struktur, inte samma produkt"" i praktiken. I",False
45.0,?,PASS,False,,,dataset(V2.1),djur,,utekatt — upphöjd koja med klar flapdörr,606210405331698,https://www.temu.com/se/g-606210405331698.html,,40.0,ELIM,shelf,Plast/hård koja med lucka: samma form som Kerbl/QLS-kojorna 1 000–1 300 kr på PriceRunner; troligen skrymmande frakt och pris > 1 000 kr,,,,,,"PriceRunner-utdrag: Kerbl Outdoor Cat House 1 017 kr, QLS isolerat trä 1 126–1 2",1017.0,,,,,,Plast/hård koja med lucka: samma form som Kerbl/QLS-kojorna 1 000–1 300 kr på PriceRunner; troligen skrymmande frakt och pris > 1 000 kr,False
45.0,?,PASS,False,,,dataset(V2.1),grasklippare,"Lawn mower garage folding canopy, carport 73x57x40, metal powder-coated roof",Robotgräsklippare + laddstation (står ute),604291880306323,https://www.temu.com/se/g-604291880306323.html,,40.0,ELIM,shelf,"Samma form (universalgarage/tak) säljs brett i svensk e-handel 399–906 kr (Pricerunner); kategorin är hyllad. Märkesankaret finns (Husqvarna 1 567) men vår produkt ser ut som 399-kronorsvaran, inte som ankaret",,,,,,"Pricerunner: Worx WA0194 399 kr, Herrselsam polykarbonat 636 kr, tectake Domus 7",399.0,Husqvarna Automower House 1 567–2 691 kr; Stiga Skyddstak 2 499 kr,1567.0,,,,Jämförelsehandlad kategori: kunden googlar 'robotgräsklippare garage' och hittar 399 kr,False
45.0,?,PASS,False,,,dataset(V2.1),grasklippare,"Folding garage for robot lawn mowers, UV protection",Robotgräsklippare + laddstation (står ute),604023444871530,https://www.temu.com/se/g-604023444871530.html,,40.0,ELIM,shelf,"Samma form (universalgarage/tak) säljs brett i svensk e-handel 399–906 kr (Pricerunner); kategorin är hyllad. Märkesankaret finns (Husqvarna 1 567) men vår produkt ser ut som 399-kronorsvaran, inte som ankaret",,,,,,"Pricerunner: Worx WA0194 399 kr, Herrselsam polykarbonat 636 kr, tectake Domus 7",399.0,Husqvarna Automower House 1 567–2 691 kr; Stiga Skyddstak 2 499 kr,1567.0,,,,Jämförelsehandlad kategori: kunden googlar 'robotgräsklippare garage' och hittar 399 kr,False
45.0,?,?,False,,,dataset(V2.1),hus,"1pc Solar House Number Light, LED doorplate, IP55, auto on/off, black, with screws (CA-listning; SE-pris ej läsbart)",husets fasad/grind (universellt: alla hus har ett nummer),601099549065170,https://www.temu.com/se/g-601099549065170.html,,45.0,C (provisorisk — material/pris ej hämtat),,,,,,,,Amazon.se / CDON / Fyndiq / Megabilligt (marketplace),,,,,,,Svensk vinter: solcellen ger inte ljus hela natten i december — recensionerna blir 'slocknade i november',False
45.0,?,PASS,False,,,dataset(V2.1),hus,"10 ft Gutter Cleaning Brush with Telescopic Pole, Long Reach",takränna (fast på huset),601100989408772,https://www.temu.com/se/g-601100989408772.html,,40.0,ELIM,shelf,"Jula (Hard Head 158–240 cm 299 kr, skrap-borste), Biltema, Clas Ohlson och Fiskars säljer samma form: teleskopskaft + borste/skrapa från marken. Ad Library SE 'hängrännerensare': 0 annonsörer — men hyllan avgör",,,,,,Jula,299.0,Fiskars QuikFit,,,,,Jula säljer kategorin för 299 kr — vårt pris kan inte nå 300 kr med marginal,False
45.0,?,PASS,False,,,dataset(V2.1),hus,"Extendable Gutter Cleaning Brush 2ft–8ft Telescopic Ground-based Tool (EJ TILLGÄNGLIG FÖR KÖP på /se, WebFetch 2026-09-0",takränna (fast på huset),601099616714090,https://www.temu.com/se/g-601099616714090.html,,40.0,ELIM,shelf,"Jula (Hard Head 158–240 cm 299 kr, skrap-borste), Biltema, Clas Ohlson och Fiskars säljer samma form: teleskopskaft + borste/skrapa från marken. Ad Library SE 'hängrännerensare': 0 annonsörer — men hyllan avgör",,,,,,Jula,299.0,Fiskars QuikFit,,,,,Jula säljer kategorin för 299 kr — vårt pris kan inte nå 300 kr med marginal,False
45.0,?,PASS,False,,,dataset(V2.1),hus,Telescopic Gutter Cleaning Brush Extendable 2 ft–8.2 ft,takränna (fast på huset),601099586261313,https://www.temu.com/se/g-601099586261313.html,,40.0,ELIM,shelf,"Jula (Hard Head 158–240 cm 299 kr, skrap-borste), Biltema, Clas Ohlson och Fiskars säljer samma form: teleskopskaft + borste/skrapa från marken. Ad Library SE 'hängrännerensare': 0 annonsörer — men hyllan avgör",,,,,,Jula,299.0,Fiskars QuikFit,,,,,Jula säljer kategorin för 299 kr — vårt pris kan inte nå 300 kr med marginal,False
45.0,?,PASS,False,,,dataset(V2.1),hus,11 ft Telescopic Gutter Cleaning Brush with Curved Hook + replacement heads,takränna (fast på huset),601099933721077,https://www.temu.com/se/g-601099933721077.html,,40.0,ELIM,shelf,"Jula (Hard Head 158–240 cm 299 kr, skrap-borste), Biltema, Clas Ohlson och Fiskars säljer samma form: teleskopskaft + borste/skrapa från marken. Ad Library SE 'hängrännerensare': 0 annonsörer — men hyllan avgör",,,,,,Jula,299.0,Fiskars QuikFit,,,,,Jula säljer kategorin för 299 kr — vårt pris kan inte nå 300 kr med marginal,False
45.0,?,PASS,False,,,dataset(V2.1),hus,"8.2 ft Telescopic Gutter Cleaning Brush, adjustable angle, aluminium pole",takränna (fast på huset),601099747808733,https://www.temu.com/se/g-601099747808733.html,,40.0,ELIM,shelf,"Jula (Hard Head 158–240 cm 299 kr, skrap-borste), Biltema, Clas Ohlson och Fiskars säljer samma form: teleskopskaft + borste/skrapa från marken. Ad Library SE 'hängrännerensare': 0 annonsörer — men hyllan avgör",,,,,,Jula,299.0,Fiskars QuikFit,,,,,Jula säljer kategorin för 299 kr — vårt pris kan inte nå 300 kr med marginal,False
45.0,?,PASS,False,,,dataset(V2.1),hus,Heavy Duty Telescopic Gutter Cleaning Tool with adjustable brush head,takränna (fast på huset),601099620598265,https://www.temu.com/se/g-601099620598265.html,,40.0,ELIM,shelf,"Jula (Hard Head 158–240 cm 299 kr, skrap-borste), Biltema, Clas Ohlson och Fiskars säljer samma form: teleskopskaft + borste/skrapa från marken. Ad Library SE 'hängrännerensare': 0 annonsörer — men hyllan avgör",,,,,,Jula,299.0,Fiskars QuikFit,,,,,Jula säljer kategorin för 299 kr — vårt pris kan inte nå 300 kr med marginal,False
45.0,?,PASS,False,,,dataset(V2.1),hus,"2pcs Adjustable Ladder Leveler with anti-slip rubber feet, up to 550 lb",stege,601099539318755,https://www.temu.com/se/g-601099539318755.html,,40.0,ELIM,variant,'passar de flesta stegar' + skruvmontering med medföljande nyckel — kunden måste mäta balkprofil; fotskydden (601099533453972) är < 199 kr-commodity,,,,,,Bauhaus,599.0,Telesteps säkerhetsfot justerbar,2075.0,,,,Returer när fästet inte passar stegens balk,False
45.0,?,PASS,False,,,dataset(V2.1),hus,"Heavy Duty Ladder Stabilizer with anti-slip silicone pad, adjustable leveler 500 lb",stege,601101965167689,https://www.temu.com/se/g-601101965167689.html,,40.0,ELIM,variant,'passar de flesta stegar' + skruvmontering med medföljande nyckel — kunden måste mäta balkprofil; fotskydden (601099533453972) är < 199 kr-commodity,,,,,,Bauhaus,599.0,Telesteps säkerhetsfot justerbar,2075.0,,,,Returer när fästet inte passar stegens balk,False
45.0,?,PASS,False,,,dataset(V2.1),hus,"Ladder Leveling Feet 2pcs 60 cm extension ladder leveler, screws and wrench included",stege,601099608236022,https://www.temu.com/se/g-601099608236022.html,,40.0,ELIM,variant,'passar de flesta stegar' + skruvmontering med medföljande nyckel — kunden måste mäta balkprofil; fotskydden (601099533453972) är < 199 kr-commodity,,,,,,Bauhaus,599.0,Telesteps säkerhetsfot justerbar,2075.0,,,,Returer när fästet inte passar stegens balk,False
45.0,?,PASS,False,,,dataset(V2.1),hus,"2/4pcs Ladder Feet Cover, rubber non-slip for step ladders",stege,601099533453972,https://www.temu.com/se/g-601099533453972.html,,40.0,ELIM,variant,'passar de flesta stegar' + skruvmontering med medföljande nyckel — kunden måste mäta balkprofil; fotskydden (601099533453972) är < 199 kr-commodity,,,,,,Bauhaus,599.0,Telesteps säkerhetsfot justerbar,2075.0,,,,Returer när fästet inte passar stegens balk,False
45.0,?,?,False,,,dataset(V2.1),husvagn,UV-resistent däcköverdrag för hjulskydd till husvagnar och campingbilar (Temu SE),Däcken på uppställd husvagn/husbil,601100546478154,https://www.temu.com/se/g-601100546478154.html,,45.0,ELIM,shelf,"Jula Hamron 'Däckskydd S' och 'Däckskydd 1-pk M' (jula.se, bildträffar i Yahoo 2026-09-04; pris ej läsbart, sidan 403). Biltema 'Hjulhuskappa enkelaxel' 129 kr är en annan form (kjol). Jula = samma form (däcköverdrag för husvagn/husbil).",,,,,,Jula,,,,,,,Jula har samma sak i hyllan; skadan syns inte förrän om år.,False
45.0,?,?,False,,,dataset(V2.1),husvagn,3pcs set internal thermal blinds 7 layers cover windscreen for Fiat Ducato 2006–2022,Husbilens förarhytt (Ducato) — invändigt,601099514611565,https://www.temu.com/se/g-601099514611565.html,,45.0,C,,,,,,,,Ingen kedja; fackhandel Campingvaruhuset/GoCamp,,GoCamp thermomatta Fiat Ducato (Camping4u),,,,,Osynlig payoff invändigt; Temu-data saknas.,False
45,?,?,False,,,dataset(V2.1),mc,,hård förvaringsbox bak för ATV,601099547453502,https://www.temu.com/se/g-601099547453502.html,,,C (provisorisk),,,,,,,,Biltema (ATV-box hård),,,,,,,pris + frakt,False
45,?,?,False,,,dataset(V2.1),mc,,"handskydd/vindskydd för styre (PVC), MC/scooter",601103500733069,https://www.temu.com/se/g-601103500733069.html,,,C (provisorisk),,,,,,,,Biltema (handskydd MC),,,,,,,publik,False
45,?,?,False,,,dataset(V2.1),mc,,"kapell för promenadscooter/elrullstol (420D Oxford, reflex, 3 spännen)",601099692853186,https://www.temu.com/se/g-601099692853186.html,,,C (tips till annat kluster),,,,,,,,hjälpmedelsbutiker; ingen av kedjorna (ur minne),,,,,,,publik,False
45.0,?,PASS,False,,,dataset(V2.1),pool,"Spa Hot Tub Cover Broken Repair Kit — latches with slot, keys and hardware (ur söktitel)",Lockspännena på spalocket,601099548575279,https://www.temu.com/se/g-601099548575279.html,,40.0,C,economics,,,,,,,Spabadsbutiken.se (Lockfästen 4 st),279.0,Lockfästen till Thermolock 4 st,279.0,,,,Pristak 279 kr i fackhandel.,False
45.0,?,PASS,False,,,dataset(V2.1),pool,4 sets spa hot tub cover clips kit — latches for cover straps with keys and hardware (ur söktitel),Lockspännena,601099514985433,https://www.temu.com/se/g-601099514985433.html,,40.0,C,economics,,,,,,,Spabadsbutiken.se,279.0,Lockfästen 4 st,279.0,,,,Pristak.,False
45.0,?,?,False,,,dataset(V2.1),vatten,"heavy duty mesh pond netting plastic leaf cover, flexible",Trädgårdsdamm,601099516089983,https://www.temu.com/se/g-601099516089983.html,,45.0,C,,,,,,,,"fackhandel (dammnät, obekräftat minne)",,,,,,,Commodity-nät.,False
45.0,?,?,False,,,v22/fas2/bat.json,bat,"Gray waterproof heavy duty boat center console cover, fits up to 36"" W x 44"" L x 60"" H",styrpulpet-konsolskydd,602767166902424,https://www.temu.com/se/g-602767166902424.html,,45.0,C,variant,FAIL,,,,,,,,Ingen träff alls på PriceRunner för 'styrpulpetkapell'/'konsolkapell'; svensk ka,,,,Står styrpulpeten oskyddad i vinter?,Ägaren måste mäta pulpeten i tum (motorhöljets storlekstabell i bild gav −869 kr) och skyddet är överflödigt för den som täcker hela båten.,False
45.0,?,?,False,,,v22/fas2/bat.json,bat,"Boat cover for center console with T-top roofs, heavy duty, 20', blue",styrpulpet-konsolskydd,602857361244554,https://www.temu.com/se/g-602857361244554.html,,45.0,C,variant,FAIL,,,,,,,,Ingen träff alls på PriceRunner för 'styrpulpetkapell'/'konsolkapell'; svensk ka,,,,Står styrpulpeten oskyddad i vinter?,Ägaren måste mäta pulpeten i tum (motorhöljets storlekstabell i bild gav −869 kr) och skyddet är överflödigt för den som täcker hela båten.,False
45.0,GREEN,?,False,,,v22/fas2/bat.json,bat,Marine Waterproof Protective Cover Vent,presenningsluftare,601102886923859,https://www.temu.com/se/g-601102886923859.html,,40.0,C,,PENDING_VERIFICATION,2,snippet,10.53,,349.0,,,Ingen träff på 'presenningsventil båt' i PriceRunner; Biltemas täckställningskat,,349.0,,Bildas det kondens under båtpresenningen?,"En 10 cm plastventil för 349 kr är svår att försvara i flödet, och gratislösningen fungerar.",False
45.0,GREEN,?,False,,,v22/fas2/bat.json,bat,Boat Cover Support Pole Vent Cap,presenningsluftare,606169871528449,https://www.temu.com/se/g-606169871528449.html,,40.0,C,,PENDING_VERIFICATION,0,snippet,13.55,,349.0,,,Ingen träff på 'presenningsventil båt' i PriceRunner; Biltemas täckställningskat,,349.0,,Bildas det kondens under båtpresenningen?,"En 10 cm plastventil för 349 kr är svår att försvara i flödet, och gratislösningen fungerar.",False
45,GREEN,?,False,,,v22/fas2/husvagn-mc.json,husvagn-mc,14 rv roof vent white lid roof vent with rv vent fan lid replacement,takluckeskydd-husvagn,601099666774437,https://www.temu.com/se/g-601099666774437.html,,,ELIM,variant,FAIL,47,snippet,40.0,,1089,,,,,,,,Reservdelslucka i US-matt (14 tum) som ska skruvas fast — passform och montering.,False
45,GREEN,?,False,,,v22/fas2/husvagn-mc.json,husvagn-mc,for rv vent and skylight cover with reflective surface fits for standard 14 x 14 inch rv vents,takluckeskydd-husvagn,601099519247831,https://www.temu.com/se/g-601099519247831.html,,,ELIM,variant,FAIL,99,snippet+,11.0,,299,,,,,,,,"Samma US-matt som C-raden ovan; 2,4x hamnar pa 253-296 kr.",False
45.0,GREEN,?,False,,,v22/fas2/maskiner.json,maskiner,"1 Set Lawn Mower Deck Wash Kit, Deck Wash Adapter Attachment Kit, Riding Lawn Mower Cleaning Additions, Compatible with ",Tvätt-/rengöringslösning för åkgräsklipparens klippdäck - spolanslutning eller skrapa som får bort det packade gräset underifrån,601099546682215,https://www.temu.com/se/g-601099546682215.html,,40.0,C,variant,FAIL,29,snippet,8.54,,349.0,,,,,349.0,,Är klippdäcket fullt av blött gräs?,Adaptern kräver en tvättport ägaren måste ha - och de flesta europeiska klippdäck saknar den.,False
45.0,GREEN,?,False,,,v22/fas2/ved-eldstad.json,ved-eldstad,"4pcs adjustable metal firewood log storage rack bracket, heavy duty powder coated",vedstall-beslag,601099589018387,https://www.temu.com/g-601099589018387.html,,40.0,ELIM,shelf,FAIL,15,snippet,27.84,,758,,,Jula/Biltema/Rusta vedställ och vedförvaring,,,,Rasar vedtraven vid väggen?,Kedjorna säljer vedställ; beslagen fälldes redan i körningen 2026-09-04.,False
45.0,GREEN,?,False,,,v22/fas2/ved-eldstad.json,ved-eldstad,"firewood rack, indoor/outdoor firewood holder with firewood carrier bag",vedstall-beslag,601099732270888,https://www.temu.com/g-601099732270888.html,,40.0,ELIM,shelf,FAIL,89,snippet,17.9,,487,,,Jula/Biltema/Rusta vedställ och vedförvaring,,,,Rasar vedtraven vid väggen?,Kedjorna säljer vedställ; beslagen fälldes redan i körningen 2026-09-04.,False
45.0,GREEN,?,False,,,v22/fas2/tomt.json,tomt,Weed Puller Stand Up Weeder Hand Tool Long Handle With 5 Claws,stående ogräsdragare (alternativ listning),601099538091680,https://www.temu.com/se/g-601099538091680.html,,40.0,ELIM,presens,PENDING_VERIFICATION,99,snippet+,39.0,,1061,,,,,,,Har du maskrosor i hela gräsmattan?,"Samma presensfel, dessutom landad 407–477 kr som tangerar 420-stoppet.",False
45.0,?,?,False,REJECT-INTRESSANT,LISTING FAILURE,v23/present-hobby.json,present-hobby,Julgranspynt för fiskaren – fiskedrag-ornament 24-pack,"Julgranskulor formade som fiskedrag/fiskar (utan krokar) — humorpresent till fiskaren som samtidigt hänger i ett objekt alla har (julgranen). 24-pack för att nå 249–299 kr. Samma logik som 'Klistermärken för soptunnan' (vinnare 2,05): universellt objekt, < 250 kr, humor på objektet — inte på personen.",601099529794599,https://www.temu.com/ca/24pcs-fishing-basket-christmas-tree-ornament-funny-hanging-fishing-ornaments-for-christmas-tree-acrylic-holiday-festive-decoration-for-xmas-tree-festive-holiday-decor-navidad-christmas-decorations-clearance-christmas-party-favors-weird-stuff-g-601099529794599.html,601099752835308,45.0,"ALTERNATIVE_LISTING_REQUIRED — konceptet håller, hitta en 3D-drag-ornamentlistning ≤ 8 USD/24 st; först då pris/material.",,"PASS på kedjan (formen saknas), UNKNOWN på marketplace. Utan ankare måste priset bära sig självt: 249–299 kr för 24 st.",,,,,249.0,Ingen svensk kedja eller fackhandel funnen med fiskedrag-julgranspynt (NordicNes,,Inget ankare — kategorin finns inte,,249.0,BLACK WEEK / GIFT,Granen till honom som fiskar.,Fel listning (akrylplattor i stället för 3D-drag) dödar igenkänningen. 5 veckors fönster. Under 300 kr = tunn vinst.,False
44.0,GREEN,PASS,False,,,v22/fas2/garage-fordon.json,garage-fordon,"Adjustable Folding Car Door Step, Load 450 lbs, Suitable for Most Cars, SUVs and Trucks (Dark)",Hopfällbart fotsteg som hakas i bildörrens låsbygel så ägaren når biltaket,601099588745704,https://www.temu.com/se/g-601099588745704.html,,64.0,C,shelf,FAIL,27,snippet,63.0,,599.0,,,Taktältarna 'Hjälpsteg till bil' / SmartaSaker 'Steg till bildörren',289.0,599.0,,Når du inte upp till biltaket?,"Fyra–sju svenska butiker säljer exakt samma aluminiumsteg för 289–375 kr. Inget märkesankare ≥ 1,6× finns; Biltemas hjulstege är en annan form men samma jobb.",False
44.0,?,?,False,,,v22/fas2/husvagn-mc.json,husvagn-mc,scooters moto leg cover motorcycle leg knee warmer covers for scooters for peugeot for honda,moped-benskydd,601102448955955,https://www.temu.com/se/g-601102448955955.html,,44.0,C,economics,FAIL,,,34.0,,899.0,Ingen kedjetraff kand; Tucano Urbano Termoscud ar det svenska markesankaret men ,,Tucano Urbano Termoscud (ej prisverifierad),,899.0,,Fryser du om benen pa mopeden?,"Ekonomin faller forst: landad 355-416 kr ger bara 2,16-2,53x vid 899 kr, och 2,4x i bada andarna kraver ett pris over 1 000 kr-taket. Darefter publiken — kontots inlarning ligger pa man 45-70 med hus ",False
44.0,?,?,False,,,v22/fas2/tomt.json,tomt,"Moss Remover Brush With Long Handle 59in, Crack Weeder Moss Removal Tool With Wire Brush Scraper, For Roof/Deck/Driveway","mossborste med långt skaft för plattor, uppfart och trall",606055870390826,https://www.temu.com/se/g-606055870390826.html,,44.0,C,,PENDING_VERIFICATION,,,24.0,,699.0,trolig kedjeträff,,,,699.0,,Är altanen grön och hal i höstfukten?,"Träffar två punkter i negativa rymden samtidigt: ägaren har redan en högtryckstvätt som gör jobbet, och kategorin är jämförelsehandlad i svensk bygghandel. Uppslaget 2,38x i höga landad-änden ligger d",False
43.0,?,PASS,False,,,dataset(V2.1),jakt,"Fishing wader boots hanger, boot rack, adjustable strap, for closets/garages (ur sökträff)",Vadarstövlar/vadarbyxor,601099539320448,https://www.temu.com/se/g-601099539320448.html,,38.0,C,,,,,,,,Pricerunner (marketplace),255.0,,,,,,Prisklass + smal publik.,False
43.0,?,PASS,False,,,dataset(V2.1),jakt,"Fishing wader boots hanger, adjustable hanging strap (ur sökträff)",Vadarstövlar/vadarbyxor,601099529732714,https://www.temu.com/se/g-601099529732714.html,,38.0,C,,,,,,,,Pricerunner (marketplace),255.0,,,,,,Prisklass + smal publik.,False
43.0,GREEN,?,False,,,v22/fas2/djur.json,djur,(engelsk slug; svensk titel BLOCKED_SOURCE),Markskruvar/jordspett till hundens loplina,601103579621948,https://www.temu.com/se/g-601103579621948.html,,38.0,C,presens,PENDING_VERIFICATION,52,snippet,21.0,,599.0,,,,,599.0,,Har du hunden i lina pa tomten?,"Friktionen ar inte sarskilt hostbunden - jordspett behovs lika mycket i maj. Gate 2 haller inte, och Biltema/Jula saljer markskruv.",False
43.0,?,PASS,False,,,v22/fas2/hus.json,hus,Water Fed Pole Kit 20ft Length Water Fed Brush Cleaning System Aluminum Alloy Outdoor Window Cleaner w/ Hose - Window Gl,fasadtvatt-teleskopstang,601099696644983,https://www.temu.com/se/g-601099696644983.html,,38.0,ELIM,shelf,FAIL,,,,,,,,Fönsterputsredskap.se teleskopskaft med vattengenomströmning,875.0,,,Måste du upp på stege för fönsterputsen?,Dubbelfall: Amazon.se/CDON säljer samma form OCH landad kostnad 929–1 346 kr spränger 420-kr-taket. Felet är inbyggt i produkten (frakttung 5–6 m stång).,False
43.0,?,PASS,False,,,v22/fas2/hus.json,hus,"20ft Extendable Water Fed Window Cleaning Kit Aluminum Alloy Pole with 4 Spray Nozzles, Flexible Brush Head for Glass, S",fasadtvatt-teleskopstang,601099565796942,https://www.temu.com/se/g-601099565796942.html,,38.0,ELIM,shelf,FAIL,,,,,,,,Fönsterputsredskap.se teleskopskaft med vattengenomströmning,875.0,,,Måste du upp på stege för fönsterputsen?,Dubbelfall: Amazon.se/CDON säljer samma form OCH landad kostnad 929–1 346 kr spränger 420-kr-taket. Felet är inbyggt i produkten (frakttung 5–6 m stång).,False
43.0,?,PASS,False,,,v22/fas2/hus.json,hus,Water Fed Pole Kit 20ft Water Fed Brush Cleaning System Aluminum Alloy Outdoor Window Cleaner,fasadtvatt-teleskopstang,601099941054308,https://www.temu.com/se/g-601099941054308.html,,38.0,ELIM,shelf,FAIL,,,,,,,,Fönsterputsredskap.se teleskopskaft med vattengenomströmning,875.0,,,Måste du upp på stege för fönsterputsen?,Dubbelfall: Amazon.se/CDON säljer samma form OCH landad kostnad 929–1 346 kr spränger 420-kr-taket. Felet är inbyggt i produkten (frakttung 5–6 m stång).,False
43.0,?,PASS,False,,,v22/fas2/hus.json,hus,Water Fed Window Cleaning Pole Solar Panel Telescopic Extendable Brush Squeegee Equipment Hose Fed Kit,fasadtvatt-teleskopstang,601100040348254,https://www.temu.com/se/g-601100040348254.html,,38.0,ELIM,shelf,FAIL,,,,,,,,Fönsterputsredskap.se teleskopskaft med vattengenomströmning,875.0,,,Måste du upp på stege för fönsterputsen?,Dubbelfall: Amazon.se/CDON säljer samma form OCH landad kostnad 929–1 346 kr spränger 420-kr-taket. Felet är inbyggt i produkten (frakttung 5–6 m stång).,False
43.0,?,PASS,False,,,v22/fas2/hus.json,hus,Water Fed Pole Kit 20ft Water Fed Brush Cleaning System Aluminum Alloy Outdoor Window Cleaner,fasadtvatt-teleskopstang,601099588850961,https://www.temu.com/se/g-601099588850961.html,,38.0,ELIM,shelf,FAIL,,,,,,,,Fönsterputsredskap.se teleskopskaft med vattengenomströmning,875.0,,,Måste du upp på stege för fönsterputsen?,Dubbelfall: Amazon.se/CDON säljer samma form OCH landad kostnad 929–1 346 kr spränger 420-kr-taket. Felet är inbyggt i produkten (frakttung 5–6 m stång).,False
43.0,?,PASS,False,,,v22/fas2/hus.json,hus,Telescopic Pole Water Fed Brush Premium Telescopic Rod 20ft Single Head Cleaning Tool Aluminum Alloy,fasadtvatt-teleskopstang,601099876015415,https://www.temu.com/se/g-601099876015415.html,,38.0,ELIM,shelf,FAIL,,,,,,,,Fönsterputsredskap.se teleskopskaft med vattengenomströmning,875.0,,,Måste du upp på stege för fönsterputsen?,Dubbelfall: Amazon.se/CDON säljer samma form OCH landad kostnad 929–1 346 kr spränger 420-kr-taket. Felet är inbyggt i produkten (frakttung 5–6 m stång).,False
43.0,?,PASS,False,,,v22/fas2/hus.json,hus,"Extendable Water Fed Window Cleaning Pole with Adjustable Angle Telescopic Brush Head, Aluminum Alloy/PP, 65 kg Load, Hi",fasadtvatt-teleskopstang,601099745743025,https://www.temu.com/se/g-601099745743025.html,,38.0,ELIM,shelf,FAIL,,,,,,,,Fönsterputsredskap.se teleskopskaft med vattengenomströmning,875.0,,,Måste du upp på stege för fönsterputsen?,Dubbelfall: Amazon.se/CDON säljer samma form OCH landad kostnad 929–1 346 kr spränger 420-kr-taket. Felet är inbyggt i produkten (frakttung 5–6 m stång).,False
43.0,GREEN,?,False,,,v22/fas2/husvagn-mc.json,husvagn-mc,2 4pcs round abs vent cover with built in mesh screen rodent bird insect proof for bathroom home office use,gnagarskydd-ventil-husvagn,606232433763454,https://www.temu.com/se/g-606232433763454.html,,38.0,C,shelf,FAIL,18,snippet,7.0,,399.0,"Samma form saljs som meterrullar och fardiga ventilnat av Granngarden, stick.se,",,,,399.0,,Har du haft moss i husvagnen?,"Hyllan. Ekonomin haller (399 kr ger 4,7x pa landad 73-86 kr), men formen finns redan billigt hos Granngarden och skadedjursbutikerna — och just DEN har listningen ar ett badrumsgaller, inte en husvagn",False
43.0,GREEN,PASS,False,,,v22/fas2/jakt.json,jakt,"Trail camera tree mount, adjustable game camera mount with 1/4 inch screw, compact sturdy",Tradfaste / kulled till atelkameran,601099609571507,https://www.temu.com/se/g-601099609571507.html,,33.0,ELIM,shelf,FAIL,99,snippet+,5.0,,299.0,,,5etta Universal kamerafaste 149 kr (Hylte) + Flexifaste 239 kr — fackhandelns pr,149.0,299.0,,Hanger atelkameran snett pa tradet?,"Hylte saljer 5etta Universal kamerafaste for 149 kr — deras pris ar vart tak, och 300 kr-golvet nas bara med flerpack.",False
43.0,GREEN,PASS,False,,,v22/fas2/jakt.json,jakt,"No drill security camera mount with adjustable angle, quick installation strap base for pole/pipe/tree",Tradfaste / kulled till atelkameran,601102549436827,https://www.temu.com/se/g-601102549436827.html,,33.0,ELIM,shelf,FAIL,99,snippet+,8.0,,299.0,,,5etta Universal kamerafaste 149 kr (Hylte) + Flexifaste 239 kr — fackhandelns pr,149.0,299.0,,Hanger atelkameran snett pa tradet?,"Hylte saljer 5etta Universal kamerafaste for 149 kr — deras pris ar vart tak, och 300 kr-golvet nas bara med flerpack.",False
43.0,GREEN,?,False,,,v22/fas2/tomt.json,tomt,"Garden Kneeler And Seat, Garden Folding Bench With Tool Pouch, Gloves And Kneeling Pad",knäpall/trädgårdssits,601099631345617,https://www.temu.com/se/g-601099631345617.html,,38.0,ELIM,hyllan,FAIL,41,snippet,21.0,,572,,,,,,,Ont i knäna när du planterar lökarna?,Hyllan och kit-formen. Kroppslig friktion är rätt spår (axelbältet vann på det) men produkten är redan commoditiserad i Sverige.,False
43.0,?,WARN+ankare,False,HARD REJECT,MARKETPLACE FAILURE,v23/present-hobby.json,present-hobby,Fiskeadventskalender 24 luckor – rovfisk (gädda/abborre),"24 luckor med drag och tillbehör (wobbler, skeddrag, spinnare, jiggar, krokar, fjäderringar). Julens självklara fiskepresent; köps i nov av fru/barn. Temu-varianten ligger 15–23 USD mot fackhandelns 329 kr (Fladen) upp till 1 199–2 599 kr (Westin/Savage Gear/Kanalgratis).",601100211255328,https://www.temu.com/24pcs-fishing-advent-calendar-for-adult-men-teen-boys-2025-fishing-lure-christmas-gifts-24-days-topwater-lures-fishing-spoons-minnow-popper-crankbait-for--father-boyfriend-brother-g-601100211255328.html,601102855553443 601099722809539 601099758685546 601099531871075 601099640772397 601099695654444,48.0,"WATCH / TEST ONLY IF DIFFERENTIATED — testa bara med (a) svensk rovfisk-etikett och egen bildsättning, (b) 499 kr med 'fri frakt + framme före 1 dec'-löfte, (c) separat test-ABO 7 dagar. Annars: låt dropshippers slåss om den.",,"FAIL på marketplace-golvet i samma form (Fyndiq 250–361 kr, identiska Temu-kalendrar) och på trängsel (≥ 9 annonsörer). Ankaret (1 199–2 599) är 2,7–5,8× vårt pris men vår låda ser ut som Fyndiqs, inte som Westins. Fladen 329 kr är ett riktigt märke på vår prisnivå. Temu-varianten slår INTE svenska ",,,14.98,,449.0,Fyndiq – Temu-typ fiskekalender 24 luckor: 250–361 kr (flera säljare); sebutik.s,250.0,Berkley Predator 1 399 / Savage Gear 1 599–1 699 / Westin Predator 1 199–2 599 /,1599.0,449.0,BLACK WEEK / GIFT,Vet du vad han vill ha i år?,Trängsel: dropshippers med identisk låda på Fyndiq för 250–361 kr och i Meta-flödet från 2 000+ kr/dag. Innehållet i Temu-kalendrar är ofta amerikanska bass-drag (topwater/popper) som svenska abborrfi,False
42.0,?,?,False,,,v22/fas2/jakt.json,jakt,"1pc trail camera with screen + solar panel, live video photo game camera, 64GB SD card and reader",Atelkamera med inbyggd solpanel,601100966220309,https://www.temu.com/se/g-601100966220309.html,,42.0,ELIM,shelf,FAIL,,,58.0,,799.0,,,Biltema Atelkamera for simkort + Atelkamera for SD-kort (egen kategori /fritid/j,,799.0,,Vet du vad som gar pa aoteln i natt?,"Biltema har en egen atelkamerakategori med tva modeller, och kontot har redan kort en kamera (PTZ). Ekonomin haller pa $26-28, hyllan gor det inte.",False
42.0,?,?,False,,,v22/fas2/jakt.json,jakt,"Trail camera 24MP 1080P game camera, motion activated, for wildlife deer hunting or property security",Atelkamera med inbyggd solpanel,601100691047705,https://www.temu.com/se/g-601100691047705.html,,42.0,ELIM,shelf,FAIL,,,55.0,,799.0,,,Biltema Atelkamera for simkort + Atelkamera for SD-kort (egen kategori /fritid/j,,799.0,,Vet du vad som gar pa aoteln i natt?,"Biltema har en egen atelkamerakategori med tva modeller, och kontot har redan kort en kamera (PTZ). Ekonomin haller pa $26-28, hyllan gor det inte.",False
42.0,?,?,False,,,v22/fas2/jakt.json,jakt,"60MP 8K ultra HD wildlife trail camera with solar panel, motion sensor, wireless app control",Atelkamera med inbyggd solpanel,601099790022853,https://www.temu.com/se/g-601099790022853.html,,42.0,ELIM,shelf,FAIL,,,,,799.0,,,Biltema Atelkamera for simkort + Atelkamera for SD-kort (egen kategori /fritid/j,,799.0,,Vet du vad som gar pa aoteln i natt?,"Biltema har en egen atelkamerakategori med tva modeller, och kontot har redan kort en kamera (PTZ). Ekonomin haller pa $26-28, hyllan gor det inte.",False
42.0,?,?,False,,,v22/fas2/jakt.json,jakt,"Trail camera with solar panel, live video photo game camera for wildlife, 32GB memory card and reader, IP65 waterproof",Atelkamera med inbyggd solpanel,601099690783326,https://www.temu.com/se/g-601099690783326.html,,42.0,ELIM,shelf,FAIL,,,,,799.0,,,Biltema Atelkamera for simkort + Atelkamera for SD-kort (egen kategori /fritid/j,,799.0,,Vet du vad som gar pa aoteln i natt?,"Biltema har en egen atelkamerakategori med tva modeller, och kontot har redan kort en kamera (PTZ). Ekonomin haller pa $26-28, hyllan gor det inte.",False
42.0,?,?,False,,,v22/fas2/tomt.json,tomt,"Landscape Rake 36 Inch Wide Head, 102 Inch Handle, Heavy Duty Aluminum Landscaping Leaf Rake",grus-/planeringsräfsa för uppfarten,602626137660090,https://www.temu.com/se/g-602626137660090.html,,42.0,ELIM,ekonomi,PENDING_VERIFICATION,,,40.0,,1089,,,,,,,Har höstregnet spolat bort gruset i uppfarten?,landad 418–490 kr tangerar/spränger stoppet. ALTERNATIVE_LISTING_REQUIRED snarare än död.,False
41.0,GREEN,?,False,,,v22/fas2/djur.json,djur,(engelsk slug; svensk titel BLOCKED_SOURCE),Reflekterande loplina/trolley 15 m for hunden,601099556077813,https://www.temu.com/se/g-601099556077813.html,,36.0,C,hyllan,PENDING_VERIFICATION,26,snippet,29.0,,852.0,,,,,852.0,,Syns hunden inte pa gardsplanen?,Hundlina i lospris finns i varje kedja och i fackhandeln; formen ar inte ny. 852 kr for en lina ar dessutom inte trovardigt.,False
40.0,?,?,False,,,dataset(V2.1),djur,,hönshusets värprede,601100375885392,https://www.temu.com/se/g-601100375885392.html,,40.0,C,,,,,,,,PriceRunner 'värpbo höns': 0 träffar; Granngården 'värpbo': 0 träffar (söktermen,,,,,,,Hyllan okontrollerad + ingen säsongsdrivare,False
40.0,?,PASS,False,,,dataset(V2.1),djur,,hönsgårdens foderautomat,602525247862818,https://www.temu.com/se/g-602525247862818.html,,35.0,C,economics,,,,,,,"PriceRunner 'foderautomat höns trampa': vidaXL Feedomatic 625–1 113 kr, VEVOR 1 ",625.0,vidaXL Feedomatic,1113.0,,,,Priset — formen är rätt men vikten dödar marginalen,False
40.0,?,?,False,,,dataset(V2.1),djur,,gräsmattan — mullvads-/sorkfälla (plunger),601099562128023,https://www.temu.com/se/g-601099562128023.html,,40.0,C,,,,,,,,Granngården/Biltema säljer mullvads- och sorkfällor (sax/tunnel) — samma kategor,,,,,,,"Amerikansk gopher-fälla mot svensk sork: fel djur, fel gång",False
40.0,?,PASS,False,,,v22/fas2/maskiner.json,maskiner,"Outdoor shade cover designed for robotic lawn mowers, portable garage roof for robot mowers, weather resistant polycarbo",Garage/tak över robotgräsklipparen och dess laddstation,601099948568436,https://www.temu.com/se/g-601099948568436.html,,35.0,ELIM,shelf,FAIL,,,,,599.0,,,Grouw Garage Robotgräsklippare Cover (PriceRunner),659.0,599.0,,Står robotgräsklipparen ute i regnet?,Bekräftar tidigare körnings avslag med nya priser - kategorin är helt hyllad i Sverige.,False
40.0,?,PASS,False,,,v22/fas2/maskiner.json,maskiner,"Weatherproof robot lawn mower garage black 31.5x39.8x18.1 inch, aluminum/PC construction, UV protection, easy assembly w",Garage/tak över robotgräsklipparen och dess laddstation,601100160198616,https://www.temu.com/se/g-601100160198616.html,,35.0,ELIM,shelf,FAIL,,,,,699.0,,,Grouw Garage Robotgräsklippare Cover (PriceRunner),659.0,699.0,,Står robotgräsklipparen ute i regnet?,Bekräftar tidigare körnings avslag med nya priser - kategorin är helt hyllad i Sverige.,False
40.0,?,PASS,False,,,v22/fas2/maskiner.json,maskiner,"Lawn mower garage roof cover, robot mower shelter, robotic lawnmower house carport rain cover sunshade roof for outdoor ",Garage/tak över robotgräsklipparen och dess laddstation,601099600965852,https://www.temu.com/se/g-601099600965852.html,,35.0,ELIM,shelf,FAIL,,,,,599.0,,,Grouw Garage Robotgräsklippare Cover (PriceRunner),659.0,599.0,,Står robotgräsklipparen ute i regnet?,Bekräftar tidigare körnings avslag med nya priser - kategorin är helt hyllad i Sverige.,False
40.0,?,PASS,False,,,v22/fas2/maskiner.json,maskiner,"Poly rattan outdoor lawn robot shelter, weather resistant robot mower garage for robotic lawn mower storage 33.5x20.5x22",Garage/tak över robotgräsklipparen och dess laddstation,601099620225730,https://www.temu.com/se/g-601099620225730.html,,35.0,ELIM,shelf,FAIL,,,,,699.0,,,Grouw Garage Robotgräsklippare Cover (PriceRunner),659.0,699.0,,Står robotgräsklipparen ute i regnet?,Bekräftar tidigare körnings avslag med nya priser - kategorin är helt hyllad i Sverige.,False
40.0,?,PASS,False,,,dataset(V2.1),grasklippare,"Universal snow plow kit, heavy-duty steel blade, adjustable, complete mounting package","Åkgräsklippare/trädgårdstraktor (används sep–okt, plogar nov–mars)",601099715207840,https://www.temu.com/se/g-601099715207840.html,,35.0,C,variant,Fästet måste passa chassit — ägaren kan inte parametern; montering med bultar/vajer,,,,,,Pricerunner: Texas Snow Scraper 75 cm 2 734 kr; Stiga Snow Blade 107 cm 5 990; H,2734.0,Husqvarna Snowplow 120 cm,7990.0,,,,Pris över 1 000 kr + montering på okänt chassi + snön kommer om 8–10 veckor,False
40.0,?,PASS,False,,,dataset(V2.1),hus,4pcs Leaf Gutter Downspout Filter Guard Mesh Anti-blocking,"stuprör/takränna (fast på huset, står ute året om)",601099596922285,https://www.temu.com/se/g-601099596922285.html,,35.0,ELIM,shelf,Biltema Renstratt 119 kr och Lövskydd för hängränna är samma form (sil i stuprörsmynningen); Jula Lövavskiljare; Bygghemma-kategori 'Lövsil',,,,,,Biltema,119.0,,,,,,Biltema säljer samma sak för 119 kr vid kassan — ingen prisrymd,False
40.0,?,PASS,False,,,dataset(V2.1),hus,5-pack Metal Gutter Guards Downspout Filter Anti-blocking Leaf Strainer,"stuprör/takränna (fast på huset, står ute året om)",601099652248882,https://www.temu.com/se/g-601099652248882.html,,35.0,ELIM,shelf,Biltema Renstratt 119 kr och Lövskydd för hängränna är samma form (sil i stuprörsmynningen); Jula Lövavskiljare; Bygghemma-kategori 'Lövsil',,,,,,Biltema,119.0,,,,,,Biltema säljer samma sak för 119 kr vid kassan — ingen prisrymd,False
40.0,?,PASS,False,,,dataset(V2.1),hus,5pcs Gutter Strainer Gutter Guard Filter Downspout Mesh,"stuprör/takränna (fast på huset, står ute året om)",601099543370352,https://www.temu.com/se/g-601099543370352.html,,35.0,ELIM,shelf,Biltema Renstratt 119 kr och Lövskydd för hängränna är samma form (sil i stuprörsmynningen); Jula Lövavskiljare; Bygghemma-kategori 'Lövsil',,,,,,Biltema,119.0,,,,,,Biltema säljer samma sak för 119 kr vid kassan — ingen prisrymd,False
40.0,?,PASS,False,,,dataset(V2.1),hus,4pcs Aluminum Gutter Guard Mesh Leaf Trap for 2-4 inch Drains,"stuprör/takränna (fast på huset, står ute året om)",601099817227800,https://www.temu.com/se/g-601099817227800.html,,35.0,ELIM,shelf,Biltema Renstratt 119 kr och Lövskydd för hängränna är samma form (sil i stuprörsmynningen); Jula Lövavskiljare; Bygghemma-kategori 'Lövsil',,,,,,Biltema,119.0,,,,,,Biltema säljer samma sak för 119 kr vid kassan — ingen prisrymd,False
40.0,?,PASS,False,,,dataset(V2.1),husvagn,Universal caravan hitch cover waterproof dustproof trailer tow ball coupling lock cover for RV motorhome,Kulkopplingen på husvagn/släpvagn,601099535772619,https://www.temu.com/se/g-601099535772619.html,,35.0,ELIM,shelf,"Biltema 'Dragskydd för husvagnskoppling' 99,90 kr, Clas Ohlson 'Dragskydd till husvagn och släpvagn 88×63 cm' (PVC), Thansen Camp+Nature 600D 79,96 kr, Husvagn Svensson 139 kr (ur Yahoo-sökutdrag + produktsidor 2026-09-04). Samma funktion och form (överdrag över kulkopplingen) i två kedjor, inget mä",,,,,,Biltema,99.9,Camp+Nature (Thansen),79.96,,,,"Kunden googlar 'dragskydd' och hittar Biltema för 99,90 kr.",False
40.0,?,?,False,,,dataset(V2.1),husvagn,Wheel covers set of 4 tire cover protectors 420D Oxford for RV truck motorhome camper trailer,Däcken på uppställd husvagn/husbil,601099526934261,https://www.temu.com/se/g-601099526934261.html,,40.0,ELIM,shelf,"Jula Hamron 'Däckskydd S' och 'Däckskydd 1-pk M' (jula.se, bildträffar i Yahoo 2026-09-04; pris ej läsbart, sidan 403). Biltema 'Hjulhuskappa enkelaxel' 129 kr är en annan form (kjol). Jula = samma form (däcköverdrag för husvagn/husbil).",,,,,,Jula,,,,,,,Jula har samma sak i hyllan; skadan syns inte förrän om år.,False
40.0,?,?,False,,,dataset(V2.1),husvagn,"3pcs dual axle RV tire covers spare wheel cover, waterproof double wheel covers",Däcken på uppställd husvagn/husbil,601099530862665,https://www.temu.com/se/g-601099530862665.html,,40.0,ELIM,shelf,"Jula Hamron 'Däckskydd S' och 'Däckskydd 1-pk M' (jula.se, bildträffar i Yahoo 2026-09-04; pris ej läsbart, sidan 403). Biltema 'Hjulhuskappa enkelaxel' 129 kr är en annan form (kjol). Jula = samma form (däcköverdrag för husvagn/husbil).",,,,,,Jula,,,,,,,Jula har samma sak i hyllan; skadan syns inte förrän om år.,False
40.0,?,?,False,,,dataset(V2.1),husvagn,"4st/set däckskydd robust däckhjulsskydd för lastbilar, SUV:er, släpvagnar, husvagnar, universal passform",Däcken på uppställd husvagn/husbil,601099520729864,https://www.temu.com/se/g-601099520729864.html,,40.0,ELIM,shelf,"Jula Hamron 'Däckskydd S' och 'Däckskydd 1-pk M' (jula.se, bildträffar i Yahoo 2026-09-04; pris ej läsbart, sidan 403). Biltema 'Hjulhuskappa enkelaxel' 129 kr är en annan form (kjol). Jula = samma form (däcköverdrag för husvagn/husbil).",,,,,,Jula,,,,,,,Jula har samma sak i hyllan; skadan syns inte förrän om år.,False
40.0,?,?,False,,,dataset(V2.1),husvagn,4pcs black tire cover waterproof wheel cover tire protector for truck SUV trailer camper,Däcken på uppställd husvagn/husbil,601099516079940,https://www.temu.com/se/g-601099516079940.html,,40.0,ELIM,shelf,"Jula Hamron 'Däckskydd S' och 'Däckskydd 1-pk M' (jula.se, bildträffar i Yahoo 2026-09-04; pris ej läsbart, sidan 403). Biltema 'Hjulhuskappa enkelaxel' 129 kr är en annan form (kjol). Jula = samma form (däcköverdrag för husvagn/husbil).",,,,,,Jula,,,,,,,Jula har samma sak i hyllan; skadan syns inte förrän om år.,False
40.0,?,?,False,,,dataset(V2.1),husvagn,"4-piece tire cover set Oxford cloth gray, universal tire diameter, sun protection",Däcken på uppställd husvagn/husbil,601099574487393,https://www.temu.com/se/g-601099574487393.html,,40.0,ELIM,shelf,"Jula Hamron 'Däckskydd S' och 'Däckskydd 1-pk M' (jula.se, bildträffar i Yahoo 2026-09-04; pris ej läsbart, sidan 403). Biltema 'Hjulhuskappa enkelaxel' 129 kr är en annan form (kjol). Jula = samma form (däcköverdrag för husvagn/husbil).",,,,,,Jula,,,,,,,Jula har samma sak i hyllan; skadan syns inte förrän om år.,False
40.0,?,?,False,,,dataset(V2.1),husvagn,"Set of 4 waterproof tire covers heavy duty polyester UV dust protection, fits 21 inch diameter tires",Däcken på uppställd husvagn/husbil,601099734931938,https://www.temu.com/se/g-601099734931938.html,,40.0,ELIM,shelf,"Jula Hamron 'Däckskydd S' och 'Däckskydd 1-pk M' (jula.se, bildträffar i Yahoo 2026-09-04; pris ej läsbart, sidan 403). Biltema 'Hjulhuskappa enkelaxel' 129 kr är en annan form (kjol). Jula = samma form (däcköverdrag för husvagn/husbil).",,,,,,Jula,,,,,,,Jula har samma sak i hyllan; skadan syns inte förrän om år.,False
40.0,GREEN,?,False,,,dataset(V2.1),mc,Motorcycle Exhaust Pipe PVC Plug Muffler Wash Plug Pipe Protector Motocross Tailpipe Removable Plug,avgasplugg (PVC) mot fukt/möss under avställning,601099532236044,https://www.temu.com/se/g-601099532236044.html,,35.0,ELIM,economics,Temu ≈ 67 kr → landad ≈ 100 kr → max ~249 kr; under 300 kr,33,snippet,,,,MC-fackhandel (ej kedja),,,,,,,priset — kan inte nå 300 kr,False
40.0,?,?,False,,,dataset(V2.1),mc,,snöskoterkapell (3 längder 292/330/368 cm),601099525580894,https://www.temu.com/se/g-601099525580894.html,,40.0,C,economics,"64,94 AUD ≈ 410 kr → landad ≈ 615 kr → 2,4× = 1 476 kr > 1 000 kr; vid 999 kr bara 1,6×",,,,,,Biltema (skoterkapell finns troligen ~500–700 kr); skoterbutiker 800–1 500 kr,,,,,,,priset — kapell för skoter kostar mer än för MC och hamnar över 1 000 kr,False
40.0,?,PASS,False,,,dataset(V2.1),pool,"Cushioned foam headrest pillow, hot tub spa accessory, white, 4-pack (ur söktitel)",Nackkuddarna i fast spabad (slits/spricker efter några år),602975472846485,https://www.temu.com/se/g-602975472846485.html,,35.0,ELIM,variant,Passar bara spabad med exakt det stiftfästet — kunden kan inte parametern.,,,,,,Spabadsbutiken (Spa Pillow uppblåsbar 199 kr),199.0,Originalkuddar hos spahandlare (ej verifierat pris),,,,,Returer på passform.,False
40.0,?,?,False,,,dataset(V2.1),pool,"1pc leaf net cover for inground and above-ground pool, winter cover mesh, catches leaves (ur söktitel)",Poolen (vintertäckt),601099529094177,https://www.temu.com/se/g-601099529094177.html,,40.0,C,variant,Storlek efter poolmått; kunden måste mäta.,,,,,,Poolshoppar säljer lövnät (ej nåbara); Rusta/Jula säljer Intex/Bestway-överdrag ,,,,,,,Storlekar.,False
40.0,?,?,False,,,dataset(V2.1),vatten,rain barrel net cover drawstring 97 cm,Regntunnan (öppen),601099514396363,https://www.temu.com/se/g-601099514396363.html,,40.0,C,,,,,,,,UNKNOWN (kedjorna säljer tunnor MED lock; separat nät enligt minne inte),,,,,,,Nätpåse < 50 kr — når inte 300 kr; tunnan töms snart.,False
40.0,?,?,False,,,dataset(V2.1),vatten,PE garden rain barrel net cover mesh filter screen,Regntunnan (öppen),601099626589279,https://www.temu.com/se/g-601099626589279.html,,40.0,C,,,,,,,,UNKNOWN (kedjorna säljer tunnor MED lock; separat nät enligt minne inte),,,,,,,Nätpåse < 50 kr — når inte 300 kr; tunnan töms snart.,False
40.0,?,?,False,,,dataset(V2.1),vatten,2pcs rain bucket mesh cover,Regntunnan (öppen),601099575760217,https://www.temu.com/se/g-601099575760217.html,,40.0,C,,,,,,,,UNKNOWN (kedjorna säljer tunnor MED lock; separat nät enligt minne inte),,,,,,,Nätpåse < 50 kr — når inte 300 kr; tunnan töms snart.,False
40.0,?,?,False,,,v22/fas2/ved-eldstad.json,ved-eldstad,"firewood log rack bracket kit, installed by 2x4 lumber, with sidebars",vedstall-beslag,601099610710547,https://www.temu.com/g-601099610710547.html,,40.0,ELIM,shelf,FAIL,,,,,,,,Jula/Biltema/Rusta vedställ och vedförvaring,,,,Rasar vedtraven vid väggen?,Kedjorna säljer vedställ; beslagen fälldes redan i körningen 2026-09-04.,False
40.0,?,?,False,,,v22/fas2/ved-eldstad.json,ved-eldstad,outdoor firewood rack bracket kit with 4 support bars for 2x4,vedstall-beslag,601101098895206,https://www.temu.com/g-601101098895206.html,,40.0,ELIM,shelf,FAIL,,,,,,,,Jula/Biltema/Rusta vedställ och vedförvaring,,,,Rasar vedtraven vid väggen?,Kedjorna säljer vedställ; beslagen fälldes redan i körningen 2026-09-04.,False
40.0,?,?,False,,,dataset(V2.1),ved,Överdrag 145 cm 420D för murad/inbyggd eldstad,murad eldstadsring,601101387399211,https://www.temu.com/se/g-601101387399211.html,,40.0,ELIM,audience,Inbyggda stenringar på 145 cm är ett amerikanskt fenomen; ägarklassen i Sverige långt under 100 000 hushåll (uppskattning).,,,,,,UNKNOWN,,,,,,,Publiken.,False
40.0,?,?,False,,,dataset(V2.1),ved,"Gnistskydd runt 50 cm (20 tum), stål",eldstaden,601099606133498,https://www.temu.com/se/g-601099606133498.html,,40.0,ELIM,variant,Exakt diameter måste passa skålen — 50 cm passar en bråkdel; ägaren kan inte måttet utantill.,,,,,,UNKNOWN,,,,,,,Passformen.,False
40.0,GREEN,PASS,False,,,v22/fas2/djur.json,djur,"oxford cloth dog crate cover, waterproof (engelsk slug; svensk titel BLOCKED_SOURCE)",Oxford-overdrag till hundburen (varme/vind/lugn),601099515706395,https://www.temu.com/se/g-601099515706395.html,,30.0,ELIM,hyllan,FAIL,99,snippet+,14.0,,449.0,,,Dogman Buroverdrag stalbur,701.0,449.0,,Fryser hunden i buren?,"Dogman saljer exakt samma form for 416-701 kr i svensk fackhandel. Inget markesankare pa 1,6x finns - ankaret AR produkten.",False
40.0,?,?,False,,,v22/fas2/hus.json,hus,"Metal Ladder Accessories Tray, Expandable Step Ladder Tool Platform Attachment, Multifunctional Folding Ladder Support T",stege-verktygsbricka,601100705541487,https://www.temu.com/se/g-601100705541487.html,,40.0,ELIM,shelf,FAIL,,,,,,,,"BAUHAUS stegtillbehör (stabilisatorer, stegfötter, arbetsplattformar)",,,,Bär du hinken i handen på stegen?,BAUHAUS och Biltema täcker formen; dessutom är stege-familjen redan avgjord (väggstöd och rännstöd) i tidigare körning.,False
40,?,?,False,,,v22/fas2/husvagn-mc.json,husvagn-mc,motorcycle front windshield sun visor racing windshield spoiler for honda cb 750,mc-vindruta,601101178788835,https://www.temu.com/se/g-601101178788835.html,,,ELIM,variant,FAIL,,,37.0,,1007,,,,,,,,SKU per motorcykelmodell — exakt det fingeravtrycket varnar for. MC:n forvaras dessutom inomhus.,False
40,?,?,False,,,v22/fas2/husvagn-mc.json,husvagn-mc,black motorcycle front windscreen deflector kit for cb1000r models 2018 to 2023,mc-vindruta,601101521961485,https://www.temu.com/se/g-601101521961485.html,,,ELIM,variant,FAIL,,,23.0,,626,,,,,,,,Samma modellberoende.,False
40,?,?,False,,,v22/fas2/husvagn-mc.json,husvagn-mc,electric off road vehicle seat cushion fiber pattern seat,atv-sadeloverdrag,601099554327284,https://www.temu.com/se/g-601099554327284.html,,,ELIM,variant,FAIL,,,,,,,,,,,,,"Sits till en specifik elmodell, inte ett universellt overdrag.",False
40.0,?,?,False,,,v22/fas2/jakt.json,jakt,"Motorcycle seat cover, wear resistant leather, universal scooter/ATV seat cover, waterproof scratch proof protector",ATV-tillbehor for kortransport till passet,601099522438754,https://www.temu.com/se/g-601099522438754.html,,40.0,ELIM,material,BLOCKED_SOURCE,,,,,349.0,,,Biltema/Jula ATV- och MC-tillbehor; bakvaska MC ar redan testad kategori pa kont,,349.0,,Slapar du jaktgrejerna last pa fyrhjulingen?,"Produkten ar ett skoteroverdrag, inte ett ATV-satesoverdrag; ATV-formen saknas pa Temu.",False
40.0,?,?,False,,,v22/fas2/maskiner.json,maskiner,"Lawn mower deck scraper cleaning brush kit, heavy duty metal construction, ergonomic handle and durable bristles",Tvätt-/rengöringslösning för åkgräsklipparens klippdäck - spolanslutning eller skrapa som får bort det packade gräset underifrån,601103585279359,https://www.temu.com/se/g-601103585279359.html,,40.0,C,variant,FAIL,,,,,199.0,,,,,199.0,,Är klippdäcket fullt av blött gräs?,Adaptern kräver en tvättport ägaren måste ha - och de flesta europeiska klippdäck saknar den.,False
40.0,?,?,False,,,v22/fas2/maskiner.json,maskiner,2pcs lawn mower deck scraper cleaner brush kit heavy duty metal,Tvätt-/rengöringslösning för åkgräsklipparens klippdäck - spolanslutning eller skrapa som får bort det packade gräset underifrån,605649643638872,https://www.temu.com/se/g-605649643638872.html,,40.0,C,variant,FAIL,,,,,199.0,,,,,199.0,,Är klippdäcket fullt av blött gräs?,Adaptern kräver en tvättport ägaren måste ha - och de flesta europeiska klippdäck saknar den.,False
40.0,?,?,False,,,v22/fas2/maskiner.json,maskiner,"2pcs lawn mower deck cleaning brush set, lawn mower cleaning tools",Tvätt-/rengöringslösning för åkgräsklipparens klippdäck - spolanslutning eller skrapa som får bort det packade gräset underifrån,601102661262380,https://www.temu.com/se/g-601102661262380.html,,40.0,C,variant,FAIL,,,,,199.0,,,,,199.0,,Är klippdäcket fullt av blött gräs?,Adaptern kräver en tvättport ägaren måste ha - och de flesta europeiska klippdäck saknar den.,False
40.0,?,PASS,False,,,v22/fas2/maskiner.json,maskiner,"Robot mower garage heavy-duty PE rattan storage shelter for lawn mowers 33.9x35.4x20.5 inch, weather resistant, sloped t",Garage/tak över robotgräsklipparen och dess laddstation,601100246130119,https://www.temu.com/se/g-601100246130119.html,,35.0,ELIM,shelf,FAIL,,,,,699.0,,,Grouw Garage Robotgräsklippare Cover (PriceRunner),659.0,699.0,,Står robotgräsklipparen ute i regnet?,Bekräftar tidigare körnings avslag med nya priser - kategorin är helt hyllad i Sverige.,False
40.0,?,PASS,False,,,v22/fas2/maskiner.json,maskiner,Robotic lawn mower storage shed wooden garage 30.71x29.13 inch,Garage/tak över robotgräsklipparen och dess laddstation,601099694259369,https://www.temu.com/se/g-601099694259369.html,,35.0,ELIM,shelf,FAIL,,,,,799.0,,,Grouw Garage Robotgräsklippare Cover (PriceRunner),659.0,799.0,,Står robotgräsklipparen ute i regnet?,Bekräftar tidigare körnings avslag med nya priser - kategorin är helt hyllad i Sverige.,False
40.0,?,PASS,False,,,v22/fas2/maskiner.json,maskiner,"Robot mower garage black 31.5x39.8x18.1 inch, lawn mower storage shed, parking place for robotic mower",Garage/tak över robotgräsklipparen och dess laddstation,602938965613582,https://www.temu.com/se/g-602938965613582.html,,35.0,ELIM,shelf,FAIL,,,,,699.0,,,Grouw Garage Robotgräsklippare Cover (PriceRunner),659.0,699.0,,Står robotgräsklipparen ute i regnet?,Bekräftar tidigare körnings avslag med nya priser - kategorin är helt hyllad i Sverige.,False
40.0,?,?,False,,,v22/fas2/ved-eldstad.json,ved-eldstad,"8ft firewood rack outdoor with cover, heavy duty wood holder with log carrier",vedstall-beslag,601100150100361,https://www.temu.com/g-601100150100361.html,,40.0,ELIM,shelf,FAIL,,,,,,,,Jula/Biltema/Rusta vedställ och vedförvaring,,,,Rasar vedtraven vid väggen?,Kedjorna säljer vedställ; beslagen fälldes redan i körningen 2026-09-04.,False
40.0,?,?,False,,,v22/fas2/ved-eldstad.json,ved-eldstad,firewood rack fireplace 2 tier indoor with wheels and 4 hanging hooks,vedstall-beslag,601099608541388,https://www.temu.com/g-601099608541388.html,,40.0,ELIM,shelf,FAIL,,,,,,,,Jula/Biltema/Rusta vedställ och vedförvaring,,,,Rasar vedtraven vid väggen?,Kedjorna säljer vedställ; beslagen fälldes redan i körningen 2026-09-04.,False
40.0,?,?,False,,,v22/fas2/ved-eldstad.json,ved-eldstad,"1pc black metal log rack, curved firewood holder indoor outdoor",vedstall-beslag,601099577567500,https://www.temu.com/g-601099577567500.html,,40.0,ELIM,shelf,FAIL,,,,,,,,Jula/Biltema/Rusta vedställ och vedförvaring,,,,Rasar vedtraven vid väggen?,Kedjorna säljer vedställ; beslagen fälldes redan i körningen 2026-09-04.,False
40,?,PASS,False,,,batch1/fritidshus.json,fritidshus,Falsk övervakningskamera med blinkande LED för det tomma fritidshuset,Fasaden på fritidshuset,,,,,REJECT,,"FAIL — marketplace-golvet ligger på 159 kr, under 300 kr-gränsen; att prissätta över golvet utan en tydlig premiumskillnad är exakt det mönster som redan fällt andra koncept i den här jakten (klyvkonen, kajaköverdraget) PriceRunner 'kameraattrapp': Pentatech Kamera-attrapp med Blinkande LED 159 kr, ",,,,,,"PriceRunner 'kameraattrapp': Pentatech Kamera-attrapp med Blinkande LED 159 kr, ",159.0,Indexa Kamera-attrapp Med Blinkande LED PENTATECH 24226,593.0,,,N/A,"Marketplace-golvet (159 kr) ligger under minimikravet på 300 kr; produkten är redan en billig, mätt commodity i Sverige.",False
40,?,PASS,False,,,batch1/fritidshus.json,fritidshus,Batteridrivet dörr-/fönsterlarm för det tomma fritidshuset,Dörrar och fönster på fritidshuset,,,,,REJECT,,"FAIL — marketplace-golvet 86 kr, långt under 300 kr-gränsen, redan välkänt varumärkessortiment (Nedis, Xiaomi, Shelly) PriceRunner 'dörrlarm batteri fönster': Nedis Tunt dörr-/fönsterlarm 86 kr, Xiaomi Mi Door and Window Sensor 2 110 kr",,,,,,"PriceRunner 'dörrlarm batteri fönster': Nedis Tunt dörr-/fönsterlarm 86 kr, Xiao",86.0,Shelly Blu Door Window Sensor,239.0,,,N/A,"Redan en mättad, billig elektronikkategori i Sverige.",False
40,?,PASS,False,,,batch1/fritidshus.json,fritidshus,Solcellsdriven rörelsesensorlampa som vaktljus när stugan står tom,Fasaden/altanen på fritidshuset,,,,,REJECT,,"FAIL — marketplace-golvet 140 kr, bred befintlig kategori (14+ träffar 140–800 kr), matchar CLAUDE-instruktionens varning 'belysning utan el (delvis täckt)' PriceRunner 'rörelsesensor solcellslampa fasad': Hoftronic Rhodes 140 kr, Izoxis Solcellslampa Rörelsesensor 209 kr — bred, etablerad kategori ",,,,,,"PriceRunner 'rörelsesensor solcellslampa fasad': Hoftronic Rhodes 140 kr, Izoxis",140.0,Steinel Solcellslampa XSolar SOL-O,1506.0,,,N/A,"Redan bred, billig och etablerad kategori i svensk handel.",False
40,?,PASS,False,,,batch1/fritidshus.json,fritidshus,Fuktabsorbator/torkbox utan el för stugan under vintern,Insidan av fritidshuset (fukt/avfuktning utan el),,,,,REJECT,,"FAIL — marketplace-golvet 107 kr, långt under 300 kr PriceRunner 'fuktabsorbator behållare': Torrbollen Mega Moisture Absorber 107 kr, Nock Fuktslukare Torkbox MAXI 129 kr — redan billig, etablerad kategori (vidaXL, Nock)",,,,,,PriceRunner 'fuktabsorbator behållare': Torrbollen Mega Moisture Absorber 107 kr,107.0,vidaXL Fuktabsorbenter Med Refillpåsar 4 st 900 g,519.0,,,N/A,"Redan en mycket billig, etablerad förbrukningsvarukategori.",False
40,?,PASS,False,,,batch1/fritidshus.json,fritidshus,Slangvinda som töms/rullas in inför vintern,Trädgårdsslangen på fritidshuset,,,,,REJECT,,"FAIL — Hozelock/Gardena redan etablerade från 459 kr; att konkurrera under det golvet med en enklare Temu-vinda ger för tunn marginal, och att konkurrera över det kräver att slå två kända varumärken på deras hemmaplan PriceRunner 'slangvinda': Hozelock Hose Cart 459 kr, Gardena CleverRoll M 653–929 ",,,,,,"PriceRunner 'slangvinda': Hozelock Hose Cart 459 kr, Gardena CleverRoll M 653–92",459.0,"Cejn Slangvinda tryckluft 1/2"" (proffskvalitet)",4599.0,,,N/A,Mättad kategori med starka etablerade varumärken redan från 459 kr.,False
40,?,PASS,False,,,batch1/fritidshus.json,fritidshus,Kanotvagn/kajakvagn för att dra upp båten själv,Kanoten/roddbåten på sjötomten,,,,,REJECT,,"FAIL — samma varumärke (VEVOR) som redan säljs i svensk handel från 518 kr; en Temu-sourcad kopia konkurrerar direkt mot en identisk produkt som redan finns på hyllan PriceRunner 'kanotvagn': VEVOR Unisex Kanotvagn 518 kr, vidaXL Kajakvagn 962 kr — redan etablerat, brett sortiment (15+ träffar)",,,,,,"PriceRunner 'kanotvagn': VEVOR Unisex Kanotvagn 518 kr, vidaXL Kajakvagn 962 kr ",518.0,Railblaza C-Tug Kayak Cart,1999.0,,,N/A,Produkten (och exakt varumärket) säljs redan brett i Sverige.,False
40,?,PASS,False,,,batch1/fritidshus.json,fritidshus,Presenning/överdrag för den upp-och-nervända kanoten/roddbåten,Kanoten/roddbåten på sjötomten,,,,,REJECT,,"FAIL — redan fastställt i tidigare pass, samma form säljs i Sverige från 380 kr Redan känd REJECT i produktjaktens dataset (docs/temu-jakt-slutrapport.md avsnitt 4): 'Kajaköverdrag 601099616420647 — Lixada 380–436 i samma form; sjätte överdraget' — bekräftat via grep mot v22/kanda-goods-id.txt/datas",,,,,,Redan känd REJECT i produktjaktens dataset (docs/temu-jakt-slutrapport.md avsnit,380.0,Lixada Kajaköverdrag,380.0,,,N/A,Redan avgjord REJECT i ett tidigare pass av samma produktjakt.,False
40,?,PASS,False,,,batch1/fritidshus.json,fritidshus,Dörrborste/tätningslist mot möss vid fritidshusets ytterdörr,Ytterdörren på fritidshuset,,,,,REJECT,,FAIL — exakt samma form (musborste för dörrtätning) redan billigt i svensk handel PriceRunner 'dörrborste tätning möss': Thevault Musborst 1m För Tätning 130 kr — exakt samma produktform (borstlist mot möss) redan i svensk handel,,,,,,PriceRunner 'dörrborste tätning möss': Thevault Musborst 1m För Tätning 130 kr —,130.0,,,,,N/A,Exakt samma produktform redan billigt i svensk handel.,False
40,?,PASS,False,,,batch1/fritidshus.json,fritidshus,Stuprörsutkastare/frånkoppling inför vintern,Stuprören på fritidshuset,,,,,REJECT,,"FAIL — Lindab säljer exakt formen redan från 119 kr i vanlig byggvaruhandel PriceRunner 'stupränna utkastare frånkoppling vinter': Lindab Stuprörsutkastare UTK Vit 87 119 kr — redan billig, etablerad byggvarukategori",,,,,,PriceRunner 'stupränna utkastare frånkoppling vinter': Lindab Stuprörsutkastare ,119.0,Lindab Fällbar utkastare FUTK,339.0,,,N/A,"Redan billig, etablerad byggvarukategori (Lindab).",False
40,?,PASS,False,,,batch1/fritidshus.json,fritidshus,Handvinsch för att dra upp båten/kanoten vid upptagning,Kanoten/roddbåten på sjötomten,,,,,REJECT,,"FAIL — allmänna handvinschar (samma mekanism) redan etablerade från 355 kr; ingen tydlig differentiering för en 'båt/kanot-specifik' variant PriceRunner 'båtvinsch upptagning hand': Hero Hand Winch 400 kg Wire 355 kr, vidaXL Hand Winch 548 kr, Carpoint Handvinsch 545 kg 717 kr — etablerad kategori f",,,,,,"PriceRunner 'båtvinsch upptagning hand': Hero Hand Winch 400 kg Wire 355 kr, vid",355.0,Carpoint Handvinsch 545 kg 20m,717.0,,,N/A,Handvinschar (samma mekanism) redan etablerade och billiga i Sverige.,False
40,?,PASS,False,,,batch1/fritidshus.json,fritidshus,Isoleringsfilm/tätningskit för fönster inför vintern,Fönstren på fritidshuset,,,,,REJECT,,"FAIL — marketplace-golvet 65 kr, mycket billig etablerad kategori PriceRunner 'fönster vinterisoleringsfilm kit': D-C-Fix Glas Opal 65 kr, D-C-Fix Fönsterfilm Koya 169 kr — redan bred, billig, etablerad kategori (D-C-Fix, vidaXL)",,,,,,"PriceRunner 'fönster vinterisoleringsfilm kit': D-C-Fix Glas Opal 65 kr, D-C-Fix",65.0,"vidaXL Frostad Insynsskydd 0,9x100m",3239.0,,,N/A,"Mycket billig, bred, etablerad kategori.",False
40.0,GREEN,WARN+ankare,False,,,batch1/fritidshus.json,fritidshus,Elektrisk stötfälla för möss (annan form än hink och ultraljud),Insidan av fritidshuset (skadedjur),601099599358496,https://www.temu.com/se/g-601099599358496.html,,40.0,REJECT,,"FAIL — golvet (478 kr) ligger så högt att en Temu-sourcad variant måste prissättas ÖVER en redan etablerad svensk konkurrent för att klara egen ekonomi (2,4× landad), vilket är en svag position PriceRunner 'elektrisk musfälla stötfälla': Protect Home Elektronisk Musfälla 478 kr, Kvitt musfälla 1199 ",36,snippet,22.0,,599,PriceRunner 'elektrisk musfälla stötfälla': Protect Home Elektronisk Musfälla 47,478.0,Borup Expert Elektrisk Musfälla,1499.0,,,N/A,"Redan en etablerad, relativt dyr svensk kategori (478 kr golv) — vår produkt måste prissättas ÖVER konkurrenten för egen lönsamhet, en svag position. Lägre betyg (78%) än övriga Temu-fynd i jakten.",False
40,?,PASS,False,,,batch1/fritidshus.json,fritidshus,(Underkategori till krypgrundsventil-vinterlucka) Enkelt musnät/ventilationsgaller utan isolering,Krypgrundens ventiler,,,,,REJECT,,"FAIL i sin ENKLA form — golvet 25 kr är för lågt. Den ISOLERADE SÄSONGSLUCKE-varianten (se krypgrundsventil-vinterlucka) är en annan, mer lovande produkt. PriceRunner 'musnät ventilationsgaller'/'krypgrundsventil galler': DeLock 25 kr, Habo Ventilgaller 405 41 kr, Fresh Ventilgaller 79–225 kr — bred",,,,,,"PriceRunner 'musnät ventilationsgaller'/'krypgrundsventil galler': DeLock 25 kr,",25.0,Blucher Gallergaller (industrikvalitet),2594.0,,,N/A,"Enkla ventilationsgaller är en extremt billig, bred byggvarukategori.",False
40,GREEN,?,False,,,v22/fas1/utekattkoja.json,fas1,"Modern Oxford Cloth Cat House Condo, Waterproof Outdoor Cat Shelter, Easy Assembly with High Density Sponge","Isolerad utekattkoja i Oxford-tyg, hopfällbar, vinter",601099854739439,,,,PASS,,,46,snippet,15.0,,408,,,,,,,Har du en utekatt?,,False
40,GREEN,?,False,,,v22/fas1/utekattkoja.json,fas1,"All Weather Waterproof Outdoor Cat House, Heavy Duty Camouflage Grey, Roof Entrance, Multi-Use Shelter for Small Dogs an","Isolerad utekattkoja i Oxford-tyg, hopfällbar, vinter",601100412494024,,,,PASS,,,99,snippet+,17.0,,463,,,,,,,Har du en utekatt?,,False
40,GREEN,?,False,,,v22/fas1/utekattkoja.json,fas1,"Special Outdoor Cat House with Support Stand — Cold-Resistant Oxford Cloth, Warm Pad Included, Enclosed Cat Tent","Isolerad utekattkoja i Oxford-tyg, hopfällbar, vinter",601101246754171,,,,PASS,,,99,snippet+,20.0,,544,,,,,,,Har du en utekatt?,,False
40,GREEN,?,False,,,v22/fas1/utekattkoja.json,fas1,"Large All-Weather Outdoor Cat House with Lockable Door, Soft Cushioned Bed, Heavy Duty Foldable Shelter for Indoor/Outdo","Isolerad utekattkoja i Oxford-tyg, hopfällbar, vinter",601103147304759,,,,PASS,,,9,snippet,21.0,,572,,,,,,,Har du en utekatt?,,False
40,GREEN,?,False,,,v22/fas1/utekattkoja.json,fas1,"All-Weather Outdoor Winter Cat House, Warm Small Pet Shelter with Dome Roof, White, No Tarps Included, Cozy Cold-Proof C","Isolerad utekattkoja i Oxford-tyg, hopfällbar, vinter",601104058415085,,,,PASS,,,22,snippet,27.0,,735,,,,,,,Har du en utekatt?,,False
40,GREEN,?,False,,,v22/fas1/utekattkoja.json,fas1,,"Isolerad utekattkoja i Oxford-tyg, hopfällbar, vinter",601103238958441,,,,PASS,,,61,snippet,27.0,,735,,,,,,,Har du en utekatt?,,False
40,GREEN,?,False,,,v22/fas1/utekattkoja.json,fas1,"Heavy Duty XL Winter Outdoor Cat House / Small Dog Shelter, Weatherproof Oxford Cloth Pet Hutch with Windproof Rainproof","Isolerad utekattkoja i Oxford-tyg, hopfällbar, vinter",601105082735749,,,,PASS,,,8,snippet,39.0,,1061,,,,,,,Har du en utekatt?,,False
39.0,GREEN,?,False,,,v22/fas2/djur.json,djur,"wall mounted horse blanket rack, 6 swivel bars, iron alloy (engelsk slug; svensk titel BLOCKED_SOURCE)",Vaggmonterat tackesstall med 6 svangarmar for stallet,601102592456938,https://www.temu.com/se/g-601102592456938.html,,34.0,ELIM,publik,UNKNOWN,6,snippet,33.0,,999.0,,,,,999.0,,Torkar aldrig hasttacket?,"Varning 1 i uppdraget rakt pa: hastutrustning kops av kvinnor, kontots pixel ar man 45-70. Dessutom sitter stallningen inomhus i stallet = gate 1.",False
39.0,GREEN,?,False,,,v22/fas2/husvagn-mc.json,husvagn-mc,rv skylight cover 14 x14 reflective surface triple layer heat reduction enhances ac fits standard vents polyester materi,takluckeskydd-husvagn,601099609840730,https://www.temu.com/se/g-601099609840730.html,,34.0,C,variant,FAIL,99,snippet+,12.0,,399.0,Ingen kedja har kategorin; fackhandeln har den (Beisel overdrag taklucka 50x50 c,,Beisel Overdrag taklucka 50x50 cm (GetCamping),,399.0,,Har du en taklucka pa husvagnen?,US-matten. 14x14 tum ar amerikansk standard och passar inte en svensk Mini Heki (40x40 cm) eller en Beisel-lucka (50x50 cm). Id:t star dessutom redan i kanda-goods-id.txt — konceptet ar genomgatt foru,False
39.0,GREEN,?,False,,,v22/fas2/garage-fordon.json,garage-fordon,"Heavy Duty Wall Hooks for Garage/Garden, Large Water Hose Holder Wall Mount L-Hooks, Storage Hanger for Ladder/Bike/Exte",Väggkrok för motorvärmarsladd/skarvsladd,605867697101426,https://www.temu.com/se/g-605867697101426.html,,34.0,ELIM,shelf,FAIL,7,snippet,13.0,,354,,,Biltema Kabelhållare 2000022897 / Jula Kabelhållare 409053,,,,Ligger motorvärmarsladden på marken?,Både Biltema och Jula har kabelhållare i sortimentet.,False
38.0,GREEN,?,False,,,v22/fas2/garage-fordon.json,garage-fordon,"1pc Waterproof SUV Cargo Liner for Dogs, Heavy Duty Anti-Scratch Car Trunk Cover with Orange Trim, Universal Fit",Vattentätt bagagerumsskydd,607351507675233,https://www.temu.com/se/g-607351507675233.html,,33.0,ELIM,economics,FAIL,9,snippet,3.0,,82,,,Biltema/Jula bagagerumsmatta (ej prissatt denna körning),,,,Blir bagageutrymmet lerigt i höst?,"3 dollar = under 199 kr-golvet, och kedjorna har mattan.",False
38.0,?,?,False,,,dataset(V2.1),garage,"Cylindrical Tire Cover, car four-tire storage bag (ett fodral över hela stapeln)",Däckstapeln i garaget,606429985482636,https://www.temu.com/se/g-606429985482636.html,,38.0,C,,,,,,,,Biltema/Jula 4-pack (annan form: per däck); stapelfodral ej verifierat i kedjorn,,,,,,,Kunden vet att Biltema har 4-pack för 99 kr,False
38.0,WARN,?,False,,,dataset(V2.1),mc,"Motorcycle Handlebar Lock Grip, Motorcycle Locks Anti Theft, Heavy Duty Anti-Theft Adjustable Bike Handlebar Lock, CNC H","handtagslås/gaslås MC (CNC-aluminium, låser gasreglage + bromshandtag)",601099538928629,https://www.temu.com/se/g-601099538928629.html,,48.0,C,,,382,snippet,,,,Biltema (handtagslås MC),,Grip-Lock (MC-fackhandel),,,,,latent behov + Biltema-form ~150 kr utan synligt ankare,False
38.0,?,?,False,,,v22/fas2/jakt.json,jakt,"500lb heavy-duty iron gambrel & hoist system for deer, game tree hanging, gutting, pulleys + rope",Vilthiss: gambrel + talja for att hanga upp klovvilt vid slakt,601099538329358,https://www.temu.com/se/g-601099538329358.html,,38.0,ELIM,shelf,FAIL,,,,,899.0,,,Biltema Viltgalge (max 200 kg) + Biltema Reptalja 250 kg + Biltema Slaktkrok 140,,899.0,,Lyfter ni algen med rep och muskler?,"Biltema ar jaktbutik: Viltgalge, Reptalja 250 kg, Slaktkrok och tre storlekar Viltsack star i deras egen jaktavdelning. Deras pris blir vart tak, och de lasta listningarna landar redan pa 710-1 383 kr",False
38.0,?,?,False,,,v22/fas2/jakt.json,jakt,"Deer hanger elk hoist pulley lift system with gambrel, hunting game hanging kit, max 600 lbs",Vilthiss: gambrel + talja for att hanga upp klovvilt vid slakt,601099761355453,https://www.temu.com/se/g-601099761355453.html,,38.0,ELIM,shelf,FAIL,,,,,899.0,,,Biltema Viltgalge (max 200 kg) + Biltema Reptalja 250 kg + Biltema Slaktkrok 140,,899.0,,Lyfter ni algen med rep och muskler?,"Biltema ar jaktbutik: Viltgalge, Reptalja 250 kg, Slaktkrok och tre storlekar Viltsack star i deras egen jaktavdelning. Deras pris blir vart tak, och de lasta listningarna landar redan pa 710-1 383 kr",False
38.0,?,?,False,,,v22/fas2/jakt.json,jakt,"Max 700 lbs deer hunting game hoist pulley lift system with gambrel, hunting game hanging kit",Vilthiss: gambrel + talja for att hanga upp klovvilt vid slakt,601100095510286,https://www.temu.com/se/g-601100095510286.html,,38.0,ELIM,shelf,FAIL,,,,,899.0,,,Biltema Viltgalge (max 200 kg) + Biltema Reptalja 250 kg + Biltema Slaktkrok 140,,899.0,,Lyfter ni algen med rep och muskler?,"Biltema ar jaktbutik: Viltgalge, Reptalja 250 kg, Slaktkrok och tre storlekar Viltsack star i deras egen jaktavdelning. Deras pris blir vart tak, och de lasta listningarna landar redan pa 710-1 383 kr",False
38.0,?,?,False,,,v22/fas2/jakt.json,jakt,"Single pack hoist gambrel with dual pulley system, 600lb deer hanger for butchering and skinning",Vilthiss: gambrel + talja for att hanga upp klovvilt vid slakt,601099736403234,https://www.temu.com/se/g-601099736403234.html,,38.0,ELIM,shelf,FAIL,,,,,899.0,,,Biltema Viltgalge (max 200 kg) + Biltema Reptalja 250 kg + Biltema Slaktkrok 140,,899.0,,Lyfter ni algen med rep och muskler?,"Biltema ar jaktbutik: Viltgalge, Reptalja 250 kg, Slaktkrok och tre storlekar Viltsack star i deras egen jaktavdelning. Deras pris blir vart tak, och de lasta listningarna landar redan pa 710-1 383 kr",False
38.0,?,?,False,,,v22/fas2/jakt.json,jakt,"Heavy duty deer hoist winch lift with gambrel, 500 lbs manual crank game winch",Vilthiss: gambrel + talja for att hanga upp klovvilt vid slakt,605922592133496,https://www.temu.com/se/g-605922592133496.html,,38.0,ELIM,shelf,FAIL,,,,,899.0,,,Biltema Viltgalge (max 200 kg) + Biltema Reptalja 250 kg + Biltema Slaktkrok 140,,899.0,,Lyfter ni algen med rep och muskler?,"Biltema ar jaktbutik: Viltgalge, Reptalja 250 kg, Slaktkrok och tre storlekar Viltsack star i deras egen jaktavdelning. Deras pris blir vart tak, och de lasta listningarna landar redan pa 710-1 383 kr",False
38.0,GREEN,PASS,False,,,v22/fas2/jakt.json,jakt,"1pc hunting scope cover, neoprene sleeve lens protector, waterproof, rain and dust out",Neoprenskydd for kikarsiktet,601099518748833,https://www.temu.com/se/g-601099518748833.html,,28.0,ELIM,shelf,FAIL,99,snippet+,4.0,,249.0,,,Mjoelner neoprenskydd kikarsikte 224 kr (fackhandel) — redan ELIM i V2,224.0,249.0,,Regnar det pa kikarsiktets linser?,"Redan ELIM i V2 mot Mjoelner 224 kr, och 4 dollar bar inte 300 kr-golvet.",False
38.0,GREEN,?,False,,,v22/fas2/tomt.json,tomt,"3.96 Meter Pole Saw For Tree Trimming, Lightweight Stainless Steel Long Handle Pruner",teleskopisk grensåg (alternativ listning),601103473654820,https://www.temu.com/se/g-601103473654820.html,,33.0,ELIM,hyllan,FAIL,8,snippet,24.0,,653,,,,,,,Hänger grenarna över taket?,Samma hylla.,False
38.0,?,?,False,,,v23/dolda-parlor.json,dolda-parlor,"Släpvagnskapell / flakkapell till kärran (PVC, 210×125 / 260×149 cm)","Formsytt kapell över släpkärrans flak så att regn, löv och snö inte fyller kärran som står ute hela vintern.",,,,38.0,FAIL (hyllan: Biltema + Jula).,,FAIL — Biltema och Jula säljer exakt formen i de två svenska standardmåtten. Kärran är dessutom Biltemas eget objekt (de säljer kärrorna).,,,,,,"Biltema Släpkapell 260×149 cm (PE 180 g/m², art. 2000035998) och Jula Hamron Kap",,"Presenningsfabriken släpvagnskapell (måttbeställt, fackhandel)",,,OCTOBER,Står kärran full av regnvatten?,—,False
38.0,?,PASS,False,HARD REJECT,MARKETPLACE FAILURE,v23/evergreen.json,evergreen,TPMS däcktrycksövervakning med solcellsdisplay (bil/släp),"Fyra–sex externa ventilsensorer + solcellsdriven display på instrumentbrädan. Synlig hårdvara, men Biltema säljer TPMS (kategori finns), sensorerna kräver montering/parning och nyttan är latent tills däcket pyser. MATERIAL: BLOCKED_SOURCE — produktsidan får inte hämtas i den här körningen (huvudsessionen håller hämtbudgeten); vad titeln antyder står i concept-fältet.",601104238416714,https://www.temu.com/g-601104238416714.html,601099638179618 601103086897783,33.0,FAIL (negativ rymd + hylla),,"FAIL — kedjan har formen; ankaret finns men vår produkt ser ut som Biltemas, inte som Tirepulse",,,,,699.0,"Biltema TPMS (egen kategori, syns på Tradera 'Biltema Däcktrycksövervakning TPMS",,"Tirepulse 'TPMS med skärm för husbil, skåpbil, släp' 6 sensorer 1 995 kr",1995.0,699.0,EVERGREEN,Vet du släpets däcktryck just nu?,Latent behov + montering + Biltema.,False
37.0,?,PASS,False,,,batch1/fritidshus.json,fritidshus,Vinteröverdrag/skydd för utedusch,Uteduschen på fritidshuset,,,,32.0,REJECT,,"PENDING_VERIFICATION — smalt underlag, ingen Temu-listning specifikt sökt/hittad inom budgeten PriceRunner 'utedusch vinteröverdrag lock' gav bara HELA uteduschar (vidaXL 1149–3629 kr) och en dusch där överdrag ingår i paketet (1395 kr) — inget fristående vinteröverdrag hittades separat",,,,,,PriceRunner 'utedusch vinteröverdrag lock' gav bara HELA uteduschar (vidaXL 1149,,Utedusch Med Koppling Och Överdrag 216cm Svart (helt paket),1395.0,,,N/A,"För smal målgrupp (endast fritidshus med fast utedusch, en liten delmängd), och budgeten räckte inte till en egen Temu-sökning för just detta objekt.",False
37.0,?,PASS,False,HARD REJECT,MARKETPLACE FAILURE,v23/dolda-parlor.json,dolda-parlor,Sätesvärmare 12 V för traktor/bil/ATV (värmedyna med cigguttag),"12 V-dyna som läggs på traktor-, bil- eller fyrhjulingssätet och värmer rygg och sits. Nämnd i uppdraget ('sätesvärmare 12V för bil/traktor').",601099512737873,https://www.temu.com/se/g-601099512737873.html,601099512363685 601099523622020,32.0,"FAIL (hyllan: Jula 199 kr, Biltema, 73 modeller på PriceRunner).",,FAIL — Jula 199 kr och Biltema i exakt formen; PriceRunner listar 73 sätesvärmare. Ankaret (Sagro 375) ligger under ett tänkbart pris på 399.,,,,,,"Jula Hamron Värmedyna 12 V, tre lägen ~199 kr; Biltema Elvärmesits 12 V (art. 20",199.0,Sagro traktorsätesvärmare 375 kr (lantbruksfackhandel),375.0,,OCTOBER,Iskallt traktorsäte på morgonen?,—,False
37.0,?,WARN-utan-ankare,False,REJECT-INTRESSANT,MARKETPLACE FAILURE,v23/present-hobby.json,present-hobby,Perkolator 9 koppar rostfri – kaffe över öppen eld,"Klassisk stovetop-perkolator i rostfritt (304) för eld, vedspis och gasol, 9 koppar, trähandtag på vissa listningar. Identitetsprodukt för jägaren/fiskaren/stugägaren — 'kaffe vid elden' är svensk kultur. Present som syns i stillbild.",601099616169218,https://www.temu.com/uk/stainless-steel-9-cup-coffee-percolator-durable-no-electricity-needed-perfect-for-camping-home-use-with-comfort-grip-wooden-handle-g-601099616169218.html,601099664431586 601099674293567 601099615924643,52.0,PENDING_VERIFICATION — PASS bara om ≤ 14 USD (hög kurs) vid 449–499 kr. Annars WATCH.,,"SVAG — ingen kedja (Biltema/Jula/Clas) har rostfri eld-perkolator, men fackhandeln säljer exakt formen för 569–649 kr. Ankaret är bara 1,1–1,3× vid 499 kr. Vi vinner bara om Temu-priset tillåter 449–499 kr och vår ser ut som Winnerwell (rostfri, glasknopp, trähandtag).",,,,,499.0,Fosco emaljperkolator 299 kr (Röda Stjärnan); Jula Kayoba te-/kaffepanna alumini,299.0,Röda Stjärnan perkulator rostfri 569 kr; Winnerwell 9 koppar rostfri 649 kr; GSI,649.0,499.0,BLACK WEEK / GIFT,Kokar du kaffet över elden?,Fackhandeln på 569 kr i samma form; frakt på 1 kg stål; Temu-perkolatorer har rykte om läckande knopp (oläst).,False
35.0,?,PASS,False,,,dataset(V2.1),bat,Outboard boat motor stand carrier cart / trolley 50 kg,Utombordare som tas av båten vid upptagningen,601099608041027,https://www.temu.com/se/g-601099608041027.html,,30.0,ELIM,shelf,Jula säljer Kayoba båtmotorkärra 499–999 kr — samma form,,,,,,PR: Kayoba Båtmotorkärra 499–999 kr (Jula:s eget märke) — SAMMA FORM i kedja,999.0,Kayoba (Jula) båtmotorkärra,999.0,,,,Jula-vara,False
35.0,?,PASS,False,,,dataset(V2.1),bat,"Heavy duty steel outboard motor stand, foldable, U-bolt, 154 lbs",Löstagbar utombordare,601099651895693,https://www.temu.com/se/g-601099651895693.html,,30.0,ELIM,shelf,Jula/Kayoba samma form,,,,,,Kayoba båtmotorkärra 499–999 kr (PR),999.0,Kayoba,999.0,,,,Jula-vara,False
35.0,?,PASS,False,,,dataset(V2.1),bat,"Outboard motor stand engine carrier cart with wheels, 315 lbs",Löstagbar utombordare,601099579132889,https://www.temu.com/se/g-601099579132889.html,,30.0,ELIM,shelf,Jula/Kayoba,,,,,,Kayoba båtmotorkärra (PR),999.0,Kayoba,999.0,,,,Jula-vara,False
35.0,?,?,False,,,dataset(V2.1),bat,"Trailer bearing caps 4 pcs 2.72 in stainless, bearing-buddy style hub protectors",Hjulnaven på båttrailern,601099547922853,https://www.temu.com/se/g-601099547922853.html,,35.0,C,variant,"navdiameter i tum — svenska trailers har metriska nav (Knott/AL-KO) som sällan matchar 2,72 in; ägaren måste mäta",,,,,,"PR: inget (navskydd trailer, bearing buddy, navkapsel — 0 relevanta); Biltema ob",,,,,,,passform mot svenska metriska nav,False
35.0,?,?,False,,,dataset(V2.1),bat,600D Oxford trailerable jet ski (PWC) cover,Vattenskoter på trailer,601099891730383,https://www.temu.com/se/g-601099891730383.html,,35.0,C,audience,vattenskotrar i Sverige uppskattningsvis 40–60 000 — under 100 000 hushåll; ägaren är yngre än 45–70,,,,,,PR: 0 träffar på vattenskoterkapell; kedjor obekräftade,,,,,,,för liten och för ung publik,False
35.0,?,PASS,False,,,dataset(V2.1),bat,"Kayak cart with 10 in airless wheels, collapsible",Kajak,601100400104656,https://www.temu.com/se/g-601100400104656.html,,30.0,ELIM,shelf,svensk mass-commoditisering (27 produkter på PR från 449 kr),,,,,,"PR: 27 produkter 449–1 225 kr (vidaXL, VEVOR, Paddlespot) — commoditiserad; Jula",449.0,Paddlespot kajakvagn liten,449.0,,,,commodity,False
35.0,?,PASS,False,,,dataset(V2.1),bat,"2 pcs waterproof boat seat covers, fits most seats up to 25 in",Båtstolar (pedestal/captain) i öppen båt,601099582105476,https://www.temu.com/se/g-601099582105476.html,,30.0,ELIM,shelf,look-alike 169 kr i 3 butiker — inget ankare över oss,,,,,,"PR: INF vattentätt Oxford stolsskydd yacht 169 kr, 3 butiker — samma form, billi",169.0,INF stolsskydd,169.0,,,,169 kr-look-alike,False
35.0,?,?,False,,,dataset(V2.1),bat,20 pcs boat cover snap extenders 1 in,Kapell med tryckknappar,601099529754667,https://www.temu.com/se/g-601099529754667.html,,35.0,C (< 199 kr),,,,,,,,ej kollad,,,,,,,pris under 199 kr,False
35.0,?,PASS,False,,,dataset(V2.1),djur,,utekatt — träkoja med stege,601103258707324,https://www.temu.com/se/g-601103258707324.html,,30.0,ELIM,economics,,,,,,,"PriceRunner-utdrag: Kerbl Outdoor Cat House 1 017 kr, QLS isolerat trä 1 126–1 2",1017.0,,,,,,Trähus med stege: samma form som QLS/Pawhut 1 045–1 291 kr; vårt pris hamnar > 1 000 kr,False
35.0,?,PASS,False,,,dataset(V2.1),djur,,bilens baksäte — 'back seat extender … hammock',601102323006659,https://www.temu.com/se/g-601102323006659.html,,30.0,ELIM,shelf,Otydligt om hård eller mjuk; mjuk hängmatta = samma form som Biltema/Jula/Rusta/Trixie 138–849 kr,,,,,,PriceRunner-utdrag 'bilskydd hund baksäte': hängmatta finns överallt (Teknikprof,1167.0,,,,,,Otydligt om hård eller mjuk; mjuk hängmatta = samma form som Biltema/Jula/Rusta/Trixie 138–849 kr,False
35.0,?,?,False,,,dataset(V2.1),djur,,fågelmatarstation — stolpe 92 tum med baffel och krokar,606361081495003,https://www.temu.com/se/g-606361081495003.html,,35.0,C,,,,,,,,PriceRunner 'ekorrskydd fågelmatare': ingen baffel — bara ekorrmatare (Nyby 259),,,,,,,Kit med montering; hooken bär inget problem,False
35.0,?,PASS,False,,,dataset(V2.1),djur,,huset — elektronisk musfälla (högspänning),601099584111541,https://www.temu.com/se/g-601099584111541.html,,30.0,ELIM,shelf,"Elektronisk musfälla: Willab 369, Victor V2 399, Kvitt 399, Protect Home 478 på PriceRunner; Granngården säljer Victor. Samma form, ankare < 1,6×",,,,,,"PriceRunner: Willab 369, Victor 399, Kvitt 399; Granngården: Victor Elektrisk V2",369.0,,,,,,"Elektronisk musfälla: Willab 369, Victor V2 399, Kvitt 399, Protect Home 478 på PriceRunner; Granngården säljer Victor. Samma form, ankare < 1,6×",False
35.0,?,PASS,False,,,dataset(V2.1),djur,,huset — elektronisk musfälla 2 800 V ute/inne,606092578885951,https://www.temu.com/se/g-606092578885951.html,,30.0,ELIM,shelf,"Elektronisk musfälla: Willab 369, Victor V2 399, Kvitt 399, Protect Home 478 på PriceRunner; Granngården säljer Victor. Samma form, ankare < 1,6×",,,,,,"PriceRunner: Willab 369, Victor 399, Kvitt 399; Granngården: Victor Elektrisk V2",369.0,,,,,,"Elektronisk musfälla: Willab 369, Victor V2 399, Kvitt 399, Protect Home 478 på PriceRunner; Granngården säljer Victor. Samma form, ankare < 1,6×",False
35.0,?,?,False,,,dataset(V2.1),garage,"EV charger holder, waterproof charging plug cable hanger with protector, no drill (ie)",Laddhandtaget,601099899872053,https://www.temu.com/se/g-601099899872053.html,,35.0,ELIM,shelf,Hållare + regnhuv är en variant av kedjornas hållare; skillnaden (huven) är liten,,,,,,,,,,,,,Ser ut som Biltemas hållare i flödet,False
35.0,GREEN,?,False,,,dataset(V2.1),garage,"Seasonal Tire Cover, 4-Tire Storage Bag",De fyra avtagna däcken (sommardäcken i oktober),601099689183551,https://www.temu.com/se/g-601099689183551.html,,30.0,ELIM,shelf,Biltema och Jula säljer exakt samma form (4-pack däckväskor) — ur sökutdrag,7,snippet,,,,"Biltema Däcksäckar 4 st (2000043977), Däckskydd 4 st (2000035014); Jula Däckpåsa",,,,,,,—,False
35.0,?,?,False,,,dataset(V2.1),handmaskiner,1pc Trimmer Strap For Weed Eater Shoulder Strap Harness Upgraded Metal Clip Compatible With EGO String Trimmer Leaf Blow,EGO-trimmer/lövblås — märkesbunden rem,601099516184801,https://www.temu.com/se/g-601099516184801.html,,35.0,ELIM,variant,Märkesbunden kompatibilitet (EGO) — 'passar min maskin?' är den kända risken,,,,,,EGO-återförsäljare säljer originalrem,,,,,,,Publik för liten,False
35.0,?,?,False,,,dataset(V2.1),hus,"Air Conditioner Drip Pan, PP water tray for indoor/outdoor split unit (EJ TILLGÄNGLIG FÖR KÖP på /se, WebFetch 2026-09-0",luftvärmepumpens utedel,601099522761031,https://www.temu.com/se/g-601099522761031.html,,35.0,ELIM,shelf,"Clas Ohlson (kedja) och Bauhaus säljer samma form — tråg 850×400 under utedelen; den svenska versionen har värmekabel, vilket ett kallt PP-tråg saknar: vattnet fryser i tråget och mekanismen slutar fungera exakt när problemet uppstår",,,,,,Clas Ohlson,,Klimatkoncept dräneringstråg med värmekabel (Clas Ohlson 36-221),,,,,Tråget fryser till is i december och kunden får en isklump i stället för en fläck,False
35.0,?,?,False,,,dataset(V2.1),hus,"Air Conditioning Drain Extension Pipe, outdoor thickened anti-corrosion drip hose",luftvärmepumpens utedel,601099536987161,https://www.temu.com/se/g-601099536987161.html,,35.0,ELIM,shelf,"Clas Ohlson (kedja) och Bauhaus säljer samma form — tråg 850×400 under utedelen; den svenska versionen har värmekabel, vilket ett kallt PP-tråg saknar: vattnet fryser i tråget och mekanismen slutar fungera exakt när problemet uppstår",,,,,,Clas Ohlson,,Klimatkoncept dräneringstråg med värmekabel (Clas Ohlson 36-221),,,,,Tråget fryser till is i december och kunden får en isklump i stället för en fläck,False
35.0,?,PASS,False,,,dataset(V2.1),husvagn,"Trailer hitch ball lock universal anti-theft coupling device for trailers/RVs, metal construction",Kulkopplingen på uppställd husvagn/släpvagn,601101957332162,https://www.temu.com/se/g-601101957332162.html,,30.0,ELIM,shelf,"Jula Hamron kulkopplingslås 99,00 / 99,90 / 199 kr, Clas Ohlson Trailerlås kulkopplingslås 269 kr, Biltema Trailerlås (ur Brave-sökutdrag 2026-09-04). Samma form: lås på kulkopplingen. Temu-varianten är ett kul-lås för US-couplers.",,,,,,Jula,99.0,Clas Ohlson Trailerlås,269.0,,,,Jula säljer samma lås för 99 kr; Temu-låsen är måttade för US-kopplingar.,False
35.0,?,PASS,False,,,dataset(V2.1),husvagn,Trailer part coupling lock hitch ball lock tow anti-theft device universal hitch lock,Kulkopplingen på uppställd husvagn/släpvagn,601099520489567,https://www.temu.com/se/g-601099520489567.html,,30.0,ELIM,shelf,"Jula Hamron kulkopplingslås 99,00 / 99,90 / 199 kr, Clas Ohlson Trailerlås kulkopplingslås 269 kr, Biltema Trailerlås (ur Brave-sökutdrag 2026-09-04). Samma form: lås på kulkopplingen. Samma kategori och form som Jula/Clas Ohlson.",,,,,,Jula,99.0,Clas Ohlson Trailerlås,269.0,,,,Jula säljer samma lås för 99 kr; Temu-låsen är måttade för US-kopplingar.,False
35.0,?,PASS,False,,,dataset(V2.1),husvagn,"Car trailer hitch lock anti-theft latch lock for RV off-road hook lock, stainless steel",Kulkopplingen på uppställd husvagn/släpvagn,601099513876237,https://www.temu.com/se/g-601099513876237.html,,30.0,ELIM,shelf,"Jula Hamron kulkopplingslås 99,00 / 99,90 / 199 kr, Clas Ohlson Trailerlås kulkopplingslås 269 kr, Biltema Trailerlås (ur Brave-sökutdrag 2026-09-04). Samma form: lås på kulkopplingen. Latch-lås för US-coupler.",,,,,,Jula,99.0,Clas Ohlson Trailerlås,269.0,,,,Jula säljer samma lås för 99 kr; Temu-låsen är måttade för US-kopplingar.,False
35.0,?,PASS,False,,,dataset(V2.1),husvagn,"Grip trailer wheel lock wheel clamp, security for car/truck/RV, reinforced clamp",Hjulet på uppställd husvagn/släpvagn,601104013410107,https://www.temu.com/se/g-601104013410107.html,,30.0,ELIM,shelf,"Biltema 'Hjullås' (bil, husvagn, släp), Thansen Hjullås 13–17"" 419 kr (ur Brave-sökutdrag 2026-09-04). Samma form.",,,,,,Biltema,,"Thansen Hjullås 13–17""",419.0,,,,Biltema har hjullås i hyllan.,False
35.0,?,PASS,False,,,dataset(V2.1),husvagn,Wheel lock clamp 2-pack trailer wheel lock heavy duty anti-theft tire lock,Hjulet på uppställd husvagn/släpvagn,601099783141987,https://www.temu.com/se/g-601099783141987.html,,30.0,ELIM,shelf,"Biltema 'Hjullås' (bil, husvagn, släp), Thansen Hjullås 13–17"" 419 kr (ur Brave-sökutdrag 2026-09-04). Samma form.",,,,,,Biltema,,"Thansen Hjullås 13–17""",419.0,,,,Biltema har hjullås i hyllan.,False
35.0,?,PASS,False,,,dataset(V2.1),husvagn,"Adjustable wheel clamp with combination lock, universal anti-theft tire clamp steel parking boot",Hjulet på uppställd husvagn/släpvagn,601099588807629,https://www.temu.com/se/g-601099588807629.html,,30.0,ELIM,shelf,"Biltema 'Hjullås' (bil, husvagn, släp), Thansen Hjullås 13–17"" 419 kr (ur Brave-sökutdrag 2026-09-04). Samma form.",,,,,,Biltema,,"Thansen Hjullås 13–17""",419.0,,,,Biltema har hjullås i hyllan.,False
35.0,?,?,False,,,dataset(V2.1),husvagn,"Heavy-duty RV stabilizer jack pads, leveling blocks, trailer tire pad, help prevent jacks from sinking",Stödbenen på husvagnen,601099516832791,https://www.temu.com/se/g-601099516832791.html,,35.0,ELIM,shelf,"Jula Hamron 'Stödbensfötter 4-pk' (PP-plast), Biltema stödben-sortiment (ur Yahoo-sökutdrag 2026-09-04). Samma form.",,,,,,Jula,,,,,,,Jula 4-pack + plywood som gratis substitut.,False
35.0,?,?,False,,,dataset(V2.1),jakt,10x42 rubber lens caps for binoculars + rain guard (ur sökträff),Handkikare (objektiv 42 mm),601102428354243,https://www.temu.com/se/g-601102428354243.html,,35.0,C,,,,,,,,,,,,,,,Prisklassen: ett gummilock bär inte 300 kr.,False
35.0,?,PASS,False,,,dataset(V2.1),jakt,"Neoprene scope optic cover, riflescope protective cover (ur sökträff)",Kikarsiktet på bössan,601099533841174,https://www.temu.com/se/g-601099533841174.html,,30.0,ELIM,shelf,"Samma form finns: Mjoelner Hunting Neoprenfodral för kikarsikte 223,95 kr (Pricerunner 2026-09-04). Ingen ankare över 1,6×.",,,,,,Pricerunner (Mjoelner Hunting neoprenfodral kikarsikte),224.0,,,,,,Hyllan + prisklass.,False
35.0,?,PASS,False,,,dataset(V2.1),jakt,2-pack reversible neoprene rifle scope cover (ur sökträff),Kikarsiktet på bössan,601099600093447,https://www.temu.com/se/g-601099600093447.html,,30.0,ELIM,shelf,"Samma form finns: Mjoelner Hunting Neoprenfodral för kikarsikte 223,95 kr (Pricerunner 2026-09-04). Ingen ankare över 1,6×.",,,,,,Pricerunner (Mjoelner Hunting neoprenfodral kikarsikte),224.0,,,,,,Hyllan + prisklass.,False
35.0,?,PASS,False,,,dataset(V2.1),jakt,Neoprene scope cover sleeve with red zipper & carry handle (ur sökträff),Kikarsiktet på bössan,601099536664578,https://www.temu.com/se/g-601099536664578.html,,30.0,ELIM,shelf,"Samma form finns: Mjoelner Hunting Neoprenfodral för kikarsikte 223,95 kr (Pricerunner 2026-09-04). Ingen ankare över 1,6×.",,,,,,Pricerunner (Mjoelner Hunting neoprenfodral kikarsikte),224.0,,,,,,Hyllan + prisklass.,False
35.0,GREEN,?,False,,,dataset(V2.1),mc,* * Storage Bags Rear Rack Bag With Seat Cushion Upgrade Waterproof Zipper * Passenger Seat Cargo Bag Compatible With * ,ATV-bakväska med passagerardyna (pakethållarväska),601099608947627,https://www.temu.com/se/g-601099608947627.html,,30.0,ELIM,economics,"62,97 USD ≈ 600 kr → landad ≈ 900 kr → > 1 000 kr",2,snippet,,,,Biltema (ATV-väska bak ~600–900 kr),,,,,,,pris,False
35.0,?,PASS,False,,,dataset(V2.1),pool,"2/4 pcs 1.5"" threaded pool winterizing plugs, return line plugs with O-ring (ur söktitel)",Poolens inlopp/bräddavlopp,601099525000589,https://www.temu.com/se/g-601099525000589.html,,30.0,ELIM,economics,,,,,,,Poolkungen: Vinterplugg 80–200 kr (hämtat live 2026-09-04),150.0,,,,,,Pris.,False
35.0,?,PASS,False,,,dataset(V2.1),pool,"Winter swimming pool rubber expansion plug, antifreeze plug for return inlet (ur söktitel)",Poolens inlopp/bräddavlopp,601099513299678,https://www.temu.com/se/g-601099513299678.html,,30.0,ELIM,economics,,,,,,,Poolkungen: Vinterplugg 80–200 kr (hämtat live 2026-09-04),150.0,,,,,,Pris.,False
35.0,?,?,False,,,dataset(V2.1),tomt,"Customizable Luminous Number Mailbox Stickers (ur Temu-söksida, 6,54 USD)",Brevlådan / husnumret,605649106764684,https://www.temu.com/se/g-605649106764684.html,,35.0,C,economics,,,,,,,Biltema/Jula/Clas Ohlson,,,,,,,"Prisgolvet — ett pris under 199 kr har aldrig vunnit utom klistermärkena, och där bar humorn",False
35.0,?,?,False,,,dataset(V2.1),tomt,"1pc Patio Furniture Covers Waterproof Heavy Duty for outdoor table and chairs, UV, snow protection (ur sökutdrag)",Utemöblerna,601099524098765,https://www.temu.com/se/g-601099524098765.html,,35.0,ELIM,shelf,"Samma form och tyg hos alla fyra kedjorna; jämförelsehandlad — gräsklippartäcket (samma tyg, samma hyllstatus) var en förlorare",,,,,,"Biltema/Jula/Rusta/Clas Ohlson (möbelskydd Oxford, 150–500 kr)",,,,,,,Hyllan,False
35.0,?,?,False,,,dataset(V2.1),tomt,"1pc Garden Bench Cover Oxford, drawstring, waterproof windproof anti-UV (ur sökutdrag)",Trädgårdsbänken,601099521190155,https://www.temu.com/se/g-601099521190155.html,,35.0,ELIM,shelf,Bänkskydd finns hos Jula/Rusta (ur minne),,,,,,"Biltema/Jula/Rusta/Clas Ohlson (möbelskydd Oxford, 150–500 kr)",,,,,,,Hyllan,False
35.0,?,?,False,,,dataset(V2.1),vatten,multi-angle gutter cleaning tools spoon+scoop with extension poles,Hängrännan,601101666072542,https://www.temu.com/se/g-601101666072542.html,,35.0,C,,,,,,,,"Jula/Biltema (rännskopa/rännrensare, obekräftat minne)",,,,,,,"Plastskopa — pris under 199 kr, ingen hävstång.",False
35.0,?,?,False,,,dataset(V2.1),vatten,2pcs gutter scoop cleaning tool,Hängrännan,601099573177747,https://www.temu.com/se/g-601099573177747.html,,35.0,C,,,,,,,,"Jula/Biltema (rännskopa/rännrensare, obekräftat minne)",,,,,,,"Plastskopa — pris under 199 kr, ingen hävstång.",False
35.0,?,?,False,,,dataset(V2.1),ved,Vedkärra i stål med hjul,veden,601099604664045,https://www.temu.com/se/g-601099604664045.html,,35.0,ELIM,shelf,Jula och Biltema säljer vedkärror (ur minne) — samma form; dessutom har ägaren en skottkärra = köpt old way som fungerar. EJ VERIFIERAD 2026-09-04: WebSearch-budgeten var slut och Jula/Biltema/Rusta/Clas Ohlson/Bauhaus svarade 403/404/JS-skal på direktanrop. Hyllbedömningen är ur minne och markerad ,,,,,,UNKNOWN,,,,,,,Skottkärran finns redan.,False
35.0,?,?,False,,,dataset(V2.1),ved,"Kaminfläkt utan el, 6 blad, med magnettermometer",braskaminen,601099511882116,https://www.temu.com/se/g-601099511882116.html,,35.0,ELIM,shelf,"Jämförelsehandlad: Jula (Anslut), Clas Ohlson, Rusta, Biltema säljer kaminfläktar ~299–599 kr (ur minne). Jula annonserar den aktivt (Ad Library SE 'kaminfläkt' = 1, Jula-katalog, verifierat). Märkesankare Ecofan ~1 500 kr finns men vår ser ut som Julas, inte som Ecofan. Uppdraget flaggade 'jämförel",,,,,,UNKNOWN,,,,,,,Jula-hyllan + Jula-annonsen.,False
35.0,?,?,False,,,dataset(V2.1),ved,"Grillöverdrag 165 cm, polyester",gasolgrillen,601104025759246,https://www.temu.com/se/g-601104025759246.html,,35.0,ELIM,shelf,"Grillöverdrag säljs av alla fyra kedjor + Weber/Bluegaz-original; 5 aktiva Meta-annonsörer (verifierat: Teknikdelar, Bluegaz, m.fl.). Uppdraget: 'grillskydd — jämförelsehandlat'. EJ VERIFIERAD 2026-09-04: WebSearch-budgeten var slut och Jula/Biltema/Rusta/Clas Ohlson/Bauhaus svarade 403/404/JS-skal ",,,,,,UNKNOWN,,,,,,,Hyllan.,False
35,GREEN,?,False,,,v22/fas2/bat.json,bat,Heavy-duty marine winch cover,vinschoverdrag,607204673485461,https://www.temu.com/se/g-607204673485461.html,,,ELIM,economics,FAIL,0,snippet,4.48,,122,,,,,,,,"4,48 USD: svenskt pris kan aldrig nå 300 kr utan att bli löjligt; ingen ägarfråga bär en vinschkåpa.",False
35,GREEN,?,False,,,v22/fas2/bat.json,bat,Stainless steel snaps buttons kit (kapellknappar),kapellknappar,601103660586817,https://www.temu.com/se/g-601103660586817.html,,,ELIM,economics,FAIL,1,snippet,5.15,,140,,,,,,,,"Under 199 kr-golvet; reservdel, inte produkt.",False
35.0,?,PASS,False,,,v22/fas2/djur.json,djur,"oxford cloth dog crate cover, waterproof (engelsk slug; svensk titel BLOCKED_SOURCE)",Oxford-overdrag till hundburen (varme/vind/lugn),601099572758879,https://www.temu.com/se/g-601099572758879.html,,30.0,ELIM,hyllan,FAIL,,,,,449.0,,,Dogman Buroverdrag stalbur,701.0,449.0,,Fryser hunden i buren?,"Dogman saljer exakt samma form for 416-701 kr i svensk fackhandel. Inget markesankare pa 1,6x finns - ankaret AR produkten.",False
35.0,?,PASS,False,,,v22/fas2/djur.json,djur,"oxford cloth dog crate cover, waterproof (engelsk slug; svensk titel BLOCKED_SOURCE)",Oxford-overdrag till hundburen (varme/vind/lugn),601099577821819,https://www.temu.com/se/g-601099577821819.html,,30.0,ELIM,hyllan,FAIL,,,,,449.0,,,Dogman Buroverdrag stalbur,701.0,449.0,,Fryser hunden i buren?,"Dogman saljer exakt samma form for 416-701 kr i svensk fackhandel. Inget markesankare pa 1,6x finns - ankaret AR produkten.",False
35.0,?,PASS,False,,,v22/fas2/djur.json,djur,"oxford cloth dog crate cover, waterproof (engelsk slug; svensk titel BLOCKED_SOURCE)",Oxford-overdrag till hundburen (varme/vind/lugn),601099519740963,https://www.temu.com/se/g-601099519740963.html,,30.0,ELIM,hyllan,FAIL,,,,,449.0,,,Dogman Buroverdrag stalbur,701.0,449.0,,Fryser hunden i buren?,"Dogman saljer exakt samma form for 416-701 kr i svensk fackhandel. Inget markesankare pa 1,6x finns - ankaret AR produkten.",False
35.0,?,PASS,False,,,v22/fas2/djur.json,djur,"oxford cloth dog crate cover, waterproof (engelsk slug; svensk titel BLOCKED_SOURCE)",Oxford-overdrag till hundburen (varme/vind/lugn),601099519090088,https://www.temu.com/se/g-601099519090088.html,,30.0,ELIM,hyllan,FAIL,,,,,449.0,,,Dogman Buroverdrag stalbur,701.0,449.0,,Fryser hunden i buren?,"Dogman saljer exakt samma form for 416-701 kr i svensk fackhandel. Inget markesankare pa 1,6x finns - ankaret AR produkten.",False
35.0,?,PASS,False,,,v22/fas2/djur.json,djur,"oxford cloth dog crate cover, waterproof (engelsk slug; svensk titel BLOCKED_SOURCE)",Oxford-overdrag till hundburen (varme/vind/lugn),601099519841722,https://www.temu.com/se/g-601099519841722.html,,30.0,ELIM,hyllan,FAIL,,,,,449.0,,,Dogman Buroverdrag stalbur,701.0,449.0,,Fryser hunden i buren?,"Dogman saljer exakt samma form for 416-701 kr i svensk fackhandel. Inget markesankare pa 1,6x finns - ankaret AR produkten.",False
35.0,?,PASS,False,,,v22/fas2/djur.json,djur,"oxford cloth dog crate cover, waterproof (engelsk slug; svensk titel BLOCKED_SOURCE)",Oxford-overdrag till hundburen (varme/vind/lugn),601099584740177,https://www.temu.com/se/g-601099584740177.html,,30.0,ELIM,hyllan,FAIL,,,,,449.0,,,Dogman Buroverdrag stalbur,701.0,449.0,,Fryser hunden i buren?,"Dogman saljer exakt samma form for 416-701 kr i svensk fackhandel. Inget markesankare pa 1,6x finns - ankaret AR produkten.",False
35.0,GREEN,?,False,,,v22/fas2/djur.json,djur,(engelsk slug; svensk titel BLOCKED_SOURCE),Vaggmonterad hohack for hage/stall,602735827085945,https://www.temu.com/se/g-602735827085945.html,,30.0,ELIM,publik,FAIL,36,snippet,27.0,,799.0,,,Hooks/Kellfri hohackar,,799.0,,Trampar hasten ner hoet i leran?,Gate 9: hastutrustning kops av kvinnor. Plus hyllad fackhandel.,False
35.0,GREEN,?,False,,,v22/fas2/garage-fordon.json,garage-fordon,"1pc Car Jack Rubber Pad, Frame Protector Adapter, Jacking Tool, Pinch Weld Side Lifting Disk Adaptor (BMW E46/E90/X1/X3/",Gummiadapter mellan domkraft och bilens lyftpunkt,601099519933113,https://www.temu.com/se/g-601099519933113.html,,30.0,ELIM,variant,FAIL,37,snippet,4.0,,109,,,,,,,Bucklar domkraften bilens tröskel?,Listningarna är modellspecifika (E46/E90/R56) — exakt 'SKU per maskinmodell' i den negativa rymden. Och 2–10 dollar ger ingen 300-kronorsprodukt.,False
35.0,GREEN,?,False,,,v22/fas2/garage-fordon.json,garage-fordon,"Universal Rubber Car Jack Pad, Slotted Adapter Frame Protector Tool for Lifting Jack Stand",Gummiadapter mellan domkraft och bilens lyftpunkt,601101053921039,https://www.temu.com/se/g-601101053921039.html,,30.0,ELIM,variant,FAIL,8,snippet,6.0,,163,,,,,,,Bucklar domkraften bilens tröskel?,Listningarna är modellspecifika (E46/E90/R56) — exakt 'SKU per maskinmodell' i den negativa rymden. Och 2–10 dollar ger ingen 300-kronorsprodukt.,False
35.0,GREEN,?,False,,,v22/fas2/hus.json,hus,"100pcs Heavy Duty Black Shade Cloth Clips, Round PP Plastic Fasteners for Securing Sun Shade Net, Bird Net, Garden Shade",natklamror-presenning,601101467974424,https://www.temu.com/se/g-601101467974424.html,,30.0,ELIM,economics,FAIL,99,snippet+,5.0,,136,,,,,,,Blåser presenningen av vedhögen?,$5 landat 52–61 kr ger ett svenskt pris på 149–199 kr — under golvet.,False
35,GREEN,?,False,,,v22/fas2/husvagn-mc.json,husvagn-mc,1pc propane tank cover heavy duty oxford fabric suitable for outdoor gas cylinders,gasoltuben,601099514354769,https://www.temu.com/se/g-601099514354769.html,,,ELIM,economics,FAIL,99,snippet+,5.0,,136,,,,,,,,"5 USD ger landad 52-61 kr; 2,4x hamnar pa 125-147 kr.",False
35,GREEN,?,False,,,v22/fas2/husvagn-mc.json,husvagn-mc,motorcycle bike handlebar mount holder bicycle for cell phone gps,atv-forvaring,606459781809198,https://www.temu.com/se/g-606459781809198.html,,,ELIM,economics,FAIL,63,snippet,4.0,,109,,,,,,,,"4 USD, och mobilhallare ar kedjevara.",False
35.0,?,?,False,,,v22/fas2/jakt.json,jakt,"Universal rear drop basket rack, steel cargo carrier for ATV/UTV storage, rear cargo drop basket, no hardware",ATV-tillbehor for kortransport till passet,601099604297883,https://www.temu.com/se/g-601099604297883.html,,35.0,C,,PENDING_VERIFICATION,,,,,899.0,,,Biltema/Jula ATV- och MC-tillbehor; bakvaska MC ar redan testad kategori pa kont,,899.0,,Slapar du jaktgrejerna last pa fyrhjulingen?,Stal i den har storleken landar nastan alltid over 420 kr; priset gick inte att lasa.,False
35.0,?,PASS,False,,,v22/fas2/maskiner.json,maskiner,"1pc leaf bag blower vacuum sucker backpack vacuum lawn pack mulcher storage universal garden bag, leaf blower replacemen",Uppsamlarsäck och munstycksbooster till lövblåsen,601099519452677,https://www.temu.com/se/g-601099519452677.html,,30.0,ELIM,variant,FAIL,,,,,299.0,,,Husqvarna Platt Munstycke Lövblås 530BT (PriceRunner),219.0,299.0,,Har lövsugens säck gått sönder?,Modellbunden reservdel. Bonusfynd: Makita bröstband till lövblås ligger på svenska hyllan för 59 kr - det bekräftar att axelrem-till-lövblås var rätt att fälla.,False
35.0,?,PASS,False,,,v22/fas2/maskiner.json,maskiner,"Leaf blower vacuum replacement bag 1-2 pack, bottom zip debris collection bag, compatible with most blowers",Uppsamlarsäck och munstycksbooster till lövblåsen,601099554874826,https://www.temu.com/se/g-601099554874826.html,,30.0,ELIM,variant,FAIL,,,,,299.0,,,Husqvarna Platt Munstycke Lövblås 530BT (PriceRunner),219.0,299.0,,Har lövsugens säck gått sönder?,Modellbunden reservdel. Bonusfynd: Makita bröstband till lövblås ligger på svenska hyllan för 59 kr - det bekräftar att axelrem-till-lövblås var rätt att fälla.,False
35.0,?,PASS,False,,,v22/fas2/maskiner.json,maskiner,1pc leaf blower bag garden vacuum bag collection universal bag replacement,Uppsamlarsäck och munstycksbooster till lövblåsen,601099627504700,https://www.temu.com/se/g-601099627504700.html,,30.0,ELIM,variant,FAIL,,,,,299.0,,,Husqvarna Platt Munstycke Lövblås 530BT (PriceRunner),219.0,299.0,,Har lövsugens säck gått sönder?,Modellbunden reservdel. Bonusfynd: Makita bröstband till lövblås ligger på svenska hyllan för 59 kr - det bekräftar att axelrem-till-lövblås var rätt att fälla.,False
35.0,?,PASS,False,,,v22/fas2/maskiner.json,maskiner,"Cyclone 2X for leaf blower, venturi booster attachment, airflow amplifier turbo nozzle extension for LB615/765, 2.4 inch",Uppsamlarsäck och munstycksbooster till lövblåsen,601105275712209,https://www.temu.com/se/g-601105275712209.html,,30.0,ELIM,variant,FAIL,,,,,299.0,,,Husqvarna Platt Munstycke Lövblås 530BT (PriceRunner),219.0,299.0,,Har lövsugens säck gått sönder?,Modellbunden reservdel. Bonusfynd: Makita bröstband till lövblås ligger på svenska hyllan för 59 kr - det bekräftar att axelrem-till-lövblås var rätt att fälla.,False
35.0,?,?,False,,,v22/fas2/tomt.json,tomt,"2-In-1 Extendable 10-Section Telescopic Pole Pruner With Saw, Alloy Steel Pole Saw",teleskopisk grensåg/stamkvistare,601105601001774,https://www.temu.com/se/g-601105601001774.html,,35.0,ELIM,hyllan,FAIL,,,54.0,,1470,,,,,,,Hänger grenarna över taket?,"Hyllan, plus landad 564–661 kr över 420-stoppet.",False
35.0,?,?,False,,,v22/fas2/ved-eldstad.json,ved-eldstad,saw horse with chainsaw holder,sagbock-motorsagshallare,601099622329476,https://www.temu.com/g-601099622329476.html,,35.0,ELIM,shelf,FAIL,,,,,,,,Jula sågbock (Oregon) + Hard Head hopfällbar sågbock; P. Lindberg sågbock med hå,,,,Kapar du veden på marken?,Jula har en egen kategori Sågbockar och P. Lindberg säljer exakt formen med motorsågshållare.,False
35.0,?,?,False,,,v22/fas2/ved-eldstad.json,ved-eldstad,saw horse with chainsaw holder (CA-listning av samma produkt),sagbock-motorsagshallare,601100813811091,https://www.temu.com/g-601100813811091.html,,35.0,ELIM,shelf,FAIL,,,,,,,,Jula sågbock (Oregon) + Hard Head hopfällbar sågbock; P. Lindberg sågbock med hå,,,,Kapar du veden på marken?,Jula har en egen kategori Sågbockar och P. Lindberg säljer exakt formen med motorsågshållare.,False
35.0,?,PASS,False,,,batch1/fritidshus.json,fritidshus,Vinteröverdrag/avtappningssats för regntunnan,Regn-/vattentunnan på fritidshuset,601099516847149,https://www.temu.com/se/g-601099516847149.html,,30.0,REJECT,,"FAIL — Biltema/Jula säljer redan lock till regntunnor; dessutom visade Temu-sökningen bara MYGGNÄT-överdrag (för löv/insekter), inte frostskyddsöverdrag — materialet matchar inte historien Biltema säljer redan 'Lock till regntunna 70 liter' och Jula säljer 'Lock för vattentunna' (bekräftat via WebSe",,,,,,Biltema säljer redan 'Lock till regntunna 70 liter' och Jula säljer 'Lock för va,,"Jula Vattentunna 200L (hel tunna, för jämförelse)",398.0,,,N/A,"Biltema och Jula säljer redan lock till regntunnor, och de Temu-produkter som faktiskt hittades är myggnät för löv/insekter — inte frostskydd. Konceptet och det tillgängliga materialet matchar inte va",False
35.0,?,?,False,,,batch1/fritidshus.json,fritidshus,WiFi-uppkopplad musfälla med app-larm,Insidan av fritidshuset (skadedjur),,,,35.0,REJECT,,PASS men ingen produkt att pröva mot Ingen svensk träff hittad för specifikt 'smart musfälla' — men irrelevant eftersom ingen Temu-listning hittades heller,,,,,,Ingen svensk träff hittad för specifikt 'smart musfälla' — men irrelevant efters,,,,,,N/A,"Ingen Temu-listning hittades alls, och app/wifi-krav är en uttalad negativ-rymd-flagga (montering/inlärning) i vinnar-DNA:t.",False
35.0,?,PASS,False,,,batch1/hostfiske.json,hostfiske,"Bärbar undervattenslampa som klipps fast på bryggan för att locka fisk i mörker (alternativ till pannlampan, som ska hop",Bryggan + vattnet,,,,30.0,WATCH,,"OKLAR - varken hylla-FAIL i strikt mening eller ett tydligt PASS. Det tudelade läget (billig engångsvara + dyr fast installation) kan betyda ett genuint marknadsglapp, eller att mellansegmentet inte finns för att efterfrågan saknas Marknaden är tudelad: (1) billiga engångs-'lockljus' 39-100 kr på Fy",,,,,,Marknaden är tudelad: (1) billiga engångs-'lockljus' 39-100 kr på Fyndiq/Fruugo/,39.0,Ocean LED bryggsystem,,,,Ser du napp i mörkret?,"Ingen bekräftad evidens för att svenska gädd-/abborr-/havsöringsfiskare fiskar aktivt med lockljus i mörker - detta kan vara importerat behov utan lokal efterfrågan. Ligger farligt nära den ""mörker""-k",False
35.0,?,WARN+ankare,False,,,v23/dolda-parlor.json,dolda-parlor,Solcellsdriven ljusgran för flaggstång (julbelysning utan sladd),Ljusslingor från flaggstångstoppen till marken som bildar en 'julgran' — svensk adventstradition — men solcellsdrivna så att ingen 230 V-kabel behöver dras över gräsmattan.,,,601099525148864 601099522823512,40.0,FAIL (hyllan) / ALTERNATIVE_LISTING_REQUIRED om en flaggstångsspecifik solcellsgran med stort batteri dyker upp — och då bara som bundle med rank 1.,,"FAIL: kategorin 'flaggstångsbelysning jul' är fullt hyllad i Sverige (Clas Ohlson, Granngården, Bygghemma, Jula/Rusta säsongsvis) med en prisstege 625 → 2 995 kr. Solcellsvarianten skulle bara vinna om ingen kedja har den — och Temu har ingen flaggstångsspecifik solcellsgran att köpa.",,,,,699.0,"Clas Ohlson Northlight flaggstångsbelysning LED 9 m+ (230 V, 10 slingor) 699 kr,",625.0,Formenta Glimma ljusgran LED från 1 485 kr; Formenta flaggstångsbelysning från 2,1485.0,699.0,BLACK WEEK / GIFT,Sladd över gräsmattan varje advent?,Solcell i december: 5–6 h svag sol räcker inte till 300 LED i 6 h per kväll — produkten skulle slockna på julafton. Plus full svensk hylla.,False
35.0,?,PASS,False,,,v23/dolda-parlor.json,dolda-parlor,Isfrihållare / dammvärmare till trädgårdsdamm (hål i isen för fiskarna),Flytande enhet som håller ett hål öppet i dammens is så att gaser ventileras och fiskarna överlever. Nämnd i uppdraget som 'dammens vinterventil'.,,,,30.0,FAIL (presens: skadan i jan–feb; hyllan: Oase i hela fackhandeln). Ärligt svar på uppdragets fråga: 'isfri-produkter' är kranskyddet igen.,,"FAIL — hela den svenska dammfackhandeln säljer formen (Oase), och konceptet faller redan på presens.",,,,,,Dammcenter 'Isfri frigolit' (pris ej läst); Oase IceFree 4 Seasons 799 kr (Zoogi,799.0,"Oase IceFree Thermo 200 999 kr; Thermo 330 1 599 kr (Zoogiganten, Dammcenter, Da",999.0,,OCTOBER (köp) — men skadan i januari,Fryser dammen till i vinter?,—,False
35.0,?,?,False,HARD REJECT,MARKETPLACE FAILURE,v23/present-hobby.json,present-hobby,Trådlös grilltermometer med två sonder (500 ft) – julskinkan,"Trådlös kötttermometer, dubbla sonder, 150 m räckvidd, larm — 'julskinkan blir rätt' som Q4-vinkel för grillmannen.",601099761936638,https://www.temu.com/-tp08-wireless-meat-thermometer-500ft-range-dual-probes-for-grilling-bbq-digital-kitchen-cooking-temperature-gauge-with-alerts--batteries-g-601099761936638.html,601099534489664 603218205574234,35.0,REJECT — kedjan äger formen.,,FAIL — tre kedjor har formen; jämförelsehandlad commodity.,,,,,449.0,"Clas Ohlson Grilltermometer trådlös digital LCD (44-5812), Jula Menuett trådlös ",,Weber iGrill 2 / Meater Original (Clas Ohlson) ~1 000+ kr,,449.0,BLACK WEEK / GIFT,Blir julskinkan torr igen?,Commodity med kedjor + app-jättar.,False
35.0,?,PASS,False,HARD REJECT,MARKETPLACE FAILURE,v23/present-hobby.json,present-hobby,Överlevnads-/verktygsadventskalender 24 dagar (herr),"24 luckor med små verktyg/överlevnadsprylar (multiverktygskort, tändstål, kompass, karbinhakar). Verktygsvarianten av fiskekalendern.",601103574007559,https://www.temu.com/ch-en/mens-survival-tool-kit-advent-calendar-2025-mens-advent-calendar-survival-tools-24-days-christmas-countdown-2025-christmas--surprise-gift-best-for-christmas--thanksgiving-advent-calendar-christmas-advent-kalender-christmas-advent-calendar-christmas-calendar-fillable-advent-calendar-g-601103574007559.html,601099780372054,30.0,REJECT.,,"FAIL — marketplace säljer identisk form; ankaret (Wera 615) är ett riktigt verktygsmärke bara 1,2× över vår tänkta nivå.",,,,,499.0,"Amazon.se, CDON (Fuleadture) och Fyndiq säljer redan Temu-typens överlevnadskale",499.0,"Wera Adventskalender 2026 (riktiga bits/verktyg) 615 kr (Proshop, Coolstuff, Byg",615.0,499.0,BLACK WEEK / GIFT,24 prylar till garaget före jul?,Innehållskvalitet + marketplace-golv.,False
35,?,?,False,,,v22/fas1/lockskydd-spabad.json,fas1,"Square hot tub cover, outdoor spa pool cover with secure drawstring closure, black textured design with green accents, p","Lockskydd / skyddsöverdrag (""cover cap"") som träs över det styva isolerade locket på ett fast utomhusspabad. Objekt: spalocket. Friktion sep–okt: löv, barr, regn och sol på locket; locket suger vatten och blir tungt.",601099816288753,,,,FAIL,,,,,,,,,,,,,,,,False
35,?,?,False,,,v22/fas1/lockskydd-spabad.json,fas1,"1pc 420D Hot Tub Cover Protector Waterproof Outdoor Spa Cover Cap for Hot Tub 76x76in/80x80in/86x86in/96in, black","Lockskydd / skyddsöverdrag (""cover cap"") som träs över det styva isolerade locket på ett fast utomhusspabad. Objekt: spalocket. Friktion sep–okt: löv, barr, regn och sol på locket; locket suger vatten och blir tungt.",601099525298121,,,,FAIL,,,,,,,,,,,,,,,,False
35,?,?,False,,,v22/fas1/lockskydd-spabad.json,fas1,"Outdoor waterproof and weatherproof hot tub cover 85×85 inch, fits 84×84 / 83×83 / 82×82 / 7ft×7ft spa, 600D heavy duty ","Lockskydd / skyddsöverdrag (""cover cap"") som träs över det styva isolerade locket på ett fast utomhusspabad. Objekt: spalocket. Friktion sep–okt: löv, barr, regn och sol på locket; locket suger vatten och blir tungt.",601100870942586,,,,FAIL,,,,,,,,,,,,,,,,False
35,?,?,False,,,v22/fas1/lockskydd-spabad.json,fas1,"Heavy duty 600D waterproof weatherproof hot tub cover, fits 80×80 inch square spas, protective outdoor cap","Lockskydd / skyddsöverdrag (""cover cap"") som träs över det styva isolerade locket på ett fast utomhusspabad. Objekt: spalocket. Friktion sep–okt: löv, barr, regn och sol på locket; locket suger vatten och blir tungt.",601099571021199,,,,FAIL,,,,,,,,,,,,,,,,False
35,?,?,False,,,v22/fas1/lockskydd-spabad.json,fas1,"Waterproof hot tub resistant above ground spa cover with 600D heavy duty oxford fabric, outdoor square hot tub protector","Lockskydd / skyddsöverdrag (""cover cap"") som träs över det styva isolerade locket på ett fast utomhusspabad. Objekt: spalocket. Friktion sep–okt: löv, barr, regn och sol på locket; locket suger vatten och blir tungt.",601099624781221,,,,FAIL,,,,,,,,,,,,,,,,False
35,?,?,False,,,v22/fas1/lockskydd-spabad.json,fas1,"1 pack waterproof 420D oxford fabric square cover for hot tub, outdoor windproof spa cover for 90×90 inch hot tub","Lockskydd / skyddsöverdrag (""cover cap"") som träs över det styva isolerade locket på ett fast utomhusspabad. Objekt: spalocket. Friktion sep–okt: löv, barr, regn och sol på locket; locket suger vatten och blir tungt.",601099614027631,,,,FAIL,,,,,,,,,,,,,,,,False
35,?,?,False,,,v22/fas1/lockskydd-spabad.json,fas1,"1pc 80×80 inch square hot tub cover, durable PVC outdoor spa cover with secure straps, weather resistant, for patio gard","Lockskydd / skyddsöverdrag (""cover cap"") som träs över det styva isolerade locket på ett fast utomhusspabad. Objekt: spalocket. Friktion sep–okt: löv, barr, regn och sol på locket; locket suger vatten och blir tungt.",601103399307558,,,,FAIL,,,,,,,,,,,,,,,,False
35,?,?,False,,,v22/fas1/lockskydd-spabad.json,fas1,"Waterproof 600D Oxford Cloth Round Hot Tub Cover, PVC protector, fits 203.2×35.56 cm spas, black","Lockskydd / skyddsöverdrag (""cover cap"") som träs över det styva isolerade locket på ett fast utomhusspabad. Objekt: spalocket. Friktion sep–okt: löv, barr, regn och sol på locket; locket suger vatten och blir tungt.",601099576709518,,,,FAIL,,,,,,,,,,,,,,,,False
35,?,?,False,,,v22/fas1/lockskydd-spabad.json,fas1,"1 pack cover protector, waterproof outdoor spa cover cap for square, durable polyester square cover, outdoor spa covers","Lockskydd / skyddsöverdrag (""cover cap"") som träs över det styva isolerade locket på ett fast utomhusspabad. Objekt: spalocket. Friktion sep–okt: löv, barr, regn och sol på locket; locket suger vatten och blir tungt.",601099533700276,,,,FAIL,,,,,,,,,,,,,,,,False
35,?,?,False,,,v22/fas1/lockskydd-spabad.json,fas1,"1pc indoor/outdoor waterproof dustproof hot tub cover for above ground pools, leaf protection spa cover","Lockskydd / skyddsöverdrag (""cover cap"") som träs över det styva isolerade locket på ett fast utomhusspabad. Objekt: spalocket. Friktion sep–okt: löv, barr, regn och sol på locket; locket suger vatten och blir tungt.",601099564181407,,,,FAIL,,,,,,,,,,,,,,,,False
35,?,?,False,,,v22/fas1/lockskydd-spabad.json,fas1,"Waterproof outdoor furniture set cover, square polyester protective dustproof SPA hot tub cover with stretch fasteners, ","Lockskydd / skyddsöverdrag (""cover cap"") som träs över det styva isolerade locket på ett fast utomhusspabad. Objekt: spalocket. Friktion sep–okt: löv, barr, regn och sol på locket; locket suger vatten och blir tungt.",601099569844418,,,,FAIL,,,,,,,,,,,,,,,,False
35,?,?,False,,,v22/fas1/lockskydd-spabad.json,fas1,"1 pc square hot tub cover 600D patio outdoor waterproof UV spa cover for hot tub, black heavy duty oxford, hot tub HARD ","Lockskydd / skyddsöverdrag (""cover cap"") som träs över det styva isolerade locket på ett fast utomhusspabad. Objekt: spalocket. Friktion sep–okt: löv, barr, regn och sol på locket; locket suger vatten och blir tungt.",601099584115126,,,,FAIL,,,,,,,,,,,,,,,,False
35,?,?,False,,,v22/fas1/lockskydd-spabad.json,fas1,"90 × 90 × 20 inch hot tub cover protector, outdoor spa covers for hot tub, heavy duty 600D polyester, waterproof UV prot","Lockskydd / skyddsöverdrag (""cover cap"") som träs över det styva isolerade locket på ett fast utomhusspabad. Objekt: spalocket. Friktion sep–okt: löv, barr, regn och sol på locket; locket suger vatten och blir tungt.",601099642654541,,,,FAIL,,,,,,,,,,,,,,,,False
35,?,?,False,,,v22/fas1/lockskydd-spabad.json,fas1,"Heavy duty square hot tub cover 600D waterproof UV resistant, above ground pool spa protector, fits 193.04 × 193.04 cm o","Lockskydd / skyddsöverdrag (""cover cap"") som träs över det styva isolerade locket på ett fast utomhusspabad. Objekt: spalocket. Friktion sep–okt: löv, barr, regn och sol på locket; locket suger vatten och blir tungt.",601099570283880,,,,FAIL,,,,,,,,,,,,,,,,False
35,?,?,False,,,v22/fas1/lockskydd-spabad.json,fas1,"Outdoor square rainproof dust proof bathtub protector cover, hot spring bath cover cap, foldable square rainproof sunscr","Lockskydd / skyddsöverdrag (""cover cap"") som träs över det styva isolerade locket på ett fast utomhusspabad. Objekt: spalocket. Friktion sep–okt: löv, barr, regn och sol på locket; locket suger vatten och blir tungt.",601099624442242,,,,FAIL,,,,,,,,,,,,,,,,False
35,?,?,False,,,v22/fas1/lockskydd-spabad.json,fas1,"Oxford fabric hot tub cover, waterproof UV dust resistant, with full coverage + storage bag, fits 79×79 to 94×94 inch sp","Lockskydd / skyddsöverdrag (""cover cap"") som träs över det styva isolerade locket på ett fast utomhusspabad. Objekt: spalocket. Friktion sep–okt: löv, barr, regn och sol på locket; locket suger vatten och blir tungt.",601099896745551,,,,FAIL,,,,,,,,,,,,,,,,False
35,?,?,False,,,v22/fas1/lockskydd-spabad.json,fas1,"Lightweight weather resistant spa cover for hot tubs up to 92""W × 82""D × 14""H, 12 gauge vinyl with polyester lining, UV ","Lockskydd / skyddsöverdrag (""cover cap"") som träs över det styva isolerade locket på ett fast utomhusspabad. Objekt: spalocket. Friktion sep–okt: löv, barr, regn och sol på locket; locket suger vatten och blir tungt.",601101148906371,,,,FAIL,,,,,,,,,,,,,,,,False
35,?,?,False,,,v22/fas1/lockskydd-spabad.json,fas1,"1pc outdoor spa/swimming pool cover, dust cover, outdoor bathtub sun protection waterproof cover, black with elastic fas","Lockskydd / skyddsöverdrag (""cover cap"") som träs över det styva isolerade locket på ett fast utomhusspabad. Objekt: spalocket. Friktion sep–okt: löv, barr, regn och sol på locket; locket suger vatten och blir tungt.",601099524148200,,,,FAIL,,,,,,,,,,,,,,,,False
35,?,?,False,,,v22/fas1/lockskydd-spabad.json,fas1,"1 Förpackning Svart Kvadratiskt Överdrag, Spa Överdrag, Tungt 600D Överdrag, PU Oxfordtyg, Vattentät, UV-skydd, Utomhus ","Lockskydd / skyddsöverdrag (""cover cap"") som träs över det styva isolerade locket på ett fast utomhusspabad. Objekt: spalocket. Friktion sep–okt: löv, barr, regn och sol på locket; locket suger vatten och blir tungt.",601099552836127,,,,FAIL,,,,,,,,,,,,,,,,False
35,?,?,False,,,v22/fas1/lockskydd-spabad.json,fas1,"1 Förpackning Rund Badtunna Spa-Överdrag, Polyester, Vattentät, UV-skydd och Vindtät, Lättviktsmaterial, Väderbeständig,","Lockskydd / skyddsöverdrag (""cover cap"") som träs över det styva isolerade locket på ett fast utomhusspabad. Objekt: spalocket. Friktion sep–okt: löv, barr, regn och sol på locket; locket suger vatten och blir tungt.",601099523147464,,,,FAIL,,,,,,,,,,,,,,,,False
35,?,?,False,,,v22/fas1/lockskydd-spabad.json,fas1,"Round hot tub cover, foldable hot tub LID with handles on 2 sides, energy saving and rain protection","Lockskydd / skyddsöverdrag (""cover cap"") som träs över det styva isolerade locket på ett fast utomhusspabad. Objekt: spalocket. Friktion sep–okt: löv, barr, regn och sol på locket; locket suger vatten och blir tungt.",601099652974876,,,,FAIL,,,,,,,,,,,,,,,,False
35,?,?,False,,,v22/fas1/tandvedsklyv.json,fas1,"10x14.5in Kindling Splitter Solid Cast Log Splitter for Wood, 9lbs Heavy Duty with Half-Ring, Manual Firewood Cracker Sp","Tändvedsklyv i gjutjärn/stål av Kindling Cracker-typ — fast ring/ram + kil som veden ställs i och slås ned i med klubba. Objekt: vedstacken + braskaminen/eldstaden. Friktion sep–okt: eldningssäsongen börjar, tändved klyvs med yxa på huggkubb, händerna nära eggen.",601099555665183,,,,PASS,,,,,,,,,,,,,,,,False
35,?,?,False,,,v22/fas1/tandvedsklyv.json,fas1,"Log Splitter Axe Wood Splitter with Cast Steel Wedge, Kindling Cracker, Log Splitters for Firewood, Heavy Duty Maul Spli","Tändvedsklyv i gjutjärn/stål av Kindling Cracker-typ — fast ring/ram + kil som veden ställs i och slås ned i med klubba. Objekt: vedstacken + braskaminen/eldstaden. Friktion sep–okt: eldningssäsongen börjar, tändved klyvs med yxa på huggkubb, händerna nära eggen.",601099572734123,,,,PASS,,,,,,,,,,,,,,,,False
35,?,?,False,,,v22/fas1/tandvedsklyv.json,fas1,"Wood Splitter 6.5 inch Firewood Splitter Log Splitter, Sharpened Alloy Steel Opening, Iron Made Solid Base, 8.7 pound we","Tändvedsklyv i gjutjärn/stål av Kindling Cracker-typ — fast ring/ram + kil som veden ställs i och slås ned i med klubba. Objekt: vedstacken + braskaminen/eldstaden. Friktion sep–okt: eldningssäsongen börjar, tändved klyvs med yxa på huggkubb, händerna nära eggen.",601099600046272,,,,PASS,,,,,,,,,,,,,,,,False
35,?,?,False,,,v22/fas1/tandvedsklyv.json,fas1,"Cast Steel Manual Log Splitter, Heavy Duty Double-blade Wood Firewood Splitter, Metal Fire Pit Ring Stand, no electricit","Tändvedsklyv i gjutjärn/stål av Kindling Cracker-typ — fast ring/ram + kil som veden ställs i och slås ned i med klubba. Objekt: vedstacken + braskaminen/eldstaden. Friktion sep–okt: eldningssäsongen börjar, tändved klyvs med yxa på huggkubb, händerna nära eggen.",601099792195367,,,,PASS,,,,,,,,,,,,,,,,False
35,?,?,False,,,v22/fas1/tandvedsklyv.json,fas1,"Heavy Duty Iron Manual Log Splitter Single Pack, Cast Iron Wood Splitting Stand for Camping, Fireplace, Fire Pits, Indoo","Tändvedsklyv i gjutjärn/stål av Kindling Cracker-typ — fast ring/ram + kil som veden ställs i och slås ned i med klubba. Objekt: vedstacken + braskaminen/eldstaden. Friktion sep–okt: eldningssäsongen börjar, tändved klyvs med yxa på huggkubb, händerna nära eggen.",601099733399693,,,,PASS,,,,,,,,,,,,,,,,False
35,?,?,False,,,v22/fas1/tandvedsklyv.json,fas1,"Firewood Kindling Splitter Cast Iron Heavy Duty Manual Log Splitter, Portable Wood Splitting Wedge, Firewood Log Kindlin","Tändvedsklyv i gjutjärn/stål av Kindling Cracker-typ — fast ring/ram + kil som veden ställs i och slås ned i med klubba. Objekt: vedstacken + braskaminen/eldstaden. Friktion sep–okt: eldningssäsongen börjar, tändved klyvs med yxa på huggkubb, händerna nära eggen.",601099513384307,,,,PASS,,,,,,,,,,,,,,,,False
35,?,?,False,,,v22/fas1/tandvedsklyv.json,fas1,1pc Firewood Kindling Splitter For Wood Cast Iron Wood Splitter Hand Cutter Kindling Racker Manual Log Splitter Wedge Fi,"Tändvedsklyv i gjutjärn/stål av Kindling Cracker-typ — fast ring/ram + kil som veden ställs i och slås ned i med klubba. Objekt: vedstacken + braskaminen/eldstaden. Friktion sep–okt: eldningssäsongen börjar, tändved klyvs med yxa på huggkubb, händerna nära eggen.",601099520275736,,,,PASS,,,,,,,,,,,,,,,,False
35,?,?,False,,,v22/fas1/tandvedsklyv.json,fas1,"Firewood Kindling Splitter 9x17 XL Wood Splitter, Unique V-shaped Finger Safety Blade, Manual Log Splitter for Wood Spli","Tändvedsklyv i gjutjärn/stål av Kindling Cracker-typ — fast ring/ram + kil som veden ställs i och slås ned i med klubba. Objekt: vedstacken + braskaminen/eldstaden. Friktion sep–okt: eldningssäsongen börjar, tändved klyvs med yxa på huggkubb, händerna nära eggen.",601099629002416,,,,PASS,,,,,,,,,,,,,,,,False
35,?,?,False,,,v22/fas1/tandvedsklyv.json,fas1,"1pc Firewood Kindling Splitter, Power Log Splitter, Heavy Duty Manual Wood Splitter, Kindling Cracker, Manganese Steel S","Tändvedsklyv i gjutjärn/stål av Kindling Cracker-typ — fast ring/ram + kil som veden ställs i och slås ned i med klubba. Objekt: vedstacken + braskaminen/eldstaden. Friktion sep–okt: eldningssäsongen börjar, tändved klyvs med yxa på huggkubb, händerna nära eggen.",601099519706360,,,,PASS,,,,,,,,,,,,,,,,False
35,?,?,False,,,v22/fas1/tandvedsklyv.json,fas1,"GoPlus Firewood Kindling Cracker Splitter, Manual Steel Log Cutter Wedge Tool for Home","Tändvedsklyv i gjutjärn/stål av Kindling Cracker-typ — fast ring/ram + kil som veden ställs i och slås ned i med klubba. Objekt: vedstacken + braskaminen/eldstaden. Friktion sep–okt: eldningssäsongen börjar, tändved klyvs med yxa på huggkubb, händerna nära eggen.",601099595396016,,,,PASS,,,,,,,,,,,,,,,,False
35,?,?,False,,,v22/fas1/tandvedsklyv.json,fas1,"1pc Portable Manual Log Splitter With Stand, High Carbon Steel Wood Splitting Tool, Protective Gloves, Compact Firewood ","Tändvedsklyv i gjutjärn/stål av Kindling Cracker-typ — fast ring/ram + kil som veden ställs i och slås ned i med klubba. Objekt: vedstacken + braskaminen/eldstaden. Friktion sep–okt: eldningssäsongen börjar, tändved klyvs med yxa på huggkubb, händerna nära eggen.",601099702553211,,,,PASS,,,,,,,,,,,,,,,,False
35,?,?,False,,,v22/fas1/tandvedsklyv.json,fas1,"Heavy Duty Cast Iron Log Splitter, Manual Wood Chopper, Fast Safe Firewood Cutter for Home Use, Effortless Operation","Tändvedsklyv i gjutjärn/stål av Kindling Cracker-typ — fast ring/ram + kil som veden ställs i och slås ned i med klubba. Objekt: vedstacken + braskaminen/eldstaden. Friktion sep–okt: eldningssäsongen börjar, tändved klyvs med yxa på huggkubb, händerna nära eggen.",601099685200476,,,,PASS,,,,,,,,,,,,,,,,False
35,?,?,False,,,v22/fas1/tandvedsklyv.json,fas1,"1pc Manual Firewood Splitter, Portable Log Splitter, Sturdy Wood Splitter for Fireplace, Bonfire, Barbecue, Campsite","Tändvedsklyv i gjutjärn/stål av Kindling Cracker-typ — fast ring/ram + kil som veden ställs i och slås ned i med klubba. Objekt: vedstacken + braskaminen/eldstaden. Friktion sep–okt: eldningssäsongen börjar, tändved klyvs med yxa på huggkubb, händerna nära eggen.",601099537914847,,,,PASS,,,,,,,,,,,,,,,,False
35,?,?,False,,,v22/fas1/tandvedsklyv.json,fas1,"Kindling Splitter Wedges for Cutting Woods, Portable Log Splitter, Heavy Duty Firewood Splitter, Fire Poker Set, Manual ","Tändvedsklyv i gjutjärn/stål av Kindling Cracker-typ — fast ring/ram + kil som veden ställs i och slås ned i med klubba. Objekt: vedstacken + braskaminen/eldstaden. Friktion sep–okt: eldningssäsongen börjar, tändved klyvs med yxa på huggkubb, händerna nära eggen.",601099578678897,,,,PASS,,,,,,,,,,,,,,,,False
35,?,?,False,,,v22/fas1/tandvedsklyv.json,fas1,"Firewood Kindling Splitter, Camping Wood Chopping Rack, Manual Log Splitter Wedge","Tändvedsklyv i gjutjärn/stål av Kindling Cracker-typ — fast ring/ram + kil som veden ställs i och slås ned i med klubba. Objekt: vedstacken + braskaminen/eldstaden. Friktion sep–okt: eldningssäsongen börjar, tändved klyvs med yxa på huggkubb, händerna nära eggen.",601099517651642,,,,PASS,,,,,,,,,,,,,,,,False
35,?,?,False,,,v22/fas1/tandvedsklyv.json,fas1,Steel Manual Safe Log Splitter Wedge for Indoor Outdoor,"Tändvedsklyv i gjutjärn/stål av Kindling Cracker-typ — fast ring/ram + kil som veden ställs i och slås ned i med klubba. Objekt: vedstacken + braskaminen/eldstaden. Friktion sep–okt: eldningssäsongen börjar, tändved klyvs med yxa på huggkubb, händerna nära eggen.",601099759008466,,,,PASS,,,,,,,,,,,,,,,,False
35,?,?,False,,,v22/fas1/tandvedsklyv.json,fas1,"1 Set Wood Splitter Wall Mounted Firewood Splitter, High Carbon Steel Kindling Cracker Wood Log Cutter, Portable Manual ","Tändvedsklyv i gjutjärn/stål av Kindling Cracker-typ — fast ring/ram + kil som veden ställs i och slås ned i med klubba. Objekt: vedstacken + braskaminen/eldstaden. Friktion sep–okt: eldningssäsongen börjar, tändved klyvs med yxa på huggkubb, händerna nära eggen.",601099584196142,,,,PASS,,,,,,,,,,,,,,,,False
35,?,?,False,,,v22/fas1/tandvedsklyv.json,fas1,"Carbon Steel Wall Mounted Firewood Kindling Splitter, Log Splitters Wood Cutter, Indoor Manual Kindling Maker","Tändvedsklyv i gjutjärn/stål av Kindling Cracker-typ — fast ring/ram + kil som veden ställs i och slås ned i med klubba. Objekt: vedstacken + braskaminen/eldstaden. Friktion sep–okt: eldningssäsongen börjar, tändved klyvs med yxa på huggkubb, händerna nära eggen.",601099613244211,,,,PASS,,,,,,,,,,,,,,,,False
35,?,?,False,,,v22/fas1/tandvedsklyv.json,fas1,"1pc Wall Mounted Kindling Splitter, Firewood Kindling Splitter, Portable Manual Firewood Cutter, Heavy Duty Log Splitter","Tändvedsklyv i gjutjärn/stål av Kindling Cracker-typ — fast ring/ram + kil som veden ställs i och slås ned i med klubba. Objekt: vedstacken + braskaminen/eldstaden. Friktion sep–okt: eldningssäsongen börjar, tändved klyvs med yxa på huggkubb, händerna nära eggen.",601099522529633,,,,PASS,,,,,,,,,,,,,,,,False
35,?,?,False,,,v22/fas1/tandvedsklyv.json,fas1,"1pc Wall Mounted Firewood Splitter, Kindling Splitter for Wood, Portable Firewood Cutter, Manual Firewood Kindling Split","Tändvedsklyv i gjutjärn/stål av Kindling Cracker-typ — fast ring/ram + kil som veden ställs i och slås ned i med klubba. Objekt: vedstacken + braskaminen/eldstaden. Friktion sep–okt: eldningssäsongen börjar, tändved klyvs med yxa på huggkubb, händerna nära eggen.",601099532127738,,,,PASS,,,,,,,,,,,,,,,,False
35,?,?,False,,,v22/fas1/tandvedsklyv.json,fas1,"1pc Cast Iron Fire Starter Log Splitter, Manual Wood Chopper with Wedge, Handheld Firewood Splitter for Camping Outdoor","Tändvedsklyv i gjutjärn/stål av Kindling Cracker-typ — fast ring/ram + kil som veden ställs i och slås ned i med klubba. Objekt: vedstacken + braskaminen/eldstaden. Friktion sep–okt: eldningssäsongen börjar, tändved klyvs med yxa på huggkubb, händerna nära eggen.",601099736670584,,,,PASS,,,,,,,,,,,,,,,,False
35,?,?,False,,,v22/fas1/utekattkoja.json,fas1,"Weatherproof Cat House for Outdoor Pets, 600D Shelter, Pet Tent for Cats and Dogs","Isolerad utekattkoja i Oxford-tyg, hopfällbar, vinter",602287674076594,,,,PASS,,,,,23.0,,626,,,,,,,Har du en utekatt?,,False
35,?,?,False,,,v22/fas1/utekattkoja.json,fas1,"Weather Resistant Outdoor Cat Shelter, Sturdy, Featuring a Roof Structure, Foldable Indoor/Outdoor Pet House, Easy Assem","Isolerad utekattkoja i Oxford-tyg, hopfällbar, vinter",601102347491633,,,,PASS,,,,,39.0,,1061,,,,,,,Har du en utekatt?,,False
35,?,?,False,,,v22/fas1/vedstallsoverdrag.json,fas1,"Firewood Rack Cover 4 Feet, 600D Wood Rack Cover, Waterproof, Heavy Duty, Outdoor Log Pile Holder Cover, Storage For 4ft","Vedställsöverdrag — BARA överdraget (inget ställ ingår), 4–8 ft, med spännen. Objekt: vedstället/vedstapeln på tomten. Friktion (sep–okt): presenningen blåser av, veden blir blöt inför eldningssäsongen. Hook: ""Blåser presenningen av veden igen?""",601101195826933,,,,FAIL,,,,,,,,,,,,,,,,False
35,?,?,False,,,v22/fas1/vedstallsoverdrag.json,fas1,"Firewood Rack Cover 4 Feet, Wood Rack Cover, Waterproof Heavy Duty, Outdoor Log Pile Holder Cover, Storage For 4ft Stand","Vedställsöverdrag — BARA överdraget (inget ställ ingår), 4–8 ft, med spännen. Objekt: vedstället/vedstapeln på tomten. Friktion (sep–okt): presenningen blåser av, veden blir blöt inför eldningssäsongen. Hook: ""Blåser presenningen av veden igen?""",601099596693599,,,,FAIL,,,,,,,,,,,,,,,,False
35,?,?,False,,,v22/fas1/vedstallsoverdrag.json,fas1,"Log Rack Cover, Waterproof Firewood Cover, 420D","Vedställsöverdrag — BARA överdraget (inget ställ ingår), 4–8 ft, med spännen. Objekt: vedstället/vedstapeln på tomten. Friktion (sep–okt): presenningen blåser av, veden blir blöt inför eldningssäsongen. Hook: ""Blåser presenningen av veden igen?""",601099599197136,,,,FAIL,,,,,,,,,,,,,,,,False
35,?,?,False,,,v22/fas1/vedstallsoverdrag.json,fas1,"1pc Outdoor Firewood Rack Cover, Log Rack Cover, Waterproof Wood Cover For Log Holder, 2 Size, Black","Vedställsöverdrag — BARA överdraget (inget ställ ingår), 4–8 ft, med spännen. Objekt: vedstället/vedstapeln på tomten. Friktion (sep–okt): presenningen blåser av, veden blir blöt inför eldningssäsongen. Hook: ""Blåser presenningen av veden igen?""",601099615044900,,,,FAIL,,,,,,,,,,,,,,,,False
35,?,?,False,,,v22/fas1/vedstallsoverdrag.json,fas1,"Heavy Duty 600D Oxford Cloth Firewood Cover With Zipper, Triple Layer, UV/Windproof, For Patio/Backyard/Garage Wood Stor","Vedställsöverdrag — BARA överdraget (inget ställ ingår), 4–8 ft, med spännen. Objekt: vedstället/vedstapeln på tomten. Friktion (sep–okt): presenningen blåser av, veden blir blöt inför eldningssäsongen. Hook: ""Blåser presenningen av veden igen?""",601101178983766,,,,FAIL,,,,,,,,,,,,,,,,False
35,?,?,False,,,v22/fas1/vedstallsoverdrag.json,fas1,"[2-pack?] Firewood Rack Cover, Heavy Duty Firewood Cover, Outdoor Wood Tarp, Weather Resistant, Wood Pile Tarp, Black","Vedställsöverdrag — BARA överdraget (inget ställ ingår), 4–8 ft, med spännen. Objekt: vedstället/vedstapeln på tomten. Friktion (sep–okt): presenningen blåser av, veden blir blöt inför eldningssäsongen. Hook: ""Blåser presenningen av veden igen?""",601101248242089,,,,FAIL,,,,,,,,,,,,,,,,False
35,?,?,False,,,v22/fas1/vedstallsoverdrag.json,fas1,"1pc Heavy Duty Firewood Log Rack Cover, Oxford Waterproof, Patio Garden Log Holder Cover, All Weather Outdoor Furniture ","Vedställsöverdrag — BARA överdraget (inget ställ ingår), 4–8 ft, med spännen. Objekt: vedstället/vedstapeln på tomten. Friktion (sep–okt): presenningen blåser av, veden blir blöt inför eldningssäsongen. Hook: ""Blåser presenningen av veden igen?""",601099530118691,,,,FAIL,,,,,,,,,,,,,,,,False
35,?,?,False,,,v22/fas1/vedstallsoverdrag.json,fas1,"4ft Heavy Duty Outdoor Log Rack Cover With UV Protection Design, Heavy Duty Pull-Out Firewood, For Firewood Storage, Woo","Vedställsöverdrag — BARA överdraget (inget ställ ingår), 4–8 ft, med spännen. Objekt: vedstället/vedstapeln på tomten. Friktion (sep–okt): presenningen blåser av, veden blir blöt inför eldningssäsongen. Hook: ""Blåser presenningen av veden igen?""",601103145264376,,,,FAIL,,,,,,,,,,,,,,,,False
35,?,?,False,,,v22/fas1/vedstallsoverdrag.json,fas1,"Waterproof Firewood Cover, Heavy Duty Polyester Fabric With Hook And Loop Fastener, Dust And UV Protection, Outdoor Fire","Vedställsöverdrag — BARA överdraget (inget ställ ingår), 4–8 ft, med spännen. Objekt: vedstället/vedstapeln på tomten. Friktion (sep–okt): presenningen blåser av, veden blir blöt inför eldningssäsongen. Hook: ""Blåser presenningen av veden igen?""",601099574588310,,,,FAIL,,,,,,,,,,,,,,,,False
35,?,?,False,,,v22/fas1/vedstallsoverdrag.json,fas1,"4Ft Firewood Racks Cover, Heavy Duty Outdoor Logs Holder Stand Cover with -Black","Vedställsöverdrag — BARA överdraget (inget ställ ingår), 4–8 ft, med spännen. Objekt: vedstället/vedstapeln på tomten. Friktion (sep–okt): presenningen blåser av, veden blir blöt inför eldningssäsongen. Hook: ""Blåser presenningen av veden igen?""",UNMAPPED-01,,,,FAIL,,,,,24.22,,659,,,,,,,,,False
35,?,?,False,,,v22/fas1/vedstallsoverdrag.json,fas1,"8ft Outdoor Firewood Rack Cover - Oxford Fabric, with Zipper & Openable Front Flap, Fits 96""×24""×49"" Wooden Stands (Rack","Vedställsöverdrag — BARA överdraget (inget ställ ingår), 4–8 ft, med spännen. Objekt: vedstället/vedstapeln på tomten. Friktion (sep–okt): presenningen blåser av, veden blir blöt inför eldningssäsongen. Hook: ""Blåser presenningen av veden igen?""",UNMAPPED-02,,,,FAIL,,,,,29.71,,809,,,,,,,,,False
35,?,?,False,,,v22/fas1/vedstallsoverdrag.json,fas1,8ft Outdoor Cover | Heavy Duty 210D Oxford Fabric,"Vedställsöverdrag — BARA överdraget (inget ställ ingår), 4–8 ft, med spännen. Objekt: vedstället/vedstapeln på tomten. Friktion (sep–okt): presenningen blåser av, veden blir blöt inför eldningssäsongen. Hook: ""Blåser presenningen av veden igen?""",UNMAPPED-03,,,,FAIL,,,,,29.99,,816,,,,,,,,,False
35,?,?,False,,,v22/fas1/vedstallsoverdrag.json,fas1,"8FT Firewood Storage Log Rack Cover, Heavy Duty 210D / 8Ft Firewood Rack Cover, Waterproof Storage","Vedställsöverdrag — BARA överdraget (inget ställ ingår), 4–8 ft, med spännen. Objekt: vedstället/vedstapeln på tomten. Friktion (sep–okt): presenningen blåser av, veden blir blöt inför eldningssäsongen. Hook: ""Blåser presenningen av veden igen?""",UNMAPPED-04,,,,FAIL,,,,,29.99,,816,,,,,,,,,False
35,?,?,False,,,v22/fas1/vedstallsoverdrag.json,fas1,"Firewood Log Hoop Cover 500D, Outdoor Waterproof Firewood Log Rack Cover, Round Wood Rack Cover With Zipper, Openable, L","Vedställsöverdrag — BARA överdraget (inget ställ ingår), 4–8 ft, med spännen. Objekt: vedstället/vedstapeln på tomten. Friktion (sep–okt): presenningen blåser av, veden blir blöt inför eldningssäsongen. Hook: ""Blåser presenningen av veden igen?""",601099612429287,,,,FAIL,,,,,,,,,,,,,,,,False
34.0,?,?,False,,,v22/fas2/djur.json,djur,"wall mounted horse blanket rack, 6 swivel bars, iron alloy (engelsk slug; svensk titel BLOCKED_SOURCE)",Vaggmonterat tackesstall med 6 svangarmar for stallet,601099685584020,https://www.temu.com/se/g-601099685584020.html,,34.0,ELIM,publik,UNKNOWN,,,,,,,,,,,,Torkar aldrig hasttacket?,"Varning 1 i uppdraget rakt pa: hastutrustning kops av kvinnor, kontots pixel ar man 45-70. Dessutom sitter stallningen inomhus i stallet = gate 1.",False
34.0,?,?,False,,,v22/fas2/djur.json,djur,"wall mounted horse blanket rack, 6 swivel bars, iron alloy (engelsk slug; svensk titel BLOCKED_SOURCE)",Vaggmonterat tackesstall med 6 svangarmar for stallet,601099562733898,https://www.temu.com/se/g-601099562733898.html,,34.0,ELIM,publik,UNKNOWN,,,,,,,,,,,,Torkar aldrig hasttacket?,"Varning 1 i uppdraget rakt pa: hastutrustning kops av kvinnor, kontots pixel ar man 45-70. Dessutom sitter stallningen inomhus i stallet = gate 1.",False
33.0,GREEN,?,False,,,dataset(V2.1),garage,"25 Inch Tire Cover, silvery-coated 4-tire storage bag",Däckstapeln,601101808893760,https://www.temu.com/se/g-601101808893760.html,,28.0,ELIM,shelf,"Biltema/Jula 4-pack — samma kategori, kunden jämför direkt; formen (silverfodral) ser ut som grillöverdrag",3,snippet,,,,,,,,,,,—,False
33.0,GREEN,?,False,,,dataset(V2.1),garage,1pc 36×60 Inch Oil Spill Mat for Driveway,Uppfarten/garagegolvet,601101639123846,https://www.temu.com/se/g-601101639123846.html,,28.0,ELIM,economics,,112,snippet,,,,,,,,,,,—,False
33.0,?,PASS,False,,,v22/fas2/djur.json,djur,"folding dog ramp for car/SUV, non-slip (engelsk slug; svensk titel BLOCKED_SOURCE)",Hopfallbar hundramp till bilens baklucka - for den aldre jakthunden som inte orkar hoppa in,606389183296942,https://www.temu.com/se/g-606389183296942.html,,58.0,C,ekonomi,UNDANTAG (markesankare),,,69.0,,699.0,,,Hundramper i svensk fackhandel/marketplace (PriceRunner),1412.0,699.0,,Orkar hunden inte hoppa in langre?,"Ekonomin ar strukturellt fel: bada prissatta listningarna ($54, $69) ger landad 564-845 kr, alltsa over 420 kr-stoppet, och 2,4x hamnar over 1000 kr-taket. Detsamma galler varje aluminiumramp. Plus 'p",False
33.0,GREEN,?,False,,,v22/fas2/tomt.json,tomt,Multifunctional 3-In-1 Metal Wire Weeding Brush With Telescopic Long Handle For Concrete/Deck/Tile/Moss,mossborste för plattor (alternativ listning),605506114568090,https://www.temu.com/se/g-605506114568090.html,,28.0,ELIM,ekonomi,PENDING_VERIFICATION,99,snippet+,4.0,,109,,,,,,,Är altanen grön och hal i höstfukten?,landad 42–49 kr; för billig produkt för att bära ett 300-kronorspris utan att kännas som lågprisvara.,False
33.0,GREEN,?,False,,,v22/fas2/ved-eldstad.json,ved-eldstad,"1pc fire pit mat, fireproof stove grill mats blanket for wood deck insulation",eldkorgsmatta-trallskydd,601099533665721,https://www.temu.com/g-601099533665721.html,,28.0,ELIM,shelf,FAIL,59,snippet,5.31,,145,,,Jula Grillmatta 80x120 cm (Burns & Barkles),,,,Bränner eldkorgen märken i trallen?,Hyllan — konceptet är redan hyllat som 'grillmatta'.,False
33.0,GREEN,?,False,,,v22/fas2/ved-eldstad.json,ved-eldstad,"BBQ fireproof under grill mat, double-sided, 48x30 / 23,6x15,8 tum",eldkorgsmatta-trallskydd,601101309459899,https://www.temu.com/g-601101309459899.html,,28.0,ELIM,shelf,FAIL,11,snippet,6.63,,180,,,Jula Grillmatta 80x120 cm (Burns & Barkles),,,,Bränner eldkorgen märken i trallen?,Hyllan — konceptet är redan hyllat som 'grillmatta'.,False
32.0,?,?,False,,,v22/fas2/tomt.json,tomt,"Trunk Protector Tree Cover, Courtyard Fruit Tree Seedling Cage 5pcs, Plant Animal Damage Fence, Breathable",stamskydd mot gnagare,606306589057926,https://www.temu.com/se/g-606306589057926.html,,32.0,ELIM,presens,PENDING_VERIFICATION,,,11.0,,299,,,,,,,Gnager hararna på dina fruktträd i vinter?,Gate 2 fäller den: skadan ligger i framtiden och kan inte fotograferas i en svensk trädgård i september.,False
31.0,?,?,False,,,v22/fas2/ved-eldstad.json,ved-eldstad,"36 inch log tongs, timber tongs lifting hook, heavy duty steel 4 claw tree puller",timmertang-vedtang,601099606304498,https://www.temu.com/g-601099606304498.html,,31.0,C,shelf,FAIL,,,,,,,,Biltema brastillbehör (eldstadsredskap/tänger),,,,Lyfter du stockarna för hand?,Hyllan. Biltema har en hel avdelning brastillbehör och Jula spisredskap.,False
31.0,?,?,False,,,v22/fas2/ved-eldstad.json,ved-eldstad,"log lifting tongs, timber lifting tongs for truck tractor, 28 inch 4 claw",timmertang-vedtang,601099646089020,https://www.temu.com/g-601099646089020.html,,31.0,C,shelf,FAIL,,,,,,,,Biltema brastillbehör (eldstadsredskap/tänger),,,,Lyfter du stockarna för hand?,Hyllan. Biltema har en hel avdelning brastillbehör och Jula spisredskap.,False
31.0,?,?,False,,,v22/fas2/ved-eldstad.json,ved-eldstad,4 claw timber claw hook 28 inch log lifting tongs,timmertang-vedtang,601099902915289,https://www.temu.com/g-601099902915289.html,,31.0,C,shelf,FAIL,,,,,,,,Biltema brastillbehör (eldstadsredskap/tänger),,,,Lyfter du stockarna för hand?,Hyllan. Biltema har en hel avdelning brastillbehör och Jula spisredskap.,False
31.0,?,?,False,,,v22/fas2/ved-eldstad.json,ved-eldstad,"claw hook log lifting tongs heavy duty timber claw, 1000 kg",timmertang-vedtang,601101594968606,https://www.temu.com/g-601101594968606.html,,31.0,C,shelf,FAIL,,,,,,,,Biltema brastillbehör (eldstadsredskap/tänger),,,,Lyfter du stockarna för hand?,Hyllan. Biltema har en hel avdelning brastillbehör och Jula spisredskap.,False
31.0,?,?,False,,,v22/fas2/ved-eldstad.json,ved-eldstad,"timber claw hook 28 inch 4 claw log grapple, swivel, 2205 lbs / 1000 kg",timmertang-vedtang,601099615802370,https://www.temu.com/g-601099615802370.html,,31.0,C,shelf,FAIL,,,,,,,,Biltema brastillbehör (eldstadsredskap/tänger),,,,Lyfter du stockarna för hand?,Hyllan. Biltema har en hel avdelning brastillbehör och Jula spisredskap.,False
31.0,?,?,False,,,v22/fas2/ved-eldstad.json,ved-eldstad,"log lifting tongs 4 prong heavy duty solid steel, tractor grapple rotating timber lifter",timmertang-vedtang,601099594123312,https://www.temu.com/g-601099594123312.html,,31.0,C,shelf,FAIL,,,,,,,,Biltema brastillbehör (eldstadsredskap/tänger),,,,Lyfter du stockarna för hand?,Hyllan. Biltema har en hel avdelning brastillbehör och Jula spisredskap.,False
30.0,?,?,False,,,dataset(V2.1),bat,"2 pcs boat trailer guide pole sleeves, reflective, oxford padding",Befintliga styrstolpar på båttrailern,605544031069820,https://www.temu.com/se/g-605544031069820.html,,30.0,C,audience,"kräver trailer MED styrstolpar — dubbel filtrering, klassen < 100 000",,,,,,PR: inget; rörisolering är kedjevara,,,,,,,för smal publik,False
30.0,?,PASS,False,,,dataset(V2.1),bat,"Trailer coupler lock, fits 2 / 2 5/16 in couplers",Båttrailerns kulkoppling,601099659168136,https://www.temu.com/se/g-601099659168136.html,,25.0,ELIM,shelf,"mass-commoditiserad kategori, kedjor har den",,,,,,"PR: 1000+ (ABUS 599 kr 7 butiker, Carpoint 195 kr, Combilock …); Biltema/Jula sä",599.0,ABUS 70IB,599.0,,,,passform + commodity,False
30.0,?,PASS,False,,,dataset(V2.1),djur,,bilens baksäte — seat cover/extender heavy duty,601100567596113,https://www.temu.com/se/g-601100567596113.html,,25.0,ELIM,shelf,Mjukt sätesskydd: samma form som kedjornas 138–300 kr,,,,,,PriceRunner-utdrag 'bilskydd hund baksäte': hängmatta finns överallt (Teknikprof,1167.0,,,,,,Mjukt sätesskydd: samma form som kedjornas 138–300 kr,False
30.0,?,PASS,False,,,dataset(V2.1),djur,,hundens tassar vid dörren — uppladdningsbar tvättkopp,601101524039931,https://www.temu.com/se/g-601101524039931.html,,25.0,ELIM,shelf,Tassrengörare finns i 10+ varianter 79–149 kr på PriceRunner (Clas Ohlson/Jula-typ); samma form; gadget med batteri,,,,,,"PriceRunner: Otego 129–149, Verk 139, div 79–99",99.0,,,,,,Tassrengörare finns i 10+ varianter 79–149 kr på PriceRunner (Clas Ohlson/Jula-typ); samma form; gadget med batteri,False
30.0,?,?,False,,,dataset(V2.1),garage,"1pc Wall Mount Connector Holder for Type 2 EV Charging Cable, universal, with installation kit",Laddhandtaget/laddkabeln,601099595139431,https://www.temu.com/se/g-601099595139431.html,,30.0,ELIM,shelf,Samma form (holster typ 2) säljs i kedjorna och på Amazon.se för under 150 kr — jämförelsehandlad commodity,,,,,,Amazon.se GRAFT väggfäste typ 2 (ur sökutdrag); Biltema/Jula/Clas Ohlson säljer ,,,,,,,—,False
30.0,?,?,False,,,dataset(V2.1),garage,"2set EV Charger Holder Wall Mount, Type 2 charging cable holder with hook, EU, outdoor/indoor",Laddhandtaget,601099620819177,https://www.temu.com/se/g-601099620819177.html,,30.0,ELIM,shelf,Samma form som kedjornas hållare,,,,,,Som 601099595139431,,,,,,,—,False
30.0,?,?,False,,,dataset(V2.1),garage,Magnetic Car Charging Port Cover,Elbilens laddport,606521656214848,https://www.temu.com/se/g-606521656214848.html,,30.0,ELIM,economics,,,,,,,,,,,,,,—,False
30.0,?,?,False,,,dataset(V2.1),grasklippare,"48-inch tow-behind lawn sweeper, leaf collector hopper",Åkgräsklippare (dragkrok) + gräsmattan,601099624750387,https://www.temu.com/se/g-601099624750387.html,,30.0,ELIM,shelf,"Samma form (gräsmattesop 42–48"") hyllad i Sverige",,,,,,Jula/Biltema/fackhandel säljer lövuppsamlare till åkgräsklippare (kategorikunska,,Husqvarna Stötfångare/Löv- & gräsuppsamlare-kategori,,,,,—,False
30.0,?,?,False,,,dataset(V2.1),grasklippare,"42-inch tow-behind lawn sweeper, 12 cu ft, for garden tractors",Åkgräsklippare (dragkrok) + gräsmattan,601100086553587,https://www.temu.com/se/g-601100086553587.html,,30.0,ELIM,shelf,"Samma form (gräsmattesop 42–48"") hyllad i Sverige",,,,,,Jula/Biltema/fackhandel säljer lövuppsamlare till åkgräsklippare (kategorikunska,,Husqvarna Stötfångare/Löv- & gräsuppsamlare-kategori,,,,,—,False
30.0,?,?,False,,,dataset(V2.1),grasklippare,"Riding lawn mower lift jack, 890 lbs, telescopic, 45° tilt",Åkgräsklippare (underhåll av klippdäck),601099634319441,https://www.temu.com/se/g-601099634319441.html,,30.0,ELIM,shelf,Samma form i kedjorna (ej prisverifierat),,,,,,"Jula/Biltema säljer gräsklipparlyft (kategorikunskap, EJ verifierat — 403)",,,,,,,—,False
30.0,?,?,False,,,dataset(V2.1),handmaskiner,MTM Gutter Cleaning Kit For 30cc Leaf Blowers With Extension Adaptor Attachment,"Hängrännor + bensinlövblås 30cc (MTM-märke, AU-listning)",601099813074405,https://www.temu.com/se/g-601099813074405.html,,30.0,ELIM,variant,Byggd för ett märke/motorstorlek (MTM 30cc) — svensk ägare vet inte om den passar,,,,,,Som 601103248788835 — EJ VERIFIERAD,,,,,,,Passar inte svenska maskiner,False
30.0,?,?,False,,,dataset(V2.1),hus,"Flexible Rain Gutter Downspout Extensions 2-pack, 21–60 in, brown",stuprör,601099647114403,https://www.temu.com/se/g-601099647114403.html,,30.0,ELIM,shelf,Biltema utkastare + flexibel förlängning på Fyndiq/Hemmatema/Bygghemma i samma form; < 199 kr-vara,,,,,,Biltema,,,,,,,—,False
30.0,?,?,False,,,dataset(V2.1),hus,"Rain Gutter Downspout Extension Drain Adapter, no-dig catch basin kit",stuprör,601099522704498,https://www.temu.com/se/g-601099522704498.html,,30.0,ELIM,shelf,Biltema utkastare + flexibel förlängning på Fyndiq/Hemmatema/Bygghemma i samma form; < 199 kr-vara,,,,,,Biltema,,,,,,,—,False
30.0,?,?,False,,,dataset(V2.1),hus,"Gutter Downspout Extension flexible, 20–150 cm, with screws",stuprör,601099542680654,https://www.temu.com/se/g-601099542680654.html,,30.0,ELIM,shelf,Biltema utkastare + flexibel förlängning på Fyndiq/Hemmatema/Bygghemma i samma form; < 199 kr-vara,,,,,,Biltema,,,,,,,—,False
30.0,?,?,False,,,dataset(V2.1),hus,Downspout Extender telescopic flexible drainage tool,stuprör,601099522917120,https://www.temu.com/se/g-601099522917120.html,,30.0,ELIM,shelf,Biltema utkastare + flexibel förlängning på Fyndiq/Hemmatema/Bygghemma i samma form; < 199 kr-vara,,,,,,Biltema,,,,,,,—,False
30.0,?,?,False,,,dataset(V2.1),hus,"Downspout Extension flexible, 50–57 in",stuprör,601099524916867,https://www.temu.com/se/g-601099524916867.html,,30.0,ELIM,shelf,Biltema utkastare + flexibel förlängning på Fyndiq/Hemmatema/Bygghemma i samma form; < 199 kr-vara,,,,,,Biltema,,,,,,,—,False
30.0,?,?,False,,,dataset(V2.1),hus,Temu-kategori 'mouse proof dryer vent cover' (2pcs stainless mesh exterior wall vent; 4/6-inch 304 stainless) — ingen en,husets ventilationsöppningar/krypgrundsventiler,,https://www.temu.com/mouse-proof-dryer-vent-cover-5050366476741-s.html,,30.0,ELIM,shelf,Biltema säljer rostfritt ventilgaller i samma form; Anticimex/Granngården i fackhandel; diameter-variant som kunden måste mäta,,,,,,Biltema,,,,,,,—,False
30.0,?,PASS,False,,,dataset(V2.1),husvagn,"Heavy duty waterproof trailer hitch cover with strap, UV/snow/dust resistant PVC coupler protector",Kulkopplingen (amerikansk A-ramskoppling),601099577187627,https://www.temu.com/se/g-601099577187627.html,,25.0,ELIM,shelf,"Biltema 'Dragskydd för husvagnskoppling' 99,90 kr, Clas Ohlson 'Dragskydd till husvagn och släpvagn 88×63 cm' (PVC), Thansen Camp+Nature 600D 79,96 kr, Husvagn Svensson 139 kr (ur Yahoo-sökutdrag + produktsidor 2026-09-04). Samma funktion och form (överdrag över kulkopplingen) i två kedjor, inget mä",,,,,,Biltema,99.9,,,,,,Passar inte AL-KO-kopplingen.,False
30.0,?,?,False,,,dataset(V2.1),husvagn,"Merxeng travel trailer RV cover windproof 6 layers anti-UV top panel, fits 37–40 ft motorhome, 4 tire covers",Hela husvagnen/husbilen,601099604074547,https://www.temu.com/se/g-601099604074547.html,,30.0,ELIM,variant,"Längdvarianter i fot (US-klasser); svensk ägare vet längden i meter, och 6-lagers helöverdrag kräver fukt-/andningsargument som annonsen måste förklara.",,,,,,UNKNOWN,,,,,,,Storlek i fot + pris över taket.,False
30.0,?,?,False,,,dataset(V2.1),husvagn,"24–26 ft travel trailer RV cover, Oxford, waterproof, rip-resistant, anti-UV, with tongue jack cover + 6 gutter covers",Hela husvagnen/husbilen,601099646583006,https://www.temu.com/se/g-601099646583006.html,,30.0,C,variant,"Längdvarianter i fot (US-klasser); svensk ägare vet längden i meter, och 6-lagers helöverdrag kräver fukt-/andningsargument som annonsen måste förklara.",,,,,,UNKNOWN,,,,,,,Storlek i fot + pris över taket.,False
30.0,?,?,False,,,dataset(V2.1),husvagn,"Waterproof Oxford fabric RV & trailer covers, weatherproof (Temu UK)",Hela husvagnen/husbilen,601099564774462,https://www.temu.com/se/g-601099564774462.html,,30.0,C,variant,"Längdvarianter i fot (US-klasser); svensk ägare vet längden i meter, och 6-lagers helöverdrag kräver fukt-/andningsargument som annonsen måste förklara.",,,,,,UNKNOWN,,,,,,,Storlek i fot + pris över taket.,False
30.0,?,?,False,,,dataset(V2.1),mc,UNIVERSAL * SNOW PLOW KIT * Plow System Steel Blade Complete Universal Mount Package 47in,"ATV-plog 47"" universal (stålblad + universalfäste)",601099742091812,https://www.temu.com/se/g-601099742091812.html,,30.0,ELIM,economics,"371,83 USD ≈ 3 530 kr Temu → > 1 000 kr; tung frakt",,,,,,Jula/Kellfri/ATV-butiker säljer plogblad ~3 000–5 000 kr,,,,,,,pris,False
30.0,?,?,False,,,dataset(V2.1),pool,"Hot tub cover windproof outdoor portable round inflatable hot spa cover protector, 73×43 in / 185×110 cm (ur söktitel)",Uppblåsbart spa (Lay-Z-Spa-typ) med lock,601099572188942,https://www.temu.com/se/g-601099572188942.html,,30.0,ELIM,shelf,"Bestway-tillbehör säljs i kedjorna enligt kännedom. Kedjesajterna (Jula 403, Biltema 403, Rusta 404, Clas Ohlson JS-skal) och alla sökmotorer (WebSearch-kvot slut, DDG captcha, Bing brus, Mojeek 403, Brave 429) var oåtkomliga 2026-09-04 — kedjestatus bygger på kännedom och är märkt 'ej verifierad'. ",,,,,,Rusta/Jula/Biltema säljer Lay-Z-Spa och Bestways egna tillbehör enligt kännedom ,,Bestway Lay-Z-Spa originaltillbehör,,,,,Fel objekt för säsongen.,False
30.0,?,?,False,,,dataset(V2.1),pool,"Waterproof hot tub heater pump cover with zipper, insulated outdoor, fits most models, black (Lay-Z-Spa-pump) (ur söktit",Pumpenheten till uppblåsbart spa,601099574265220,https://www.temu.com/se/g-601099574265220.html,,30.0,ELIM (C om Temu-video visar pump i höstträdgård),shelf,"Kedjesajterna (Jula 403, Biltema 403, Rusta 404, Clas Ohlson JS-skal) och alla sökmotorer (WebSearch-kvot slut, DDG captcha, Bing brus, Mojeek 403, Brave 429) var oåtkomliga 2026-09-04 — kedjestatus bygger på kännedom och är märkt 'ej verifierad'. Fackhandelsankare är hämtade live från spabadsbutike",,,,,,Bestway säljer eget termopumpskydd; Rusta/Jula enligt kännedom — ej verifierad,,Bestway Lay-Z-Spa pump cover,,,,,Publik och kedjor.,False
30.0,?,?,False,,,dataset(V2.1),pool,"Spa hot tub pump cover waterproof insulated outdoor protector with handle, quick-release buckle, drawstring (UK-listning",Pumpenheten till uppblåsbart spa,601099624431230,https://www.temu.com/se/g-601099624431230.html,,30.0,ELIM (C om Temu-video visar pump i höstträdgård),shelf,"Kedjesajterna (Jula 403, Biltema 403, Rusta 404, Clas Ohlson JS-skal) och alla sökmotorer (WebSearch-kvot slut, DDG captcha, Bing brus, Mojeek 403, Brave 429) var oåtkomliga 2026-09-04 — kedjestatus bygger på kännedom och är märkt 'ej verifierad'. Fackhandelsankare är hämtade live från spabadsbutike",,,,,,Bestway säljer eget termopumpskydd; Rusta/Jula enligt kännedom — ej verifierad,,Bestway Lay-Z-Spa pump cover,,,,,Publik och kedjor.,False
30.0,?,?,False,,,dataset(V2.1),pool,"21 ft round pool winter cover for above-ground pools, cold/UV resistant, winch cable included (ur söktitel)",Ovanmarkpool (stålvägg/ram),601102121472414,https://www.temu.com/se/g-601102121472414.html,,30.0,ELIM,shelf,"Samma form i kedjorna. Kedjesajterna (Jula 403, Biltema 403, Rusta 404, Clas Ohlson JS-skal) och alla sökmotorer (WebSearch-kvot slut, DDG captcha, Bing brus, Mojeek 403, Brave 429) var oåtkomliga 2026-09-04 — kedjestatus bygger på kännedom och är märkt 'ej verifierad'. Fackhandelsankare är hämtade ",,,,,,Rusta/Jula/Biltema säljer Intex/Bestway pool-överdrag; poolshoppar vintertäcken ,,,,,,,Kedjorna.,False
30.0,?,?,False,,,dataset(V2.1),pool,"18–30 ft round pool cover for winter, foldable, above-ground, thickened mesh leaf catcher (ur söktitel)",Ovanmarkpool (stålvägg/ram),601099593502009,https://www.temu.com/se/g-601099593502009.html,,30.0,ELIM,shelf,"Samma form i kedjorna. Kedjesajterna (Jula 403, Biltema 403, Rusta 404, Clas Ohlson JS-skal) och alla sökmotorer (WebSearch-kvot slut, DDG captcha, Bing brus, Mojeek 403, Brave 429) var oåtkomliga 2026-09-04 — kedjestatus bygger på kännedom och är märkt 'ej verifierad'. Fackhandelsankare är hämtade ",,,,,,Rusta/Jula/Biltema säljer Intex/Bestway pool-överdrag; poolshoppar vintertäcken ,,,,,,,Kedjorna.,False
30.0,?,?,False,,,dataset(V2.1),pool,"Pool above-ground water pump for pool draining, submersible sump pump with 16 ft hose, 25 ft cord, 840 GPH (ur söktitel)","Poolen/vintertäcket (sänka vattennivån vid stängning, pumpa regnvatten av täcket)",601099654587636,https://www.temu.com/se/g-601099654587636.html,,30.0,ELIM,shelf,"Dränkbar pump är hyllvara hos Biltema/Jula i samma form (jämförelsehandlad). Kedjesajterna (Jula 403, Biltema 403, Rusta 404, Clas Ohlson JS-skal) och alla sökmotorer (WebSearch-kvot slut, DDG captcha, Bing brus, Mojeek 403, Brave 429) var oåtkomliga 2026-09-04 — kedjestatus bygger på kännedom och ä",,,,,,"Biltema/Jula 'Dränkbar pump' — samma form, enligt kännedom ~300–700 kr, ej verif",,,,,,,Biltema.,False
30.0,?,?,False,,,dataset(V2.1),pool,"1/2 HP submersible water pump 2500 GPH portable sump pump for pool draining, hot tub, garden, 25 ft cord (ur söktitel)","Poolen/vintertäcket (sänka vattennivån vid stängning, pumpa regnvatten av täcket)",601101770891049,https://www.temu.com/se/g-601101770891049.html,,30.0,ELIM,shelf,"Dränkbar pump är hyllvara hos Biltema/Jula i samma form (jämförelsehandlad). Kedjesajterna (Jula 403, Biltema 403, Rusta 404, Clas Ohlson JS-skal) och alla sökmotorer (WebSearch-kvot slut, DDG captcha, Bing brus, Mojeek 403, Brave 429) var oåtkomliga 2026-09-04 — kedjestatus bygger på kännedom och ä",,,,,,"Biltema/Jula 'Dränkbar pump' — samma form, enligt kännedom ~300–700 kr, ej verif",,,,,,,Biltema.,False
30.0,?,?,False,,,dataset(V2.1),pool,"Sump pump with float switch, submersible, automatic, 4000 GPH, dirty/clean water transfer for pool draining, hot tub, ba","Poolen/vintertäcket (sänka vattennivån vid stängning, pumpa regnvatten av täcket)",601100966676347,https://www.temu.com/se/g-601100966676347.html,,30.0,ELIM,shelf,"Dränkbar pump är hyllvara hos Biltema/Jula i samma form (jämförelsehandlad). Kedjesajterna (Jula 403, Biltema 403, Rusta 404, Clas Ohlson JS-skal) och alla sökmotorer (WebSearch-kvot slut, DDG captcha, Bing brus, Mojeek 403, Brave 429) var oåtkomliga 2026-09-04 — kedjestatus bygger på kännedom och ä",,,,,,"Biltema/Jula 'Dränkbar pump' — samma form, enligt kännedom ~300–700 kr, ej verif",,,,,,,Biltema.,False
30.0,?,?,False,,,dataset(V2.1),pool,"Inflatable swimming pool winter cover pillow, durable PVC, cold-resistant, blue, support cushion for above-ground pools ",Vintertäcket på ovanmarkpool,601099736384653,https://www.temu.com/se/g-601099736384653.html,,30.0,ELIM,economics,,,,,,,Poolshoppar 'iskudde' ~150–300 kr enligt kännedom — ej verifierad,,,,,,,Pris.,False
30.0,?,?,False,,,dataset(V2.1),tomt,"Heavy Duty Rust-Proof Automatic Gate Spring Closer, self-closing, 8 in, for wooden fence and pool gates (ur sökutdrag)",Trädgårdsgrinden,601099534211372,https://www.temu.com/se/g-601099534211372.html,,30.0,ELIM,shelf,Fjäderstängare i samma form säljs av Jula och Biltema (ur minne) för < 150 kr — och Temu-priset lär ligga < 60 kr → inget prisutrymme,,,,,,Jula/Biltema (grindfjäder/dörrfjäder),,,,,,,Hyllan + prisgolv,False
30.0,?,?,False,,,dataset(V2.1),tomt,"11.5"" Heavy Duty Self-Closing Gate Spring, adjustable, wooden/vinyl fences (ur sökutdrag)",Trädgårdsgrinden,601101455895551,https://www.temu.com/se/g-601101455895551.html,,30.0,ELIM,shelf,Samma form hos Jula/Biltema (ur minne),,,,,,Jula/Biltema (grindfjäder/dörrfjäder),,,,,,,Hyllan,False
30.0,?,?,False,,,dataset(V2.1),tomt,"50pcs High Visibility Orange Fiberglass Driveway Markers 48"" Reflective Snow Stakes 5/16"" (ur sökutdrag)",Uppfarten / infartens kant,601099763267936,https://www.temu.com/se/g-601099763267936.html,,30.0,ELIM,shelf,"Samma form (PP/fiberglas-käpp med reflex) på Granngården, verifierat; Biltema/Jula ur minne",,,,,,"Granngården (Bergman Plast PP 200 cm, Millarco WorkIT PP 200 cm, Millarco bambu ",,,,,,,Hyllan,False
30.0,?,?,False,,,v22/fas2/hus.json,hus,"4pcs Gutter Filter Strainer Guard, Pipe Filter, Leaf Debris Drain Cover, Downspout Protectors",lovsil-stuprorsgaller,601099528313858,https://www.temu.com/se/g-601099528313858.html,,30.0,ELIM,shelf,FAIL,,,,,,,,Biltema Lövskydd för hängränna (Ø 100 / Ø 120),,,,Rinner stupröret över när det regnar?,Biltema och Jula täcker formen fullständigt. Redan fallen i V2.,False
30.0,?,?,False,,,dataset(V2.1),vatten,3x4 Type-A gutter downspout extension with leaf guard,Stuprörets nedre utkast,601102767033167,https://www.temu.com/se/g-601102767033167.html,,30.0,ELIM,variant,Passar 3x4 tum rektangulära USA-stuprör; svenska stuprör är runda 75/87/100 mm,,,,,,"Biltema/Jula (stuprörsutkastare, obekräftat minne)",,,,,,,Passar inte svenska runda stuprör.,False
30.0,?,?,False,,,dataset(V2.1),vatten,2-pack IBC tote adapter 2 NPT fine thread to 3/4 garden hose valve,IBC-tankens S60-utlopp,601099567493037,https://www.temu.com/se/g-601099567493037.html,,30.0,ELIM,shelf,Redan testad kategori: IBC-kranadapter/4-vägs fördelare är butiksprodukter; 4-vägs kran förlorade mot Gardena,,,,,,Bäverbutiken säljer redan IBC-kranadapter och 4-vägs fördelare (butiksprodukter),,,,,,,Redan i butiken.,False
30.0,?,?,False,,,dataset(V2.1),vatten,IBC tote tank adapter connector with spigot 3/4,IBC-tankens S60-utlopp,601099578146676,https://www.temu.com/se/g-601099578146676.html,,30.0,ELIM,shelf,Redan testad kategori: IBC-kranadapter/4-vägs fördelare är butiksprodukter; 4-vägs kran förlorade mot Gardena,,,,,,Bäverbutiken säljer redan IBC-kranadapter och 4-vägs fördelare (butiksprodukter),,,,,,,Redan i butiken.,False
30.0,?,?,False,,,dataset(V2.1),vatten,IBC S60 dual outlet splitter valve with filter (uk),IBC-tankens S60-utlopp,601099587160515,https://www.temu.com/se/g-601099587160515.html,,30.0,ELIM,shelf,Redan testad kategori: IBC-kranadapter/4-vägs fördelare är butiksprodukter; 4-vägs kran förlorade mot Gardena,,,,,,Bäverbutiken säljer redan IBC-kranadapter och 4-vägs fördelare (butiksprodukter),,,,,,,Redan i butiken.,False
30.0,?,?,False,,,dataset(V2.1),vatten,pool leaf net cover with rope winter rectangle,Pool (över/nedgrävd),601099595155681,https://www.temu.com/se/g-601099595155681.html,,30.0,ELIM,variant,"8 storlekar i fot/tum, kunden måste mäta",,,,,,"Biltema/Jula/Rusta (pooltäcken vinter, obekräftat minne)",,,,,,,Storlekar + befintligt vintertäcke.,False
30.0,?,?,False,,,dataset(V2.1),vatten,8 sizes leaf net cover pool winter,Pool (över/nedgrävd),601099711438229,https://www.temu.com/se/g-601099711438229.html,,30.0,ELIM,variant,"8 storlekar i fot/tum, kunden måste mäta",,,,,,"Biltema/Jula/Rusta (pooltäcken vinter, obekräftat minne)",,,,,,,Storlekar + befintligt vintertäcke.,False
30.0,?,?,False,,,dataset(V2.1),vatten,net cover leaf netting rectangle pools (uk),Pool (över/nedgrävd),601099527314189,https://www.temu.com/se/g-601099527314189.html,,30.0,ELIM,variant,"8 storlekar i fot/tum, kunden måste mäta",,,,,,"Biltema/Jula/Rusta (pooltäcken vinter, obekräftat minne)",,,,,,,Storlekar + befintligt vintertäcke.,False
30.0,?,?,False,,,dataset(V2.1),vatten,large stainless steel drain cover leaf guard outdoor,Dagvattenbrunn/golvbrunn ute,601099553754940,https://www.temu.com/se/g-601099553754940.html,,30.0,C,variant,"Svenska brunnsgaller är runda 200/315/400 mm eller 250x250 betong — USA-mått passar inte, kunden måste mäta",,,,,,UNKNOWN,,,,,,,Passar inte svenska brunnar.,False
30.0,?,?,False,,,dataset(V2.1),vatten,stainless steel drain cover leaf guard square grid (de),Dagvattenbrunn/golvbrunn ute,601099602765546,https://www.temu.com/se/g-601099602765546.html,,30.0,ELIM,variant,"Svenska brunnsgaller är runda 200/315/400 mm eller 250x250 betong — USA-mått passar inte, kunden måste mäta",,,,,,UNKNOWN,,,,,,,Passar inte svenska brunnar.,False
30.0,?,?,False,,,dataset(V2.1),vatten,outdoor drain cover 19.7x19.7 cast iron grate USA,Dagvattenbrunn/golvbrunn ute,601099581150578,https://www.temu.com/se/g-601099581150578.html,,30.0,ELIM,variant,"Svenska brunnsgaller är runda 200/315/400 mm eller 250x250 betong — USA-mått passar inte, kunden måste mäta",,,,,,UNKNOWN,,,,,,,Passar inte svenska brunnar.,False
30.0,?,?,False,,,dataset(V2.1),ved,"Vedbärare canvas XL, förstärkta handtag",veden / kaminen,601099780785804,https://www.temu.com/se/g-601099780785804.html,,30.0,ELIM,shelf,"Vedbärare i canvas säljs av Jula, Clas Ohlson, Rusta och Biltema för ~99–199 kr (ur minne, hög säkerhet) — samma form. Mass-commodity. EJ VERIFIERAD 2026-09-04: WebSearch-budgeten var slut och Jula/Biltema/Rusta/Clas Ohlson/Bauhaus svarade 403/404/JS-skal på direktanrop. Hyllbedömningen är ur minne ",,,,,,UNKNOWN,,,,,,,Hyllan.,False
30.0,?,?,False,,,dataset(V2.1),ved,"1st, vattentät canvas stock tygväska, vedbärare (Temu-titel, läst 01:00 UTC innan blockeringen)",veden / kaminen,601099518526144,https://www.temu.com/se/g-601099518526144.html,,30.0,ELIM,shelf,"Som #6 — samma form hos alla fyra kedjor (ur minne). EJ VERIFIERAD 2026-09-04: WebSearch-budgeten var slut och Jula/Biltema/Rusta/Clas Ohlson/Bauhaus svarade 403/404/JS-skal på direktanrop. Hyllbedömningen är ur minne och markerad så. Ad Library SE (Meta MCP, aktiva annonser) är verifierad.",,,,44.99,162,UNKNOWN,,,,,,,Hyllan + priset.,False
30.0,?,?,False,,,dataset(V2.1),ved,Cyklonavskiljare till grovdammsugare (aska),grovdammsugaren + kaminen,601099550601878,https://www.temu.com/se/g-601099550601878.html,,30.0,C,shelf,Biltema säljer cyklonavskiljare ~299 kr (ur minne); kräver egen hink + två slangar = montering; sannolikt < 199 kr på Temu. EJ VERIFIERAD 2026-09-04: WebSearch-budgeten var slut och Jula/Biltema/Rusta/Clas Ohlson/Bauhaus svarade 403/404/JS-skal på direktanrop. Hyllbedömningen är ur minne och markera,,,,,,UNKNOWN,,,,,,,Montering + förklaring.,False
30.0,?,?,False,,,dataset(V2.1),ved,"Presenningsklämmor 20-pack, låsande",presenningen över veden,601101536656064,https://www.temu.com/se/g-601101536656064.html,,30.0,ELIM,shelf,Biltema/Jula säljer presenningsklämmor 30–80 kr (ur minne); < 199 kr-klass. Löser symptomet — vedställsöverdraget (#1) löser objektet. EJ VERIFIERAD 2026-09-04: WebSearch-budgeten var slut och Jula/Biltema/Rusta/Clas Ohlson/Bauhaus svarade 403/404/JS-skal på direktanrop. Hyllbedömningen är ur minne ,,,,,,UNKNOWN,,,,,,,Pris.,False
30,GREEN,?,False,,,v22/fas2/bat.json,bat,Adjustable boat cover support poles,presenningsstod,601099524076707,https://www.temu.com/se/g-601099524076707.html,,,ELIM,shelf,FAIL,41,snippet,67.24,,1830,,,,,,,,"Uteslutet av uppdraget; Biltema Presenningsstötta teleskopisk finns i sortimentet. Ekonomin faller dessutom: 67,24 USD ger landad 702–823 kr, 999 kr blir bara 1,21–1,42×.",False
30,GREEN,?,False,,,v22/fas2/bat.json,bat,Boat cover support pole,presenningsstod,606413006967366,https://www.temu.com/se/g-606413006967366.html,,,ELIM,shelf,FAIL,0,snippet,84.52,,2300,,,,,,,,"Uteslutet koncept, dyrast av de tre.",False
30.0,GREEN,?,False,,,v22/fas2/djur.json,djur,(engelsk slug; svensk titel BLOCKED_SOURCE),Enkelt jordspett for hund,601101357057504,https://www.temu.com/se/g-601101357057504.html,,25.0,ELIM,ekonomi,PENDING_VERIFICATION,99,snippet+,8.0,,199.0,,,,,199.0,,Har du hunden i lina pa tomten?,$8 ger under 199 kr.,False
30.0,GREEN,?,False,,,v22/fas2/djur.json,djur,(engelsk slug; svensk titel BLOCKED_SOURCE),Galvat gnagarnat att klada in foderforradet med,601099743937582,https://www.temu.com/se/g-601099743937582.html,,25.0,ELIM,hyllan,FAIL,51,snippet,8.0,,199.0,,,Forvaringstunna Granngarden med lock 55L,,199.0,,Tar rattorna honsfodret?,Granngarden saljer Forvaringstunna med lock 55L; natet ar dessutom en byggvara i lopmeter i varje bygghandel.,False
30.0,GREEN,?,False,,,v22/fas2/djur.json,djur,(engelsk slug; svensk titel BLOCKED_SOURCE),Hangande hohack i tra for smadjur,601100301528192,https://www.temu.com/se/g-601100301528192.html,,25.0,ELIM,objekt,FAIL,11,snippet,11.0,,299.0,,,,,299.0,,,Smadjursbur inomhus - faller pa gate 1 (forvaras inomhus) och pa publiken.,False
30.0,GREEN,?,False,,,v22/fas2/djur.json,djur,(engelsk slug; svensk titel BLOCKED_SOURCE),Automatisk vattenkopp med flottorventil till hagen,605840853537677,https://www.temu.com/se/g-605840853537677.html,,25.0,ELIM,presens,FAIL,9,snippet,57.0,,1699.0,,,Kerbl/Granngarden vattenkoppar och varmebaljor,,1699.0,,Fryser vattnet i hagen?,"Samma fall som den uppvarmda honsvattenautomaten: skadan ligger i frostmanaderna, inte i september-oktober. Plus landad kostnad 595-698 kr.",False
30.0,GREEN,?,False,,,v22/fas2/djur.json,djur,(engelsk slug; svensk titel BLOCKED_SOURCE),Litet honshustillbehor (vindskyddspanel),601100630820537,https://www.temu.com/se/g-601100630820537.html,,25.0,ELIM,ekonomi,UNKNOWN,99,snippet+,6.0,,199.0,,,,,199.0,,Drar det i honshuset?,$6 ger under 199 kr svenskt pris.,False
30.0,GREEN,?,False,,,v22/fas2/djur.json,djur,(engelsk slug; svensk titel BLOCKED_SOURCE),Kantlist bildorr,606404031135008,https://www.temu.com/se/g-606404031135008.html,,25.0,ELIM,ekonomi,FAIL,80,snippet,6.0,,199.0,,,,,199.0,,,< 199 kr och hyllad.,False
30.0,GREEN,?,False,,,v22/fas2/djur.json,djur,(engelsk slug; svensk titel BLOCKED_SOURCE),Oxford-liggunderlag till hunden,605827163356891,https://www.temu.com/se/g-605827163356891.html,,25.0,ELIM,objekt,FAIL,20,snippet,10.0,,299.0,,,,,299.0,,,"Inomhusobjekt, forvaras inne, ingen hostfriktion.",False
30.0,?,?,False,,,v22/fas2/garage-fordon.json,garage-fordon,"Floor Jack Pad Universal Square Pinch Weld Protector Rubber Jack Pad, Jack Stand Adapter",Gummiadapter mellan domkraft och bilens lyftpunkt,601102470159691,https://www.temu.com/se/g-601102470159691.html,,30.0,ELIM,variant,FAIL,,,10.0,,272,,,,,,,Bucklar domkraften bilens tröskel?,Listningarna är modellspecifika (E46/E90/R56) — exakt 'SKU per maskinmodell' i den negativa rymden. Och 2–10 dollar ger ingen 300-kronorsprodukt.,False
30.0,?,?,False,,,v22/fas2/garage-fordon.json,garage-fordon,"Car Jack Rubber Pad, Jack Lift Frame Protection Adapter (BMW E81/E87/F20/E90/X1/X3/X4, MINI R53/R56)",Gummiadapter mellan domkraft och bilens lyftpunkt,601101720578866,https://www.temu.com/se/g-601101720578866.html,,30.0,ELIM,variant,FAIL,,,6.0,,163,,,,,,,Bucklar domkraften bilens tröskel?,Listningarna är modellspecifika (E46/E90/R56) — exakt 'SKU per maskinmodell' i den negativa rymden. Och 2–10 dollar ger ingen 300-kronorsprodukt.,False
30.0,GREEN,?,False,,,v22/fas2/garage-fordon.json,garage-fordon,"Motorcycle Portable Single-Sided Paddock Stand, Front and Rear Wheel Stand Support, Foldable Universal Tire Repairing To","Domkraft, pallbockar, hjulställ och paddockställ",601099529222914,https://www.temu.com/se/g-601099529222914.html,,25.0,ELIM,shelf,FAIL,11,snippet,40.0,,1089,,,Biltema Domkrafter / Jula Domkrafter (egna kategorisidor),,,,Byter du hjulen själv i höst?,Verkstadsutrustning är den mest hyllade varugruppen i hela svensk detaljhandel för bil.,False
30.0,GREEN,?,False,,,v22/fas2/garage-fordon.json,garage-fordon,2/2.5/3 Ton Low Profile Hydraulic Trolley Jack Combo with Jack Stands and Tire Repair Kit,"Domkraft, pallbockar, hjulställ och paddockställ",601099816986035,https://www.temu.com/se/g-601099816986035.html,,25.0,ELIM,shelf,FAIL,99,snippet+,60.0,,1633,,,Biltema Domkrafter / Jula Domkrafter (egna kategorisidor),,,,Byter du hjulen själv i höst?,Verkstadsutrustning är den mest hyllade varugruppen i hela svensk detaljhandel för bil.,False
30.0,?,?,False,,,v22/fas2/hus.json,hus,"3 Pack 6in Aluminum Gutter Guard, Anti-Blocking Drain Cover, Mesh Strainer Leaf Filter for Downspouts, Gutters, Roof Ven",lovsil-stuprorsgaller,601102437849405,https://www.temu.com/se/g-601102437849405.html,,30.0,ELIM,shelf,FAIL,,,,,,,,Biltema Lövskydd för hängränna (Ø 100 / Ø 120),,,,Rinner stupröret över när det regnar?,Biltema och Jula täcker formen fullständigt. Redan fallen i V2.,False
30.0,?,?,False,,,v22/fas2/hus.json,hus,"2 Pack Stainless Steel Gutter Guards, Drain Filter Strainer, Anti-Clogging Roof Gutter Downspout Blockage Metal",lovsil-stuprorsgaller,601099649565409,https://www.temu.com/se/g-601099649565409.html,,30.0,ELIM,shelf,FAIL,,,,,,,,Biltema Lövskydd för hängränna (Ø 100 / Ø 120),,,,Rinner stupröret över när det regnar?,Biltema och Jula täcker formen fullständigt. Redan fallen i V2.,False
30.0,?,?,False,,,v22/fas2/hus.json,hus,"Plastic Gutter Guard Downspout Filter, Anti-Blocking Drainage for Roof Gutters, Outdoor Drain Cover with Mesh",lovsil-stuprorsgaller,601099582902877,https://www.temu.com/se/g-601099582902877.html,,30.0,ELIM,shelf,FAIL,,,,,,,,Biltema Lövskydd för hängränna (Ø 100 / Ø 120),,,,Rinner stupröret över när det regnar?,Biltema och Jula täcker formen fullständigt. Redan fallen i V2.,False
30.0,?,?,False,,,v22/fas2/hus.json,hus,"1-4pcs Gutter Downspout Guards, Gutter Strainer, Drain Net Cover for Preventing Blockage",lovsil-stuprorsgaller,601099537432061,https://www.temu.com/se/g-601099537432061.html,,30.0,ELIM,shelf,FAIL,,,,,,,,Biltema Lövskydd för hängränna (Ø 100 / Ø 120),,,,Rinner stupröret över när det regnar?,Biltema och Jula täcker formen fullständigt. Redan fallen i V2.,False
30,?,?,False,,,v22/fas2/husvagn-mc.json,husvagn-mc,jack socket wrench scissor type automotive socket adapter for hand drill and ratchet,uppstallningsstod,601104279180548,https://www.temu.com/se/g-601104279180548.html,,,ELIM,economics,FAIL,,,,,,,,,,,,,Hylsa till borrmaskin — enkronorsprodukt i kedjornas verktygshylla.,False
30,?,?,False,,,v22/fas2/husvagn-mc.json,husvagn-mc,propane tank gauge level indicator leak detector gas pressure meter universal,gasoltuben,601099523850717,https://www.temu.com/se/g-601099523850717.html,,,ELIM,economics,FAIL,,,,,,,,,,,,,Samma prisklass och samma forklaringsproblem.,False
30.0,?,?,False,,,v22/fas2/jakt.json,jakt,"8pcs heavy duty elk wild meat bags, reusable large rolled game bags for hunting",Viltsack / game bags — flugskydd pa hangande kott,601099530355878,https://www.temu.com/se/g-601099530355878.html,,30.0,ELIM,shelf,FAIL,,,,,349.0,,,Biltema Viltsack 75x50 cm / 190x90 cm / 300x160 cm + Viltsack vattentat; Hylte V,,349.0,,Flugor pa algen i slaktboden?,Biltema saljer exakt formen i tre storlekar; Hylte och Jaktia har egna viltsackskategorier.,False
30.0,?,?,False,,,v22/fas2/jakt.json,jakt,"6 pack game bags, breathable meat storage bags for elk/deer/moose, reusable washable with reflective strips and ropes",Viltsack / game bags — flugskydd pa hangande kott,601101995689327,https://www.temu.com/se/g-601101995689327.html,,30.0,ELIM,shelf,FAIL,,,,,349.0,,,Biltema Viltsack 75x50 cm / 190x90 cm / 300x160 cm + Viltsack vattentat; Hylte V,,349.0,,Flugor pa algen i slaktboden?,Biltema saljer exakt formen i tre storlekar; Hylte och Jaktia har egna viltsackskategorier.,False
30.0,?,?,False,,,v22/fas2/tomt.json,tomt,"Stainless Steel Telescoping Leaf Rake, Width Adjustable Metal Garden Rake, Max 63 Inch",teleskopisk lövkratta med justerbar bredd,606218659721430,https://www.temu.com/se/g-606218659721430.html,,30.0,ELIM,hyllan,FAIL,,,14.0,,381,,,,,,,Faller löven snabbare än du hinner kratta?,Rakt in i den hylla uppdraget varnade för.,False
30.0,GREEN,?,False,,,v22/fas2/tomt.json,tomt,"25pcs Greenhouse Clips, Shade Net Clips, Plant Clips",växthusklips,606486222739811,https://www.temu.com/se/g-606486222739811.html,,25.0,ELIM,ekonomi,PENDING_VERIFICATION,99,snippet+,4.0,,109,,,,,,,Blåser rutorna ur växthuset?,"Riktig friktion, men landad 42–49 kr gör att den aldrig når 300 kr.",False
30.0,?,?,False,,,v22/fas2/tomt.json,tomt,"Heavy Duty Metal Garden Tool Organizer Rack With Storage Bags, Long Handled Tool Holder",redskapsställ för långskaftade trädgårdsredskap,605894188327796,https://www.temu.com/se/g-605894188327796.html,,30.0,ELIM,objekt,PENDING_VERIFICATION,,,37.0,,1007,,,,,,,Faller krattorna omkull i boden?,Gate 0 fäller den. Spöhållaren löste samma sorts kaos men för spön som ägaren bär med sig ut.,False
30.0,?,?,False,,,v22/fas2/ved-eldstad.json,ved-eldstad,"log carrier bag, large canvas firewood tote bag with adjustable strap",vedbarare-vedsack,601099614843620,https://www.temu.com/g-601099614843620.html,,30.0,ELIM,shelf,FAIL,,,,,,,,"Jula vedsäck, vedkorg och vedförvaring; Jula/Biltema säckhållare",,,,Bär du in veden i armarna?,"Jula säljer vedsäck, vedkorg OCH vedförvaring; Clas Ohlson har vedkorgar.",False
30.0,?,?,False,,,v22/fas2/ved-eldstad.json,ved-eldstad,"1pc log carriers bags with handle, firewood log carrier heavy duty fabric tote",vedbarare-vedsack,601099581806332,https://www.temu.com/g-601099581806332.html,,30.0,ELIM,shelf,FAIL,,,,,,,,"Jula vedsäck, vedkorg och vedförvaring; Jula/Biltema säckhållare",,,,Bär du in veden i armarna?,"Jula säljer vedsäck, vedkorg OCH vedförvaring; Clas Ohlson har vedkorgar.",False
30.0,?,?,False,,,v22/fas2/ved-eldstad.json,ved-eldstad,"heavy-duty PVC log carrier bag, outdoor firewood tote with reinforced handles",vedbarare-vedsack,601099583387103,https://www.temu.com/g-601099583387103.html,,30.0,ELIM,shelf,FAIL,,,,,,,,"Jula vedsäck, vedkorg och vedförvaring; Jula/Biltema säckhållare",,,,Bär du in veden i armarna?,"Jula säljer vedsäck, vedkorg OCH vedförvaring; Clas Ohlson har vedkorgar.",False
30.0,?,?,False,,,v22/fas2/ved-eldstad.json,ved-eldstad,"1pc firewood log carrier bag, waxed canvas, large tote",vedbarare-vedsack,601099529899095,https://www.temu.com/g-601099529899095.html,,30.0,ELIM,shelf,FAIL,,,,,,,,"Jula vedsäck, vedkorg och vedförvaring; Jula/Biltema säckhållare",,,,Bär du in veden i armarna?,"Jula säljer vedsäck, vedkorg OCH vedförvaring; Clas Ohlson har vedkorgar.",False
30.0,?,?,False,,,v22/fas2/ved-eldstad.json,ved-eldstad,"1pc outdoor multifunctional firewood storage bag, log carrier tote",vedbarare-vedsack,601099522191732,https://www.temu.com/g-601099522191732.html,,30.0,ELIM,shelf,FAIL,,,,,,,,"Jula vedsäck, vedkorg och vedförvaring; Jula/Biltema säckhållare",,,,Bär du in veden i armarna?,"Jula säljer vedsäck, vedkorg OCH vedförvaring; Clas Ohlson har vedkorgar.",False
30.0,?,PASS,False,,,batch1/fritidshus.json,fritidshus,Förvaringssäck för fendrar/förtöjningslinor vid vinterförvaring,Fendrar och förtöjningslinor på bryggan,,,,25.0,REJECT,,"PENDING_VERIFICATION — otillräckligt underlag, ingen tydlig Temu-listning hittad (sökningen gav bara irrelevanta gitarrtillbehör pga ordet 'fender') PriceRunner 'fendersäck förvaring förtöjning': enda relevanta träffen Osculati Fenderöverdrag F1 109 kr (ENSKILD fenderskydd, inte en samlad förvarings",,,,,,PriceRunner 'fendersäck förvaring förtöjning': enda relevanta träffen Osculati F,109.0,,,,,N/A,"Otillräckligt underlag inom sökbudgeten (ordkollisionen med gitarrmärket Fender gjorde sökningen ineffektiv), och den underliggande smärtan är svag jämfört med övriga koncept.",False
30.0,?,?,False,HARD REJECT,MARKETPLACE FAILURE,v23/dolda-parlor.json,dolda-parlor,"Elstängselprovare (spänningsmätare för elstängsel, 8 lampor)",Handhållen provare som visar spänningen i elstängslet — hittar avbrottet innan hästarna/fåren gör det. Höstens blöta gräs kortsluter stängsel.,601099522307050,https://www.temu.com/se/g-601099522307050.html,601099642361013 601099941920689,30.0,FAIL (hyllan: Biltema + Granngården + Lantkompaniet; presens kronisk).,,"FAIL — Biltema har exakt formen i en egen elstängselkategori, Granngården har en hel underkategori. Kedjans hemmaplan.",,,,,,"Biltema Stängselprovare (art. 2000023327, pris ej läst — 403) i egen elstängselk",,Gallagher/Granngården digitala provare (pris ej läst),,,EVERGREEN,Vet du var stängslet är dött?,—,False
30.0,GREEN,WARN-utan-ankare,False,HARD REJECT,MARKETPLACE FAILURE,v23/present-hobby.json,present-hobby,Uppladdningsbar handvärmare 2-pack magnetisk (2 × 5 000–10 000 mAh),Två magnetiska handvärmare/powerbanks för jaktpasset och isfisket. Q4-perfekt på pappret.,601099813456082,https://www.temu.com/uk/2pcs-rechargeable-hand-warmers-10-000mah-magnetic-usb-pocket-heaters-with-3-heat-levels--fishing-golf-hunting-camping-ideal-gift-for-men-women-g-601099813456082.html,601099834639715 601099638648365,40.0,"REJECT (lärorikt): perfekt Q4-klocka, fel hylla.",,FAIL — Clas Ohlson säljer exakt formen (2-pack magnetisk) för 299 kr; vi kan inte landa den under 210 kr på 20 USD.,15,snippet+,12.0,,499.0,Clas Ohlson Handvärmare återanvändbar USB 2 × 5 000 mAh — 299 kr (nedsatt från 3,299.0,"Biltema Handvärmare och powerbank 10 000 mAh (pris oläst, 403); Clas Warmly MagT",,499.0,Q4 NOW + GIFT,Kalla händer på passet igen?,Kedjan äger formen.,False
29.0,?,WARN-utan-ankare,False,HARD REJECT,MARKETPLACE FAILURE,v23/present-hobby.json,present-hobby,Fältknivslip med vinkelguide (Work Sharp-typ) – 11-i-1 med läderfodral,"Guidad fältslip för jakt-/fiskekniv: diamantplattor grov/fin, keramikstav med krokspår, läderstropp, 20°/25°-guider. Jaktidentitet i fickformat.",601105480032013,https://www.temu.com/ca/210n-transforod-11-in-1-portable-knife-sharpener-with-monocrystalline-diamond-ceramic-rods-adjustable-angle--guided-field-sharpener-leather--for-hunting-outdoor-survival-compatible-with-curved-serrated--fishhooks-g-601105480032013.html,601099597943065 601099567809267 601099524807980,44.0,WATCH — testas bara om Temu-pris ≤ 9 USD och 299 kr håller BE-CPA ≥ 190.,,"FAIL/SVAG — originalet Work Sharp kostar 395 kr i svensk fackhandel; ankaret ligger på vår prisnivå, inte 1,6× över. En kopia måste ned till 299 kr, vilket kräver Temu-pris ≤ 9 USD och ger BE-CPA ~200 kr.",,,,,299.0,"Jägarliv fickknivslip (keramik/hårdmetall) 49 kr; Biltema knivslip (pris oläst, ",49.0,Work Sharp Guided Field Sharpener 2.2.1 — 395 kr rek. pris (Hylte Jakt & Lantman,395.0,299.0,Q4 NOW (jaktsäsong) + GIFT,Slipar du kniven ute i skogen?,Originalet 395 kr + 1 243 knivslipannonser i SE.,False
28.0,?,?,False,,,dataset(V2.1),pool,"1 set balcony round hot tub cover cap with air vent, waterproof (UK-listning, uppblåsbart spa) (ur söktitel)",Uppblåsbart spa,601099514931575,https://www.temu.com/se/g-601099514931575.html,,28.0,ELIM,shelf,"Kedjesajterna (Jula 403, Biltema 403, Rusta 404, Clas Ohlson JS-skal) och alla sökmotorer (WebSearch-kvot slut, DDG captcha, Bing brus, Mojeek 403, Brave 429) var oåtkomliga 2026-09-04 — kedjestatus bygger på kännedom och är märkt 'ej verifierad'. Fackhandelsankare är hämtade live från spabadsbutike",,,,,,Kedjorna (Bestway-tillbehör) enligt kännedom — ej verifierad,,Bestway Lay-Z-Spa,,,,,Fel objekt/säsong.,False
28.0,?,?,False,,,dataset(V2.1),pool,"Spa & hot tub cover thermal blanket, round hot tub insulation/solar bubble cover for outdoor (uppblåsbara) hot tubs (ur ",Uppblåsbart spa,601099582142042,https://www.temu.com/se/g-601099582142042.html,,28.0,ELIM,shelf,"Kedjesajterna (Jula 403, Biltema 403, Rusta 404, Clas Ohlson JS-skal) och alla sökmotorer (WebSearch-kvot slut, DDG captcha, Bing brus, Mojeek 403, Brave 429) var oåtkomliga 2026-09-04 — kedjestatus bygger på kännedom och är märkt 'ej verifierad'. Fackhandelsankare är hämtade live från spabadsbutike",,,,,,Kedjorna (Bestway-tillbehör) enligt kännedom — ej verifierad,,Bestway Lay-Z-Spa,,,,,Fel objekt/säsong.,False
28.0,?,?,False,,,v22/fas2/ved-eldstad.json,ved-eldstad,"1pc double sided silicone fire pit mat, heat resistant, waterproof backing, protects decks and lawns (SE-titel: brasmatt",eldkorgsmatta-trallskydd,601099582006623,https://www.temu.com/g-601099582006623.html,,28.0,ELIM,shelf,FAIL,,,,,,,,Jula Grillmatta 80x120 cm (Burns & Barkles),,,,Bränner eldkorgen märken i trallen?,Hyllan — konceptet är redan hyllat som 'grillmatta'.,False
28.0,?,?,False,,,v22/fas2/ved-eldstad.json,ved-eldstad,"large 76x52 inch under grill mat, double sided fireproof waterproof oil proof",eldkorgsmatta-trallskydd,601100626184543,https://www.temu.com/g-601100626184543.html,,28.0,ELIM,shelf,FAIL,,,,,,,,Jula Grillmatta 80x120 cm (Burns & Barkles),,,,Bränner eldkorgen märken i trallen?,Hyllan — konceptet är redan hyllat som 'grillmatta'.,False
27.0,GREEN,?,False,,,dataset(V2.1),garage,Gothic Skull Tow Hook Cover — 50 mm universal trailer hook cap,Dragkrokskulan,606422737766625,https://www.temu.com/se/g-606422737766625.html,,22.0,C,economics,,2,snippet,,,,,,,,,,,Lärorik: 'klistermärke-strukturen' finns här men ekonomin (kostnad 130 vs 80) och estetiken (skull) gör den till en förlorare,False
27.0,?,PASS,False,,,v22/fas2/djur.json,djur,"dog car seat/boot cover, waterproof, scratch resistant (engelsk slug; svensk titel BLOCKED_SOURCE)",Vattentatt bagagerums-/baksatesskydd for hund,601099533731264,https://www.temu.com/se/g-601099533731264.html,,22.0,ELIM,hyllan,FAIL,,,,,399.0,,,Nomad Tales Spirit Skydd Bagageutrymmet 90x70x23 cm,714.0,399.0,,Lera i baksatet efter varje promenad?,"17 svenska produkter 66-1279 kr i exakt samma form (Nomad Tales 714, Duvo+ 246, Teknikproffset 138). Hela prisstegen ar tackt.",False
27.0,?,PASS,False,,,v22/fas2/djur.json,djur,"dog car seat/boot cover, waterproof, scratch resistant (engelsk slug; svensk titel BLOCKED_SOURCE)",Vattentatt bagagerums-/baksatesskydd for hund,601099599391188,https://www.temu.com/se/g-601099599391188.html,,22.0,ELIM,hyllan,FAIL,,,,,399.0,,,Nomad Tales Spirit Skydd Bagageutrymmet 90x70x23 cm,714.0,399.0,,Lera i baksatet efter varje promenad?,"17 svenska produkter 66-1279 kr i exakt samma form (Nomad Tales 714, Duvo+ 246, Teknikproffset 138). Hela prisstegen ar tackt.",False
27.0,?,PASS,False,,,v22/fas2/djur.json,djur,"dog car seat/boot cover, waterproof, scratch resistant (engelsk slug; svensk titel BLOCKED_SOURCE)",Vattentatt bagagerums-/baksatesskydd for hund,601099517407251,https://www.temu.com/se/g-601099517407251.html,,22.0,ELIM,hyllan,FAIL,,,,,399.0,,,Nomad Tales Spirit Skydd Bagageutrymmet 90x70x23 cm,714.0,399.0,,Lera i baksatet efter varje promenad?,"17 svenska produkter 66-1279 kr i exakt samma form (Nomad Tales 714, Duvo+ 246, Teknikproffset 138). Hela prisstegen ar tackt.",False
27.0,?,PASS,False,,,v22/fas2/djur.json,djur,"dog car seat/boot cover, waterproof, scratch resistant (engelsk slug; svensk titel BLOCKED_SOURCE)",Vattentatt bagagerums-/baksatesskydd for hund,601099529341585,https://www.temu.com/se/g-601099529341585.html,,22.0,ELIM,hyllan,FAIL,,,,,399.0,,,Nomad Tales Spirit Skydd Bagageutrymmet 90x70x23 cm,714.0,399.0,,Lera i baksatet efter varje promenad?,"17 svenska produkter 66-1279 kr i exakt samma form (Nomad Tales 714, Duvo+ 246, Teknikproffset 138). Hela prisstegen ar tackt.",False
27.0,GREEN,?,False,,,v22/fas2/hus.json,hus,"Draft Stopper for Doors, Weatherproofing Seal & Sweep for Exterior and Interior Doors, Noise and Dust Insulation Blocker",dorrbottenlist-drag,601099529160518,https://www.temu.com/se/g-601099529160518.html,,22.0,ELIM,shelf,FAIL,96,snippet+,4.0,,109,,,Jula Hard Head bottenlist,,,,Drar det in under ytterdörren?,"Redan avfärdad i V2, och $4–$9 ger ingen prisrymd överhuvudtaget.",False
27.0,GREEN,?,False,,,v22/fas2/hus.json,hus,"Door Draft Stopper with Adjustable Weather Stripping for Insulation Against Cold, Exterior and Interior Doors, 39.37 inc",dorrbottenlist-drag,601099620739948,https://www.temu.com/se/g-601099620739948.html,,22.0,ELIM,shelf,FAIL,94,snippet+,6.0,,163,,,Jula Hard Head bottenlist,,,,Drar det in under ytterdörren?,"Redan avfärdad i V2, och $4–$9 ger ingen prisrymd överhuvudtaget.",False
27.0,GREEN,?,False,,,v22/fas2/hus.json,hus,"1pc Fabric Windproof Draft Stopper Door Seal for Under Door up to 3 inches, Draft Excluder",dorrbottenlist-drag,601100201647702,https://www.temu.com/se/g-601100201647702.html,,22.0,ELIM,shelf,FAIL,96,snippet+,9.0,,245,,,Jula Hard Head bottenlist,,,,Drar det in under ytterdörren?,"Redan avfärdad i V2, och $4–$9 ger ingen prisrymd överhuvudtaget.",False
27.0,?,PASS,False,,,v22/fas2/jakt.json,jakt,"1pc waterproof trunk mat car cargo liner, universal fit for sedan and SUV, heavy duty polyester fabric",Lastutrymmesskydd med hoga sidor for blodigt vilt och blot hund,606285768589305,https://www.temu.com/se/g-606285768589305.html,,22.0,ELIM,shelf,FAIL,,,,,349.0,,,Biltema/Jula bagagerumsmattor (bilkategorin) + zoohandelns bagageutrymmesskydd; ,224.0,349.0,,Blod och lera i bagaget efter jakten?,Leopardmonstrad bagagerumsmatta ar en annan produkt an ett jaktlastskydd.,False
27.0,GREEN,?,False,,,v22/fas2/tomt.json,tomt,"3D Heavy Duty 6ft No Dig Metal Fence Posts, Pack Of 10 Steel U Posts For Garden Yard Outdoor Wire Fencing",staketstolps-reparationsbygel (alternativ listning — fel produkt),605539333446038,https://www.temu.com/se/g-605539333446038.html,,22.0,ELIM,objekt,UNKNOWN,29,snippet,39.0,,1061,,,,,,,,"Fel produkt för friktionen — U-stolpar för nätstängsel, inte reparation av befintligt trästaket.",False
26.0,?,?,False,,,v22/fas2/djur.json,djur,"heavy duty fence/farm gate wheel, adjustable U-bolt, anti-sagging caster (engelsk slug; svensk titel BLOCKED_SOURCE)",Stodhjul till grinden - hjul med U-bygel som bar upp en hangande grind sa den gar att oppna i lera,601100183281274,https://www.temu.com/se/g-601100183281274.html,,56.0,C,ekonomi,PENDING_VERIFICATION,,,85.0,,2499.0,,,"Stodhjul for grind kraftig (Djurgardens Ridsport, hastfackhandel)",,2499.0,,Slapar grinden i leran?,"Bada listningarna med pris ($45 och $85) landar over 420 kr = over 1000 kr-taket. Konceptet haller, listningarna inte - de billiga varianterna saknar prisuppgift. ALTERNATIVE_LISTING_REQUIRED.",False
26.0,?,?,False,,,v22/fas2/hus.json,hus,"1pc Durable Electrician Grade Waterproof Outdoor Extension Cord Protector, Plastic Connector Box with Safety Seals, Clam",sladdskarvskydd-litet,601099775679136,https://www.temu.com/se/g-601099775679136.html,,26.0,ELIM,economics,FAIL,,,,,,,,Clas Ohlson kabelskarv / Biltema skarvskydd,,,,Ligger dina utesladdar i löven?,"En plastkapsel för 99 kr när aldrig 300-kr-golvet, och kedjorna har formen.",False
26.0,?,?,False,,,v22/fas2/hus.json,hus,"Durable Waterproof Outdoor Extension Cord Protector, Single Outlet Weatherproof Cable Cover, Electrical Grade Plastic",sladdskarvskydd-litet,601099847632844,https://www.temu.com/se/g-601099847632844.html,,26.0,ELIM,economics,FAIL,,,,,,,,Clas Ohlson kabelskarv / Biltema skarvskydd,,,,Ligger dina utesladdar i löven?,"En plastkapsel för 99 kr när aldrig 300-kr-golvet, och kedjorna har formen.",False
26.0,?,?,False,,,v22/fas2/hus.json,hus,"1pc Outdoor Extension Cord Cover, Safety Waterproof Protective Cover, Outdoor Power Plug Cord Seal Protector, Connection",sladdskarvskydd-litet,601099518737902,https://www.temu.com/se/g-601099518737902.html,,26.0,ELIM,economics,FAIL,,,,,,,,Clas Ohlson kabelskarv / Biltema skarvskydd,,,,Ligger dina utesladdar i löven?,"En plastkapsel för 99 kr när aldrig 300-kr-golvet, och kedjorna har formen.",False
26.0,?,?,False,,,v22/fas2/hus.json,hus,"1pc/2pcs Outdoor Extension Cord Safety Cover with Waterproof Protector Seal, Weatherproof Electrical Connection Box",sladdskarvskydd-litet,601099533256529,https://www.temu.com/se/g-601099533256529.html,,26.0,ELIM,economics,FAIL,,,,,,,,Clas Ohlson kabelskarv / Biltema skarvskydd,,,,Ligger dina utesladdar i löven?,"En plastkapsel för 99 kr när aldrig 300-kr-golvet, och kedjorna har formen.",False
26.0,?,?,False,,,v22/fas2/hus.json,hus,"1pc Waterproof Outdoor Extension Cord Safety Junction Box, Protect Your Outlet Cable Connections",sladdskarvskydd-litet,601099526884410,https://www.temu.com/se/g-601099526884410.html,,26.0,ELIM,economics,FAIL,,,,,,,,Clas Ohlson kabelskarv / Biltema skarvskydd,,,,Ligger dina utesladdar i löven?,"En plastkapsel för 99 kr när aldrig 300-kr-golvet, och kedjorna har formen.",False
26.0,?,?,False,,,v22/fas2/hus.json,hus,"2-Pack Outdoor Extension Cord Cover, Waterproof Plug Connector Safety Covers, IP44 Connection Protector, Green",sladdskarvskydd-litet,601099519167577,https://www.temu.com/se/g-601099519167577.html,,26.0,ELIM,economics,FAIL,,,,,,,,Clas Ohlson kabelskarv / Biltema skarvskydd,,,,Ligger dina utesladdar i löven?,"En plastkapsel för 99 kr när aldrig 300-kr-golvet, och kedjorna har formen.",False
26.0,?,?,False,,,v22/fas2/hus.json,hus,"3-Pack Outdoor Extension Cord Safety Cover, IP44 Waterproof Connection Protector, Weatherproof Electrical Box, Green",sladdskarvskydd-litet,601099519167465,https://www.temu.com/se/g-601099519167465.html,,26.0,ELIM,economics,FAIL,,,,,,,,Clas Ohlson kabelskarv / Biltema skarvskydd,,,,Ligger dina utesladdar i löven?,"En plastkapsel för 99 kr när aldrig 300-kr-golvet, och kedjorna har formen.",False
26.0,?,?,False,,,v22/fas2/hus.json,hus,"Waterproof Outdoor Extension Cord Protector, Durable Plastic Electrician Grade Weatherproof Connector Box",sladdskarvskydd-litet,601099623933341,https://www.temu.com/se/g-601099623933341.html,,26.0,ELIM,economics,FAIL,,,,,,,,Clas Ohlson kabelskarv / Biltema skarvskydd,,,,Ligger dina utesladdar i löven?,"En plastkapsel för 99 kr när aldrig 300-kr-golvet, och kedjorna har formen.",False
26.0,?,?,False,,,v22/fas2/hus.json,hus,"Outdoor Extension Cord Safety Cover, Weatherproof Electrical Connection Box, Black, Waterproof Seal Connection Protector",sladdskarvskydd-litet,601099531001476,https://www.temu.com/se/g-601099531001476.html,,26.0,ELIM,economics,FAIL,,,,,,,,Clas Ohlson kabelskarv / Biltema skarvskydd,,,,Ligger dina utesladdar i löven?,"En plastkapsel för 99 kr när aldrig 300-kr-golvet, och kedjorna har formen.",False
25.0,GREEN,WARN-utan-ankare,False,,,dataset(V2.1),bat,"En bågskydd för utombordsmotorer, universella marinmotorfästen och bogserbåtsmotorlås, gummifästen för båtmotorer, utomb",Utombordare på trailerbåt,601099889254596,https://www.temu.com/se/g-601099889254596.html,,35.0,C,material,ingen leverantörsvideo; 2 bild(er),52,temu,,299.35,1078,Osculati 539 kr stångtyp (PR),539.0,Osculati transportstöd,539.0,,,,pris: 299 kr på Temu ger inget prisutrymme under 1 000 kr,True
25.0,?,?,False,,,dataset(V2.1),bat,LED submersible boat trailer light kit,Båttrailer,601099575470280,https://www.temu.com/se/g-601099575470280.html,,25.0,ELIM,shelf,kedjevara/commodity,,,,,,"PR: 53 produkter (vidaXL 683 kr, Hella …); Biltema/Jula säljer trailerbelysning ",,,,,,,ej E-märkt + commodity,False
25.0,?,?,False,,,dataset(V2.1),bat,"Boat trailer bunk carpet 12 in × 50 ft, marine grade",Trailerbunkar,601099904233226,https://www.temu.com/se/g-601099904233226.html,,25.0,C,variant,"metervara — måste mätas, häftas",,,,,,ej kollad,,,,,,,montering + publik,False
25.0,?,PASS,False,,,dataset(V2.1),djur,,bilens baksäte — sätesskydd med mittkonsolkudde,601099719204144,https://www.temu.com/se/g-601099719204144.html,,20.0,ELIM,shelf,Vanlig hängmatta/sätesskydd = kedjeform (PriceRunner 79–252 kr),,,,,,PriceRunner-utdrag 'bilskydd hund baksäte': hängmatta finns överallt (Teknikprof,1167.0,,,,,,Vanlig hängmatta/sätesskydd = kedjeform (PriceRunner 79–252 kr),False
25.0,?,PASS,False,,,dataset(V2.1),djur,,fönstret — fågelmatare med sugkoppar,601099648898509,https://www.temu.com/se/g-601099648898509.html,,20.0,ELIM,shelf,"Fönsterfågelmatare 99–129 kr på PriceRunner (Utenu, set om 2), Clas Ohlson-typ — samma form och < 199 kr",,,,,,"PriceRunner: Fönster-fågelmatare Utenu 99, set om 2 129, sugkopps-modell 335",99.0,,,,,,"Fönsterfågelmatare 99–129 kr på PriceRunner (Utenu, set om 2), Clas Ohlson-typ — samma form och < 199 kr",False
25.0,?,PASS,False,,,dataset(V2.1),djur,,fönstret — fågelmatare med sugkoppar,601100093015647,https://www.temu.com/se/g-601100093015647.html,,20.0,ELIM,shelf,"Fönsterfågelmatare 99–129 kr på PriceRunner (Utenu, set om 2), Clas Ohlson-typ — samma form och < 199 kr",,,,,,"PriceRunner: Fönster-fågelmatare Utenu 99, set om 2 129, sugkopps-modell 335",99.0,,,,,,"Fönsterfågelmatare 99–129 kr på PriceRunner (Utenu, set om 2), Clas Ohlson-typ — samma form och < 199 kr",False
25.0,?,PASS,False,,,dataset(V2.1),djur,,fönstret — fågelmatare med sugkoppar,601102745012781,https://www.temu.com/se/g-601102745012781.html,,20.0,ELIM,shelf,"Fönsterfågelmatare 99–129 kr på PriceRunner (Utenu, set om 2), Clas Ohlson-typ — samma form och < 199 kr",,,,,,"PriceRunner: Fönster-fågelmatare Utenu 99, set om 2 129, sugkopps-modell 335",99.0,,,,,,"Fönsterfågelmatare 99–129 kr på PriceRunner (Utenu, set om 2), Clas Ohlson-typ — samma form och < 199 kr",False
25.0,?,PASS,False,,,dataset(V2.1),djur,,fönstret — fågelmatare med sugkoppar,605765691617199,https://www.temu.com/se/g-605765691617199.html,,20.0,ELIM,shelf,"Fönsterfågelmatare 99–129 kr på PriceRunner (Utenu, set om 2), Clas Ohlson-typ — samma form och < 199 kr",,,,,,"PriceRunner: Fönster-fågelmatare Utenu 99, set om 2 129, sugkopps-modell 335",99.0,,,,,,"Fönsterfågelmatare 99–129 kr på PriceRunner (Utenu, set om 2), Clas Ohlson-typ — samma form och < 199 kr",False
25.0,?,?,False,,,dataset(V2.1),garage,"Tire Rack Garage Storage, heavy duty adjustable wall-mounted, 300 lbs",Fyra däck + garagevägg,601099572406039,https://www.temu.com/se/g-601099572406039.html,,25.0,ELIM,shelf,Kedjorna säljer väggmonterade däckställ i samma form; tungt (frakt),,,,,,Jula kategori 'Däckförvaring' (jula.se/catalog/bil-och-garage/biltillbehor/dackv,,,,,,,—,False
25.0,GREEN,?,False,,,dataset(V2.1),garage,"Car trailer ball head cover, 50 mm, plastic, green/bronze",Dragkrokskulan (50 mm),601102179669220,https://www.temu.com/se/g-601102179669220.html,,20.0,ELIM,shelf,Samma form för en tia i kedjorna; < 199 kr,5,snippet,,,,,,,,,,,—,False
25.0,?,?,False,,,dataset(V2.1),grasklippare,"Dump cart tow-behind, 350 lb steel, black, for lawn tractor/UTV",Åkgräsklippare (dragkrok),601099603830063,https://www.temu.com/se/g-601099603830063.html,,25.0,ELIM,shelf,"Kedjorna säljer samma form (tippkärra 350 lb) — ej verifierat mot pris, men kategorin är hyllad",,,,,,"Biltema/Jula säljer tippkärror till åkgräsklippare (kategorikunskap, EJ verifier",,,,,,,—,False
25.0,?,?,False,,,dataset(V2.1),grasklippare,350 lbs heavy-duty tow-behind dump cart for lawn/garden tractor,Åkgräsklippare (dragkrok),601099640954950,https://www.temu.com/se/g-601099640954950.html,,25.0,ELIM,shelf,"Kedjorna säljer samma form (tippkärra 350 lb) — ej verifierat mot pris, men kategorin är hyllad",,,,,,"Biltema/Jula säljer tippkärror till åkgräsklippare (kategorikunskap, EJ verifier",,,,,,,—,False
25.0,?,?,False,,,dataset(V2.1),handmaskiner,1pc Gutter Scoop Flexible Roof Cleaning Tool For Dirt Debris Removal Multi-use For Eaves Garden And Leaf Gutters Plastic,Hängrännor — plastskopa,601099606869339,https://www.temu.com/se/g-601099606869339.html,,25.0,ELIM,shelf,Samma form i kedjorna för under 60 kr (ur kunskap); inget ankare; commodity,,,,,,Biltema/Jula/Clas Ohlson säljer hängränneskopa i plast för ~30–60 kr ur kunskap ,,,,,,,Commodity,False
25.0,?,?,False,,,dataset(V2.1),hus,10–20 ft Garage Door Bottom Seal Weather Stripping PVC rubber,garageport,601099552259600,https://www.temu.com/se/g-601099552259600.html,,25.0,ELIM,shelf,Jula Hard Head tätningslist för garageport = samma form; dörrbottenlist är dessutom en bevisad förlorare i kontot (bygghandel),,,,,,Jula,,,,,,,Upprepning av dörrbottenlist-förlusten,False
25.0,?,?,False,,,dataset(V2.1),hus,20 ft Universal Garage Door Seal Strip bottom weather stripping,garageport,601099945396630,https://www.temu.com/se/g-601099945396630.html,,25.0,ELIM,shelf,Jula Hard Head tätningslist för garageport = samma form; dörrbottenlist är dessutom en bevisad förlorare i kontot (bygghandel),,,,,,Jula,,,,,,,Upprepning av dörrbottenlist-förlusten,False
25.0,?,?,False,,,dataset(V2.1),hus,Garage Door Seals Bottom Rubber Weather Stripping Kit 16 ft black,garageport,601099524825217,https://www.temu.com/se/g-601099524825217.html,,25.0,ELIM,shelf,Jula Hard Head tätningslist för garageport = samma form; dörrbottenlist är dessutom en bevisad förlorare i kontot (bygghandel),,,,,,Jula,,,,,,,Upprepning av dörrbottenlist-förlusten,False
25.0,?,?,False,,,dataset(V2.1),hus,"Replacement Garage Door Bottom Seal Strip, EPDM, single-slot doors, 10.5 ft",garageport,601101903801579,https://www.temu.com/se/g-601101903801579.html,,25.0,ELIM,shelf,Jula Hard Head tätningslist för garageport = samma form; dörrbottenlist är dessutom en bevisad förlorare i kontot (bygghandel),,,,,,Jula,,,,,,,Upprepning av dörrbottenlist-förlusten,False
25.0,?,?,False,,,dataset(V2.1),hus,"Cobweb Duster with extension pole, spider web brush for outdoor cleaning",fasad/takfot,601101571293235,https://www.temu.com/se/g-601101571293235.html,,25.0,ELIM,shelf,"teleskopborste = kedjornas standardsortiment, < 199 kr; jämförelsehandlad",,,,,,Jula/Biltema,,,,,,,—,False
25.0,?,?,False,,,dataset(V2.1),hus,20/26 ft Extendable Cobweb Duster with telescopic pole,fasad/takfot,601103037360883,https://www.temu.com/se/g-601103037360883.html,,25.0,ELIM,shelf,"teleskopborste = kedjornas standardsortiment, < 199 kr; jämförelsehandlad",,,,,,Jula/Biltema,,,,,,,—,False
25.0,?,?,False,,,dataset(V2.1),hus,"26 ft Reach Cobweb Duster with extension pole, outdoor/indoor",fasad/takfot,601100729934304,https://www.temu.com/se/g-601100729934304.html,,25.0,ELIM,shelf,"teleskopborste = kedjornas standardsortiment, < 199 kr; jämförelsehandlad",,,,,,Jula/Biltema,,,,,,,—,False
25.0,?,PASS,False,,,dataset(V2.1),husvagn,"Trailer ball cover durable TPR rubber hitch protector, textured surface, protects tow bar ball from rust and scratches",Dragkulan på bilen,601099821458069,https://www.temu.com/se/g-601099821458069.html,,20.0,ELIM,shelf,"Biltema Kulskydd 19,90 kr, Biltema Kulskydd kraftig, Jula Hamron kulskydd, Clas Ohlson Kulskydd 41-3737 (ur Yahoo-sökutdrag 2026-09-04).",,,,,,Biltema,19.9,,,,,,"Biltema 19,90 kr.",False
25.0,OK,?,False,,,dataset(V2.1),mc,"6 Amp 12V Battery Charger Maintainer: Keep *, Boat, Motorcycle, Lawn Mower &amp; More Batteries *!","batteriladdare/underhållsladdare 12 V (MC, ATV, skoter, klippare)",601099511919796,https://www.temu.com/se/g-601099511919796.html,,25.0,ELIM,shelf,"underhållsladdare i exakt samma form finns hos alla fyra kedjor; CTEK-ankaret gäller bara om vår ser ut som CTEK, vilket den inte gör [ur minne — WebSearch-budgeten var slut och biltema/jula/clasohlson/rusta svarade 403/404 2026-09-04; EJ verifierat]",194,snippet,,,,Biltema/Jula/Clas Ohlson,,CTEK MXS 5.0,,,,,jämförelsehandlad commodity,False
25.0,GREEN,?,False,,,dataset(V2.1),mc,12V Motorcycle Electric Heating Handlebar Warmer Grip Warmer Heated Grips For Off-road Cycling Scooters Electric Vehicle,handtagsvärmare 12 V (eftermontering),601099527796293,https://www.temu.com/se/g-601099527796293.html,,20.0,ELIM,shelf,handtagsvärmare i samma form hos Biltema/Jula ~250–400 kr [ur minne — WebSearch-budgeten var slut och biltema/jula/clasohlson/rusta svarade 403/404 2026-09-04; EJ verifierat],5,snippet,,,,Biltema/Jula (handtagsvärmare),,,,,,,kräver kabeldragning,False
25.0,?,?,False,,,dataset(V2.1),mc,,syntetisk vinschlina med hylsa och krok (ATV-vinsch),606138749789410,https://www.temu.com/se/g-606138749789410.html,,25.0,ELIM,variant,dimension/längd/brottlast — ägaren måste slå upp,,,,,,Biltema (vinschtillbehör),,,,,,,spec,False
25.0,GREEN,?,False,,,dataset(V2.1),mc,Snowmobile Cover Outdoor Universal Windproof Dustproof Anti-Uv Multifunction Trailer Sled Cover Lawn Mower Cover,snöskoterkapell S/M/L (multifunktion: släp/klippare),601099537882731,https://www.temu.com/se/g-601099537882731.html,,20.0,ELIM,material,"4 bilder granskade: före/efter-bilden visar en LEKSAKSSKOTER med hjul (barnsläde), inte en riktig skoter; storleksbilderna likaså. Leverantörsmaterialet visar en annan produkt/objekt — kontrollpunktens fall (klistermärkena).",21,snippet,,,,Biltema (troligen),,,,,,,materialet visar en leksak,False
25,?,?,False,,,dataset(V2.1),mc,,UTV/SxS-kapell (Yamaha m.fl.),601099602629615,https://www.temu.com/se/g-601099602629615.html,,,ELIM,audience,UTV-ägare i Sverige är klart färre än 100 000 hushåll (ur minne),,,,,,ingen kedja (ur minne),,,,,,,publik,False
25.0,?,?,False,,,dataset(V2.1),tomt,"11pcs Flag Pole Accessories Kit — 30 ft rope, 4 nylon flag clips, 2 in pulley truck, cleat hook, 9–14 m poles (ur sökutd","Flaggstången (6–12 m, ~hundratusentals svenska tomter)",601099540617480,https://www.temu.com/se/g-601099540617480.html,,25.0,ELIM,shelf,"Flagglina/knop/hakar finns hos Jula, Biltema, Clas Ohlson i samma form; US-kitets 1/4-tums lina och 'truck' passar inte svensk stång (svensk stång har fast knopp med hjul, lina 6–8 mm)",,,,,,"Jula/Biltema/Clas Ohlson (flagglina 8 mm, flaggstångsknop, karbinhakar, vimpel)",,,,,,,Passform mot svensk stång,False
25.0,?,?,False,,,dataset(V2.1),tomt,"2/3/10pcs Anti-Slip Stair Treads 30×6 in, black grip tape, 80 grit, peel-and-stick (ur sökutdrag)",Trappan,601099552627637,https://www.temu.com/se/g-601099552627637.html,,25.0,ELIM,shelf,"Exakt samma form som kedjornas halktejp — redan testad, butiksprodukt",,,,,,Biltema/Jula/Clas Ohlson (halktejp),,,,,,,Redan avgjord,False
25.0,?,?,False,,,dataset(V2.1),vatten,heavy duty metal garden hose holder wall mount,Trädgårdsslangen,601099541498314,https://www.temu.com/se/g-601099541498314.html,,25.0,ELIM,shelf,"Väggmonterade slanghållare i metall säljs av alla fyra kedjorna i samma form enligt minne. EJ VERIFIERAD 2026-09-04: WebSearch-budget slut, Biltema/Jula/Rusta/Prisjakt svarar 403/404 — bygger på obekräftat minne",,,,,,"Biltema/Jula/Rusta (slanghållare vägg, obekräftat minne)",,,,,,,Hyllan.,False
25.0,?,?,False,,,dataset(V2.1),vatten,heavy duty garden hose holder wall mounted decorative,Trädgårdsslangen,601099639105241,https://www.temu.com/se/g-601099639105241.html,,25.0,ELIM,shelf,"Väggmonterade slanghållare i metall säljs av alla fyra kedjorna i samma form enligt minne. EJ VERIFIERAD 2026-09-04: WebSearch-budget slut, Biltema/Jula/Rusta/Prisjakt svarar 403/404 — bygger på obekräftat minne",,,,,,"Biltema/Jula/Rusta (slanghållare vägg, obekräftat minne)",,,,,,,Hyllan.,False
25.0,?,?,False,,,dataset(V2.1),vatten,metal garden hose reel holder wall mounted (uk),Trädgårdsslangen,601102068985743,https://www.temu.com/se/g-601102068985743.html,,25.0,ELIM,shelf,"Väggmonterade slanghållare i metall säljs av alla fyra kedjorna i samma form enligt minne. EJ VERIFIERAD 2026-09-04: WebSearch-budget slut, Biltema/Jula/Rusta/Prisjakt svarar 403/404 — bygger på obekräftat minne",,,,,,"Biltema/Jula/Rusta (slanghållare vägg, obekräftat minne)",,,,,,,Hyllan.,False
25.0,?,?,False,,,v22/fas2/djur.json,djur,(engelsk slug; svensk titel BLOCKED_SOURCE),Bildorrskydd mot hundklor (2-pack),601099518305579,https://www.temu.com/se/g-601099518305579.html,,25.0,ELIM,ekonomi,PENDING_VERIFICATION,,,,,199.0,,,,,199.0,,Klor hunden sonder bildorren?,"Prisniva $0,99-6 ger ett svenskt pris under 199 kr. Under 199 kr har ingen vinnare legat.",False
25.0,?,?,False,,,v22/fas2/djur.json,djur,(engelsk slug; svensk titel BLOCKED_SOURCE),Hohack/slow feeder,606013373692605,https://www.temu.com/se/g-606013373692605.html,,25.0,ELIM,publik,UNKNOWN,,,32.0,,799.0,,,,,799.0,,,Samma publikfall som ovan.,False
25.0,GREEN,?,False,,,v22/fas2/garage-fordon.json,garage-fordon,"Rubber Pad, Auxiliary Protection Addition, Synthetic Rubber",Gummiadapter mellan domkraft och bilens lyftpunkt,601099527115860,https://www.temu.com/se/g-601099527115860.html,,30.0,ELIM,variant,FAIL,99,snippet+,2.0,,54,,,,,,,Bucklar domkraften bilens tröskel?,Listningarna är modellspecifika (E46/E90/R56) — exakt 'SKU per maskinmodell' i den negativa rymden. Och 2–10 dollar ger ingen 300-kronorsprodukt.,False
25.0,?,?,False,,,v22/fas2/hus.json,hus,"1-3pcs Crevice Cleaning Brush, Multifunctional Gap Cleaning Brush Tool, Grout Cleaner Brush, Hard Bristle",trall-fogrensare,601099525797771,https://www.temu.com/se/g-601099525797771.html,,25.0,ELIM,shelf,FAIL,,,,,,,,Biltema/Jula fogborste och fogskrapa,,,,Är trallens springor fulla av löv?,Ingen listning visar ett verktyg för altantrall — bara badrumsfog. Fel fysisk produkt för ägarens jobb.,False
25,GREEN,?,False,,,v22/fas2/husvagn-mc.json,husvagn-mc,rv refrigerator for air circulation suitable for rv refrigerators,husvagn-kyla,601105006338740,https://www.temu.com/se/g-601105006338740.html,,,ELIM,economics,FAIL,99,snippet+,2.0,,54,,,,,,,,2 USD — omojligt att bara en CPA.,False
25,GREEN,?,False,,,v22/fas2/husvagn-mc.json,husvagn-mc,1pc magnetic gas level indicator reusable propane level indicator,gasoltuben,605672510972227,https://www.temu.com/se/g-605672510972227.html,,,ELIM,economics,FAIL,99,snippet+,2.0,,54,,,,,,,,2 USD. Dessutom en matare som kraver forklaring.,False
25.0,?,PASS,False,,,batch1/hostfiske.json,hostfiske,Spöhållare/relingsfäste för fiskespö på båt (ny variant av kontots redan bevisade produkt),Fiskespön + båtens reling,,,,20.0,REJECT,,"FAIL - Biltema och Jula säljer exakt samma form (relingsklämma) direkt, 149 kr golv, 49 SKU:n hos Sportfiskeprylar Biltema.se ""Spöhållare, båt"" + ""Spöhållare med fäste"" + ""Spöhållare, fast montage"" + ""Spöhållare, 38 mm"" (rostfritt AISI 316, 360° vridbar); Jula (Kayoba, 6-spörs rack); Sportfiskepryla",,,,,,"Biltema.se ""Spöhållare, båt"" + ""Spöhållare med fäste"" + ""Spöhållare, fast montag",149.0,Cannon/Scotty relingsmontage,449.0,,,n/a,"En ny variant av exakt samma form konkurrerar med både hyllan och den egna kampanjen. Ingen strukturell nyhet - bara ""samma produkt"" vilket uppdraget uttryckligen ska undvika.",False
25.0,?,PASS,False,,,batch1/hostfiske.json,hostfiske,Håvlina/magnetrelease som håller håven fastspänd på kroppen tills den behövs,Landningshåv + fiskaren själv,,,,20.0,REJECT,,"FAIL - flera etablerade märken säljer exakt denna produktklass redan, inklusive på Temu (magnetisk release, se htf-05 listning) Sportfiskeprylar.se ""Håvtillbehör"": Guideline Landing Net Leash 199 kr, McLean Leash Recoil 199 kr, magnetiska releasesystem från VATN/McLean/Loon/C&F",,,,,,"Sportfiskeprylar.se ""Håvtillbehör"": Guideline Landing Net Leash 199 kr, McLean L",199.0,,,,,n/a,Etablerad kategori med flera märken redan i hyllan.,False
25.0,?,?,False,HARD REJECT,CONCEPT FAILURE,v23/dolda-parlor.json,dolda-parlor,Uppladdningsbara värmesulor med fjärrkontroll (fotvärmare för jakttornet),Batteridrivna sulor som värmer fötterna i tornet/på passet i oktober–december. Nämnd i uppdraget ('fotvärmare för jakttornet').,601099527947747,https://www.temu.com/se/g-601099527947747.html,601099649746998 601099594771038 601099512340501 601099519496371,25.0,FAIL (personlig passform + Jula + märkesannonsörer).,,"FAIL — Jula har formen; märkena (Therm-ic, Heat Experience) annonserar själva och jämförelsehandlas i test-sajter. Skostorlek är fingeravtryckets uttryckliga varning.",,,,,,"Jula Bluewear 'Batteriuppvärmda sulor 38–46' (3×AA, 2 h, 45 °C, pris ej läst); T",,"Therm-ic / Heat Experience uppladdningsbara värmesulor (fackhandel, 1 000–2 500 ",,,Q4 NOW (jakt) / GIFT,Kalla fötter i tornet?,—,False
25.0,?,WARN-utan-ankare,False,HARD REJECT,MARKETPLACE FAILURE,v23/evergreen.json,evergreen,Borrslip (portabel elektrisk / Drill Doctor-typ) för slöa borr,Bälteslipens logik (slöa verktyg han redan har) överförd till borr. Jula säljer formen för 269 kr; den Drill Doctor-liknande 96 W-modellen på Temu kostar 45 USD = landad 470–551 = över taket. Båda ändarna faller. MATERIAL: BLOCKED_SOURCE — produktsidan får inte hämtas i den här körningen (huvudsessionen håller hämtbudgeten); vad titeln antyder står i concept-fältet.,601099625618025,https://www.temu.com/portable-drill-bit-sharpener-2-0-12-5mm-diamond-grinding--with-bonus-stone-ideal-for-home-diy-repairs-g-601099625618025.html,601099550123080 605605620215510 601099560733077 601100816138054 601099575280237,40.0,FAIL (hylla + ekonomi på ankarformen),,"FAIL — Jula 269 kr i samma form; ankarundantaget kräver att vår ser ut som Drill Doctor, och den listningen (45 USD) spräcker 420-taket",,,45.0,,999.0,"Jula borrslip 269 kr (ur sökutdrag, forum) — KEDJAN, SAMMA FORM",269.0,Drill Doctor 360X ca 1 200 kr / 750 ca 3 000 kr (ur sökutdrag); Hornbach Holzman,1200.0,999.0,EVERGREEN,Slirar borren i stålet?,Jula 269 kr och 'köp nytt borr för 30 kr'.,False
25.0,GREEN,WARN-utan-ankare,False,HARD REJECT,MARKETPLACE FAILURE,v23/evergreen.json,evergreen,Väggfäste/batterihållare för Makita 18V-batterier och maskiner (6–10-pack),"Plasthållare som skruvas på garageväggen så att batterier och maskiner hänger ordnat. Makita-ägaren är en tydlig Meta-publik (butiken har redan två Makita-batteriprodukter), men formen är en 3D-print-commodity med marketplace-golv 260 kr för 6-pack och objektet förvaras inomhus. MATERIAL: BLOCKED_SOURCE — produktsidan får inte hämtas i den här körningen (huvudsessionen håller hämtbudgeten); vad titeln antyder står i concept-fältet.",601101646251756,https://www.temu.com/g-601101646251756.html,606289140788781 601099782531821,35.0,FAIL (hylla + negativ rymd),,"FAIL — marketplace 260 kr för samma 6-pack, inget ankare",14,snippet,,,349.0,Fyndiq 'Set med 6 batterihållare för Makita' 260 kr i lager (ref. 270) — SAMMA F,260.0,Verktygsvaruhuset 'Maskinhållare för Makita 18V 4-pack' (pris ej läst); inget mä,,349.0,EVERGREEN,Har du Makita-batterier överallt?,"260 kr på Fyndiq, Amazon lägre.",False
25.0,?,PASS,False,,,v23/evergreen.json,evergreen,Lyktskydd/galler för släpvagnens baklyktor (koncept — ingen Temu-listning),Stålgaller som skyddar släpets baklyktor mot last och grenar. Nettotrailer säljer universalskydd 173 kr; Temu gav noll listningar på två sökningar. MATERIAL: ej tillämpligt.,,,,20.0,FAIL,,"FAIL — golv 173 kr, ingen listning",,,,,,Nettotrailer 'Lampskydd / skydd för baklykta på släpvagn – stor' 173 kr,173.0,—,,,EVERGREEN,Krossar du släpets lyktor med lasten?,173 kr + ingen listning.,False
25.0,?,WARN-utan-ankare,False,HARD REJECT,MARKETPLACE FAILURE,v23/present-hobby.json,present-hobby,Fiskgrepp (lip grip) med inbyggd digital våg,Rostfritt fiskgrepp med digital våg (15–36 kg) och måttband — 'väg gäddan utan att skada den'. Presentnivå 349–399 kr.,601099513997309,https://www.temu.com/ge-en/walk-fish-1pc-stainless-steel-fish-lip-gripper-with-digital-scale-measure-tape-water-resistant-lip-grip-fish-grabber-clip-fish-control-g-601099513997309.html,601099600318262 601099539311719 601099514396105,40.0,WATCH — bara om Biltemas pris visar sig ≥ 249 kr och Rapala-ankaret ≥ 550 kr.,,FAIL/SVAG — Biltema har exakt formen (lip grip med våg) i butik; det är kedjeregeln. Ankaret (Rapala) är oläst.,,,,,349.0,"Biltema Lip Grip med våg 15 kg (pris oläst, 403 — Biltema ligger normalt 99–199 ",149.0,"Rapala Digital Fish Grip 25 kg (Sportfiskeprylar/PriceRunner, 32 Rapala-vågar) —",,349.0,BLACK WEEK / GIFT,Väger du gäddan med två händer?,Biltema säljer formen.,False
25.0,?,?,False,HARD REJECT,MARKETPLACE FAILURE,v23/present-hobby.json,present-hobby,Magnetiskt verktygsarmband för skruvar och bits,Armband med neodymmagneter som håller skruvar/bits — klassisk 'present till pappa som skruvar'.,601099542754983,https://www.temu.com/----magnets-for-holding----g-601099542754983.html,601099527589980 601099524107003 601099512632245 601104494799466,25.0,REJECT.,,"FAIL — Jula har formen, och produkten kan inte prissättas över 199 kr (under 199 = 0/9 vinnare).",,,,,199.0,"Jula Meec Tools Magnetiskt armband 390×90 mm (pris oläst, 403 — Meec-armbandet l",,Inget märkesankare över 200 kr,,199.0,GIFT,Har du skruvarna i munnen?,Pris under 199 + Jula.,False
23.0,GREEN,?,False,,,v22/fas2/tomt.json,tomt,"Stainless Steel Crack Weeder Tool, L-Shaped Garden Knife For Pavement And Driveway",fogkniv för plattfogar,607502905272895,https://www.temu.com/se/g-607502905272895.html,,18.0,ELIM,ekonomi,PENDING_VERIFICATION,99,snippet+,3.0,,82,,,,,,,,landad 31–37 kr — omöjligt att nå 300 kr utan hävstång.,False
23.0,GREEN,?,False,,,v22/fas2/tomt.json,tomt,"58pcs Heavy Duty Raised Garden Bed Corner Brackets, 90 Degree Metal Connectors",beslag för pallkragar/odlingsbäddar,606034177414557,https://www.temu.com/se/g-606034177414557.html,,18.0,ELIM,objekt,PENDING_VERIFICATION,20,snippet,11.0,,299,,,,,,,,Fel gate 0 och fel säsong.,False
23.0,GREEN,?,False,,,v22/fas2/ved-eldstad.json,ved-eldstad,"1pc flame retardant BBQ mat, portable insulated reusable fiberglass fire mat",eldkorgsmatta-trallskydd,601099568739293,https://www.temu.com/g-601099568739293.html,,28.0,ELIM,shelf,FAIL,121,snippet,2.93,,80,,,Jula Grillmatta 80x120 cm (Burns & Barkles),,,,Bränner eldkorgen märken i trallen?,Hyllan — konceptet är redan hyllat som 'grillmatta'.,False
23.0,?,WARN-utan-ankare,False,HARD REJECT,MARKETPLACE FAILURE,v23/evergreen.json,evergreen,Motorsågshållare vägg i stål (garage/förråd),Stålbygel som bär motorsågen på svärdet vid väggen så att den inte ligger på golvet med olja under. Objektet förvaras inomhus (negativ rymd) och Fyndiq har exakt formen för 244 kr. MATERIAL: BLOCKED_SOURCE — produktsidan får inte hämtas i den här körningen (huvudsessionen håller hämtbudgeten); vad titeln antyder står i concept-fältet.,606483873895498,https://www.temu.com/g-606483873895498.html,601099718706206 601100163572565 601101152680341 601100698199531 601103811981637,38.0,FAIL (hylla + negativ rymd),,FAIL — marketplace-golv 244 kr i samma form under vårt 349,,,11.0,,349.0,"Fyndiq 'Motorsågshållare, 1-pack väggfäste, kraftig' 244 kr i lager (ref. 246) —",244.0,"Ekagårdshållaren (plywood, pris ej läst); Moose motorsågshållare ATV 2 391 kr (a",,349.0,EVERGREEN,Ligger motorsågen på golvet?,Fyndiq 244 kr + objektet förvaras inomhus.,False
23.0,?,WARN-utan-ankare,False,HARD REJECT,MARKETPLACE FAILURE,v23/present-hobby.json,present-hobby,Trefot eldstativ med kedja och grillgaller,"Trebensstativ i stål/rostfritt med kedja, S-krok och runt galler för bålpanna/lägereld; grytan hängs i kedjan. Eldidentitet, presentnivå 499–599 kr.",601101390672416,https://www.temu.com/heavy-duty-stainless-steel-campfire-tripod-grill-with-adjustable-height-telescopic-legs-round-grill-grate-portable-outdoor-bbq-cooking-for-camping-hiking-picnics--carrying-bag-7lbs-camping-cookware-picnic-accessories-portable-cooking-gear--design-hiking-gear-compact-cookware-durable-construction-adventure--g-601101390672416.html,601099645935490 601099723565956 601101289705512,38.0,REJECT (lärorikt) — kedjan har formen billigare än vi kan landa den.,,"FAIL — Jula säljer samma form (trefot + kedja + galler, t.o.m. med eldfat) för ~449 kr i 75 varuhus. Klyvkonsmönstret.",,,,,499.0,"Jula Burns & Barkles Vildmarksgrill Ø46 cm – trefot med kedja, galler och eldfat",449.0,Cookking vildmarksgrill 180 cm (Gardenstore/StenaVerktyg) ~1 000+ kr; Espegard t,,499.0,BLACK WEEK / GIFT,Hänger grytan över elden i år?,Jula 449 kr med eldfat inkluderat; frakt.,False
22.0,?,?,False,,,v22/fas2/tomt.json,tomt,4pcs Garden Hose Holder Wall Mount Metal Hose Reel For Outside Yard,slanghållare för vägg,601099626585322,https://www.temu.com/se/g-601099626585322.html,,22.0,ELIM,hyllan,FAIL,,,24.0,,653,,,,,,,,Hyllan.,False
22.0,?,?,False,HARD REJECT,MARKETPLACE FAILURE,v23/dolda-parlor.json,dolda-parlor,"Uppladdningsbar handvärmare 10 000 mAh (powerbank, dubbelsidig, 2-pack)","Elektrisk handvärmare/powerbank för jakttornet, hundpromenaden och fotbollsplanen. Nämnd i uppdraget ('kolla Clas/Jula').",601099638648365,https://www.temu.com/se/g-601099638648365.html,601103065551247 601099813456082 601099761380586 601099512417051,22.0,FAIL (hyllan + inget ägt objekt + gåvovinkel).,,"FAIL — Clas Ohlson, Biltema, Jula och Kjell säljer formen. Commodity.",,,,,,"Clas Ohlson 'Handvärmare återanvändbar, elektrisk, USB-C, laddbar, 5000 mAh, 3 l",,—,,,BLACK WEEK / GIFT,Kalla händer i tornet?,—,False
21.0,WARN,?,False,,,v22/fas2/ved-eldstad.json,ved-eldstad,"1pc 14.96/21.65 inch multifunctional iron tongs for fireplaces, sturdy metal log grabber",timmertang-vedtang,601101539486814,https://www.temu.com/g-601101539486814.html,,31.0,C,shelf,FAIL,535,snippet,13.09,,349.0,,,Biltema brastillbehör (eldstadsredskap/tänger),,349.0,,Lyfter du stockarna för hand?,Hyllan. Biltema har en hel avdelning brastillbehör och Jula spisredskap.,False
21.0,?,WARN-utan-ankare,False,HARD REJECT,MARKETPLACE FAILURE,v23/present-hobby.json,present-hobby,Kallrökgenerator (labyrint/pelletsbricka) i rostfritt,"Passiv pelletsbricka för kallrökning av lax, ost, korv i vanlig grill/rökskåp. Höstens/vinterns grillhobby.",601099529585777,https://www.temu.com/uk/1pc-cold-smoke-generator-bbq--grill-pellet--tray-bbq--cold-smoke-generator-for-food-smoking-long-lasting-cold--maze--for-cold-smoking-outdoor-s-for-any-bbq-or-cabinet-excluding-candles-g-601099529585777.html,601099571182106 601099616899807 601099535609473,36.0,REJECT (lärorikt): Temu dyrare än svensk fackhandel.,,FAIL — svensk fackhandel säljer identisk labyrint för 199 kr; 21 USD landar på 219–257 kr.,,,21.0,,549.0,"Malco.se Kallröksgenerator (passiv labyrint) 199 kr — SAMMA FORM; Deluxe 449, Bi",199.0,Mustang elektrisk rökgenerator 649 kr (Bagaren och Kocken) / Jula Mustang Kallrö,649.0,549.0,Q4 NOW (kallrökning kräver kyla) + GIFT,Röker du laxen själv i år?,Golvet 199 kr.,False
20.0,?,?,False,,,dataset(V2.1),djur,,hundens tassar — tvättkopp,601101107912093,https://www.temu.com/se/g-601101107912093.html,,20.0,ELIM,shelf,Samma form som Tassrengörare 79–149 kr,,,,,,,,,,,,,Samma form som Tassrengörare 79–149 kr,False
20.0,?,?,False,,,dataset(V2.1),djur,,hundens tassar — tvättkopp,606194114598443,https://www.temu.com/se/g-606194114598443.html,,20.0,ELIM,shelf,Samma form som Tassrengörare 79–149 kr,,,,,,,,,,,,,Samma form som Tassrengörare 79–149 kr,False
20.0,?,?,False,,,dataset(V2.1),djur,,ytterdörren — 3-flaps hundlucka,601103437809077,https://www.temu.com/se/g-601103437809077.html,,20.0,ELIM,shelf,Hundlucka kräver håltagning i dörr/vägg (montering) och säljs av Jula/PetSafe-typ; PriceRunner ej sökt,,,,,,,,,,,,,Hundlucka kräver håltagning i dörr/vägg (montering) och säljs av Jula/PetSafe-typ; PriceRunner ej sökt,False
20.0,?,?,False,,,dataset(V2.1),garage,"2-6pcs wall-mounted garage hooks, tire storage system / ladder hooks",Däck/stege + garagevägg,601099731779728,https://www.temu.com/se/g-601099731779728.html,,20.0,ELIM,shelf,"Garagekrokar är commodity i alla fyra kedjorna (ej verifierat i utdrag, allmänt känt); < 199 kr",,,,,,,,,,,,,—,False
20.0,WARN,?,False,,,dataset(V2.1),garage,Garage Floor Mat 36×36 / 36×48 / 36×72 / 78.7×102.3 (oljematta under bilen),Garagegolvet under en bil som droppar olja,601099531606611,https://www.temu.com/se/g-601099531606611.html,,30.0,ELIM,economics,,525,snippet,,,,,,,,,,,"Lärorik: hooken och kartong-old-way är perfekta, men ekonomin (frakt + pris) dödar",False
20.0,?,?,False,,,dataset(V2.1),garage,"Self-adhesive car door garage wall protector, thickened foam bumper",Garagevägg + bildörr,601099633703738,https://www.temu.com/se/g-601099633703738.html,,20.0,ELIM,economics,,,,,,,,,,,,,,—,False
20.0,?,?,False,,,dataset(V2.1),grasklippare,"Leaf scoop hand rakes with claws, portable garden leaf collector",Löven på tomten (universellt),601099638514486,https://www.temu.com/se/g-601099638514486.html,,20.0,ELIM,shelf,Alla fyra kedjor säljer samma form under 100 kr,,,,,,Biltema/Jula/Rusta/Clas Ohlson säljer lövplockare (ej prisverifierat — 403),,,,,,,—,False
20.0,?,?,False,,,dataset(V2.1),handmaskiner,Cordless Pole Saw High Branch Saw With Brushless Chainsaw Pruner Shear 2m Telescopic Rod Battery And Charger Included,Träd — batteristångsåg med batteri (hel maskin),601100284784097,https://www.temu.com/se/g-601100284784097.html,,20.0,ELIM,shelf,Samma form i alla fyra kedjorna; dessutom pris > 1 000 kr,,,,,,Jula/Biltema/Clas Ohlson säljer batteristångsågar 1 000–2 500 kr (samma form) ur,,,,,,,Pris och hylla,False
20.0,OK,?,False,,,dataset(V2.1),mc,"A Set of Motorcycle Disc Brake Anti-Theft Locks with a 110Db Alarm, Suitable for Outdoor Cycling And Mountain Bikes. It ",bromsskivelås med 110 dB larm (USB-C),601099592800786,https://www.temu.com/se/g-601099592800786.html,,20.0,ELIM,shelf,bromsskivelås med larm i samma form hos Biltema/Jula ~250–300 kr [ur minne — WebSearch-budgeten var slut och biltema/jula/clasohlson/rusta svarade 403/404 2026-09-04; EJ verifierat],150,snippet,,,,Biltema/Jula (bromsskivelås med larm),,Kryptonite/ABUS skivlås med larm,,,,,pris + hylla + material samtidigt,False
20.0,GREEN,?,False,,,dataset(V2.1),mc,J-00 Universal Lifting Frame with Handle (*),paddockställ / lyftställ bakhjul (J-00),601099564685759,https://www.temu.com/se/g-601099564685759.html,,15.0,ELIM,shelf,MC-ställ bak i samma form hos Biltema/Jula 400–600 kr [ur minne — WebSearch-budgeten var slut och biltema/jula/clasohlson/rusta svarade 403/404 2026-09-04; EJ verifierat],113,snippet,,,,Biltema/Jula (MC-ställ bak),,,,,,,hylla + pris,False
20.0,?,?,False,,,dataset(V2.1),mc,,"styrmuffar (MC/moped/skoter), vinter",601099686053271,https://www.temu.com/se/g-601099686053271.html,,20.0,ELIM,shelf,styrmuffar i samma form hos Biltema/Jula ~150–250 kr [ur minne — WebSearch-budgeten var slut och biltema/jula/clasohlson/rusta svarade 403/404 2026-09-04; EJ verifierat],,,,,,Biltema/Jula (styrmuffar),,,,,,,commodity,False
20.0,?,PASS,False,,,dataset(V2.1),pool,"Floating pool thermometer, battery free, Celsius dial, stainless probe with ABS float, suction cup, rope — pools/spas/ho",Spabad/pool,601100966595172,https://www.temu.com/se/g-601100966595172.html,,15.0,ELIM,shelf,Commodity i alla kedjor.,,,,,,Jula/Biltema/Rusta pooltermometer 39–99 kr enligt kännedom — ej verifierad; Spab,109.0,,,,,,—,False
20.0,?,?,False,,,dataset(V2.1),tomt,"Stainless Steel Wheelie Bin Storage Shed for 240L bins (ur sökutdrag, Temu AU)",Sopkärlet / tomten,601100272045466,https://www.temu.com/se/g-601100272045466.html,,20.0,ELIM,shelf,"Sopkärlsskjul säljs av Jula/Bauhaus/Hornbach i samma form (ur minne, ej verifierad)",,,,,,Jula/Bauhaus/Hornbach (sopkärlsskjul i trä/metall),,,,,,,Montering + frakt,False
20.0,?,?,False,,,dataset(V2.1),tomt,"50ft × 1/4"" Flag Pole Rope with 4pcs Stainless Steel Hook Clips (ur Temu-söksida, 7,76 USD)",Flaggstången,601102744832294,https://www.temu.com/se/g-601102744832294.html,,20.0,ELIM,shelf,"Flagglina finns i alla kedjor, samma form; 15 m räcker inte till 8 m-stång (kräver 2×höjd + 1 m)",,,,,,"Jula/Biltema/Clas Ohlson (flagglina 8 mm, flaggstångsknop, karbinhakar, vimpel)",,,,,,,Hyllan,False
20.0,?,?,False,,,dataset(V2.1),tomt,2 Pack Parking Curb Heavy Duty Rubber Garage Driveway Car Wheel Stopper (ur sökutdrag),Garaget/uppfarten,601100552117461,https://www.temu.com/se/g-601100552117461.html,,20.0,ELIM,shelf,Gummi-parkeringsstopp finns hos Biltema/Jula i samma form (ur minne),,,,,,Biltema/Jula (parkeringsstopp/hjulstopp gummi),,,,,,,Hyllan + vikt,False
20.0,?,?,False,,,dataset(V2.1),tomt,"48in Heavy Duty Steel Leaf Collector Tool (ur Temu-söksida, 181,75 USD)",Tomten/gräsmattan,606938184154480,https://www.temu.com/se/g-606938184154480.html,,20.0,ELIM,economics,,,,,,,"Jula/Biltema (lövsamlare, lövkrattor)",,,,,,,Pris,False
20.0,?,?,False,,,dataset(V2.1),ved,Kamintermometer magnetisk,braskaminen,601099574114798,https://www.temu.com/se/g-601099574114798.html,,20.0,ELIM,shelf,"Jula/Clas Ohlson ~99–149 kr (ur minne); < 199 kr-klass. EJ VERIFIERAD 2026-09-04: WebSearch-budgeten var slut och Jula/Biltema/Rusta/Clas Ohlson/Bauhaus svarade 403/404/JS-skal på direktanrop. Hyllbedömningen är ur minne och markerad så. Ad Library SE (Meta MCP, aktiva annonser) är verifierad.",,,,,,UNKNOWN,,,,,,,Pris.,False
20.0,GREEN,?,False,,,v22/fas2/djur.json,djur,(engelsk slug; svensk titel BLOCKED_SOURCE),Bildorrskydd/kantlist,601099513067810,https://www.temu.com/se/g-601099513067810.html,,25.0,ELIM,ekonomi,PENDING_VERIFICATION,80,snippet,0.99,,199.0,,,,,199.0,,Klor hunden sonder bildorren?,"$0,99 = under 199 kr svenskt pris, och Biltema saljer kantlist.",False
20.0,WARN,?,False,,,v22/fas2/maskiner.json,maskiner,"Lawn Mower Deck Scraper Cleaning Kit, Heavy-duty Metal Construction, Ergonomic Handle",Tvätt-/rengöringslösning för åkgräsklipparens klippdäck - spolanslutning eller skrapa som får bort det packade gräset underifrån,601105754371807,https://www.temu.com/se/g-601105754371807.html,,40.0,C,variant,FAIL,523,snippet,1.62,,199.0,,,,,199.0,,Är klippdäcket fullt av blött gräs?,Adaptern kräver en tvättport ägaren måste ha - och de flesta europeiska klippdäck saknar den.,False
20.0,?,PASS,False,,,batch1/hostfiske.json,hostfiske,Spöhållare/spörörshållare för bilens interiör eller exteriör (transport till fiskestället),Fiskespön + bilen,,,,15.0,REJECT,,"FAIL - täcks redan av 17 SKU:n hos Sportfiskeprylar, en budgetvariant för under 100 kr på Fyndiq/Amazon.se, och ett premiumtak på 3969 kr Sportfiskeprylar.se kategori ""Spöhållare Bil"" = 17 produkter, 389-3969 kr (Savage Gear carseat-rack 389 kr, Thule RodVault 3969 kr); DESSUTOM budget-sugkoppshålla",,,,,,"Sportfiskeprylar.se kategori ""Spöhållare Bil"" = 17 produkter, 389-3969 kr (Savag",0.4,Thule RodVault 2-rod,3969.0,,,n/a,Fyndiq/Amazon säljer redan en billig sugkoppsvariant och Sportfiskeprylar har 17 alternativ upp till premiumnivå - inget prisfönster kvar.,False
20.0,?,PASS,False,,,batch1/hostfiske.json,hostfiske,Sandspjut/markspjut-spöhållare för strand- och brofiske,Fiskespön + stranden/marken,,,,15.0,REJECT,,"FAIL - exakt samma form (spets som körs ner i sand/mark) säljs av minst 6 svenska fiskebutiker, inklusive Biltema Fiske.se, Fiska.nu, Lundgrens Fiske, Lapponicus, Sumpans Fiske säljer alla ""Spöhållare med markspjut""; Biltema säljer ""Spöhållare teleskopisk, 60-100 cm""; Fladen Fishing AB säljer specif",,,,,,"Fiske.se, Fiska.nu, Lundgrens Fiske, Lapponicus, Sumpans Fiske säljer alla ""Spöh",47.2,Fladen Fishing Spöhållare Sandspik,,,,n/a,"Formen har redan ett eget svenskt produktnamn (""markspjut"") och säljs brett från 47 kr.",False
20.0,?,PASS,False,,,batch1/hostfiske.json,hostfiske,Ekolodsfäste/givarhållare för fiskebåt,Ekolod/givare + båten,,,,15.0,REJECT,,"FAIL - djup, specialiserad hylla från 125 kr till 3000 kr, redan matchad mot varje behovsnivå Kayakstore.se kategori ""Ekolodsfästen & givarhållare"": JKB Aktergivarfäste 150 (PE-plast) 125 kr, JKB No-drill 179 kr, Patriot EasyFix 249 kr, JKB Justerbart 659 kr, Patriot MultiFix 1189 kr, Patriot LiveFi",,,,,,"Kayakstore.se kategori ""Ekolodsfästen & givarhållare"": JKB Aktergivarfäste 150 (",125.0,,,,,n/a,En av de mest utvecklade nischhyllorna i hela klustret.,False
20.0,?,PASS,False,,,batch1/hostfiske.json,hostfiske,Vadarstövel-/vadarbyxhängare (redan prövad i tidigare pass),Vadarstövlar/vadarbyxor + garaget/hemmet,,,,15.0,REJECT,,"Hyllan är faktiskt tom - men konceptet FAIL:ades redan tidigare på annan grund Redan verifierat i tidigare pass (dataset.json goods_id 601099539320448/601099529732714): PriceRunner 'vadarstövlar hängare' - en marketplace-listning 255 kr, hylla noll",,,,,,Redan verifierat i tidigare pass (dataset.json goods_id 601099539320448/60109952,255.0,,,,,n/a,"Redan fälld i tidigare pass (V2.2), och träffar dessutom uppdragets egna två varningsflaggor (vadare = personlig passform, förvaras inomhus). Tas med här bara för dubblettkontrollens skull.",False
19.0,?,WARN-utan-ankare,False,HARD REJECT,MARKETPLACE FAILURE,v23/present-hobby.json,present-hobby,Isborradapter för skruvdragare med säkerhetsplatta (isfiske),Adapter 18/22 mm + röd säkerhetsplatta som gör den vanliga skruvdragaren till elisborr. Garagemannens dröm på isen; 143 000 pimpelfiskare.,601099610454170,https://www.temu.com/2-sets-ice-auger-drill-adapter-stainless-steel-ice-fishing--disc-with-11-8-safety-disk-ice-auger-attachment-plate-fits-1-2-inch-and-above-drill-bit-chuck-g-601099610454170.html,601099657989097 601099595715527,34.0,REJECT (lärorikt): fackhandeln har 49 varianter.,,FAIL — hela fackhandeln säljer formen från 69 kr; ankaret toppar på 299.,,,,,349.0,PriceRunner 'isborr adapter' 49 produkter från 69 kr; Hurricane adapter 22 mm me,69.0,Mora Ice adapter/Nils Master — övre delen av 69–299-intervallet,299.0,349.0,OCTOBER→december (isen lägger sig dec–jan),Vevar du fortfarande isborren?,Golvet 69 kr + säsong i januari.,False
18.0,?,?,False,,,dataset(V2.1),garage,"Set of 4 Garage Wall Protectors, door and bumper pads",Garagevägg,601099875439940,https://www.temu.com/se/g-601099875439940.html,,18.0,ELIM,economics,,,,,,,,,,,,,,—,False
18.0,GREEN,PASS,False,,,v22/fas2/hus.json,hus,"15.8ft / 4.8 m Panel Cleaning Kit with Extendable Pole, Detachable Brush, for Window, Balcony, Solar Device Cleaning",fasadtvatt-teleskopstang,601101315214170,https://www.temu.com/se/g-601101315214170.html,,38.0,ELIM,shelf,FAIL,5,snippet,89.0,,599.0,,,Fönsterputsredskap.se teleskopskaft med vattengenomströmning,875.0,599.0,,Måste du upp på stege för fönsterputsen?,Dubbelfall: Amazon.se/CDON säljer samma form OCH landad kostnad 929–1 346 kr spränger 420-kr-taket. Felet är inbyggt i produkten (frakttung 5–6 m stång).,False
18.0,GREEN,PASS,False,,,v22/fas2/hus.json,hus,"11.8ft / 3.6 m Panel Cleaning Kit with Extendable Pole, Detachable Brush, for Window, Balcony, Solar System Cleaning",fasadtvatt-teleskopstang,601101315234339,https://www.temu.com/se/g-601101315234339.html,,38.0,ELIM,shelf,FAIL,5,snippet,110.0,,599.0,,,Fönsterputsredskap.se teleskopskaft med vattengenomströmning,875.0,599.0,,Måste du upp på stege för fönsterputsen?,Dubbelfall: Amazon.se/CDON säljer samma form OCH landad kostnad 929–1 346 kr spränger 420-kr-taket. Felet är inbyggt i produkten (frakttung 5–6 m stång).,False
18.0,WARN,?,False,,,v22/fas2/ved-eldstad.json,ved-eldstad,"1pc round fire pit mat, under grill mat, deck patio protection mat",eldkorgsmatta-trallskydd,601099534996002,https://www.temu.com/g-601099534996002.html,,28.0,ELIM,shelf,FAIL,388,snippet,8.67,,236,,,Jula Grillmatta 80x120 cm (Burns & Barkles),,,,Bränner eldkorgen märken i trallen?,Hyllan — konceptet är redan hyllat som 'grillmatta'.,False
18.0,?,?,False,HARD REJECT,CONCEPT FAILURE,v23/dolda-parlor.json,dolda-parlor,"Värmeväst med batteri (5 V/7,4 V)","Eluppvärmd väst för jakttorn, traktor och båt i oktober–november. Nämnd i uppdraget ('vanlig på Amazon.se').",601101373614212,https://www.temu.com/se/g-601101373614212.html,601099881704871,18.0,FAIL (negativ rymd: personlig passform; hyllan: Jula + Amazon.se).,,FAIL — Jula säljer tre egna modeller; Amazon.se är fullt. Och kläder/personlig passform är 0 av 9 vinnare.,,,,,,Jula värmevästar Yukon/Alaska/Aspen (batteri 549 kr säljs separat i outlet); Buc,,Outdoor.se 'bäst i test värmeväst' — märkesvästar 1 500–3 000 kr,,,BLACK WEEK / GIFT,Fryser du i tornet?,—,False
18.0,GREEN,WARN+ankare,False,HARD REJECT,PRICE FAILURE,v23/evergreen.json,evergreen,"Solcells-/batteridriven magnetisk trådlös backkamera med 5–7"" monitor för släp/husvagn","Samma ägare och friktion som rank 1 men med egen monitor i stället för telefon (ingen app). Alla lästa priser ligger 99,75–220,74 USD — formen är strukturellt över 420-kronorstaket. MATERIAL: BLOCKED_SOURCE — produktsidan får inte hämtas i den här körningen (huvudsessionen håller hämtbudgeten); vad titeln antyder står i concept-fältet.",601101021099794,https://www.temu.com/g-601101021099794.html,601099817355866 601099921384561 601104463197201 601099639643992 601099583374562 601099551927976,48.0,"FAIL (ekonomi, strukturell för formen)",,"PASS via ankare i teorin (1 995/1 199 = 1,66×) — men ekonomin faller före hyllan",44,snippet,101.0,,1199.0,"Prylstaden 'Trådlös backkamera med 5"" monitor' 895 kr (rea, ord. 1 495) — samma ",895.0,"Camping4u RVC-50 trådlös 5"" 1 995 kr; Dometic CAM 29S 2 895; Zenec dubbellins 5 ",1995.0,1199.0,EVERGREEN,Backar du släpet utan hjälp?,Landad 1 054–2 032 kr → svenskt pris 2 500+ = över 1 000-kronorstaket.,False
18.0,GREEN,WARN-utan-ankare,False,HARD REJECT,MARKETPLACE FAILURE,v23/evergreen.json,evergreen,Nyckelskåp med kodlås för utomhusbruk (vägg),"Litet väderskyddat skåp med 4-siffrig kod vid dörren/garaget för nyckel till städ, hantverkare, barn. Clas Ohlson har exakt formen för 299 kr och Masterlock-serien. Ekonomin passerar formeln på 5 USD men produkten är ett 59-kronors-utseende. MATERIAL: BLOCKED_SOURCE — produktsidan får inte hämtas i den här körningen (huvudsessionen håller hämtbudgeten); vad titeln antyder står i concept-fältet.",606012115415615,https://www.temu.com/g-606012115415615.html,,28.0,FAIL (hylla),,FAIL — kedja samma form,10,snippet,5.0,,349.0,"Clas Ohlson 'Väderbeständigt nyckelskåp med kombinationslås' 299 kr — KEDJAN, SA",299.0,"Masterlock nyckelskåp väggmonterat (Clas, pris ej läst)",,349.0,EVERGREEN,Ligger nyckeln under krukan?,Clas 299 kr i varje stad.,False
17.0,?,PASS,False,,,v22/fas2/djur.json,djur,metal walk-in chicken coop / outdoor dog kennel with roof (engelsk slug; svensk titel BLOCKED_SOURCE),Hel walk-in honsgard eller hundgard i galvat stal med UV-tak,601099615823125,https://www.temu.com/se/g-601099615823125.html,,12.0,ELIM,objekt,FAIL,,,,,,,,vidaXL Honsgard med tak,4189.0,,,,Agaren ager inte objektet - vi saljer sjalva garden. Landad kostnad 1000-2700 kr. Samma lardom som trampfoderautomaten i forra korningen: vikt ar en gate.,False
17.0,?,PASS,False,,,v22/fas2/djur.json,djur,metal walk-in chicken coop / outdoor dog kennel with roof (engelsk slug; svensk titel BLOCKED_SOURCE),Hel walk-in honsgard eller hundgard i galvat stal med UV-tak,601100645051059,https://www.temu.com/se/g-601100645051059.html,,12.0,ELIM,objekt,FAIL,,,35.0,,999.0,,,vidaXL Honsgard med tak,4189.0,999.0,,,Agaren ager inte objektet - vi saljer sjalva garden. Landad kostnad 1000-2700 kr. Samma lardom som trampfoderautomaten i forra korningen: vikt ar en gate.,False
17.0,?,PASS,False,,,v22/fas2/djur.json,djur,metal walk-in chicken coop / outdoor dog kennel with roof (engelsk slug; svensk titel BLOCKED_SOURCE),Hel walk-in honsgard eller hundgard i galvat stal med UV-tak,601099606517031,https://www.temu.com/se/g-601099606517031.html,,12.0,ELIM,objekt,FAIL,,,,,,,,vidaXL Honsgard med tak,4189.0,,,,Agaren ager inte objektet - vi saljer sjalva garden. Landad kostnad 1000-2700 kr. Samma lardom som trampfoderautomaten i forra korningen: vikt ar en gate.,False
17.0,?,PASS,False,,,v22/fas2/djur.json,djur,metal walk-in chicken coop / outdoor dog kennel with roof (engelsk slug; svensk titel BLOCKED_SOURCE),Hel walk-in honsgard eller hundgard i galvat stal med UV-tak,601099547331511,https://www.temu.com/se/g-601099547331511.html,,12.0,ELIM,objekt,FAIL,,,,,,,,vidaXL Honsgard med tak,4189.0,,,,Agaren ager inte objektet - vi saljer sjalva garden. Landad kostnad 1000-2700 kr. Samma lardom som trampfoderautomaten i forra korningen: vikt ar en gate.,False
17.0,?,PASS,False,,,v22/fas2/djur.json,djur,metal walk-in chicken coop / outdoor dog kennel with roof (engelsk slug; svensk titel BLOCKED_SOURCE),Hel walk-in honsgard eller hundgard i galvat stal med UV-tak,601099587440780,https://www.temu.com/se/g-601099587440780.html,,12.0,ELIM,objekt,FAIL,,,,,,,,vidaXL Honsgard med tak,4189.0,,,,Agaren ager inte objektet - vi saljer sjalva garden. Landad kostnad 1000-2700 kr. Samma lardom som trampfoderautomaten i forra korningen: vikt ar en gate.,False
17.0,?,PASS,False,,,v22/fas2/djur.json,djur,metal walk-in chicken coop / outdoor dog kennel with roof (engelsk slug; svensk titel BLOCKED_SOURCE),Hel walk-in honsgard eller hundgard i galvat stal med UV-tak,601099591806963,https://www.temu.com/se/g-601099591806963.html,,12.0,ELIM,objekt,FAIL,,,,,,,,vidaXL Honsgard med tak,4189.0,,,,Agaren ager inte objektet - vi saljer sjalva garden. Landad kostnad 1000-2700 kr. Samma lardom som trampfoderautomaten i forra korningen: vikt ar en gate.,False
17.0,?,PASS,False,,,v22/fas2/djur.json,djur,metal walk-in chicken coop / outdoor dog kennel with roof (engelsk slug; svensk titel BLOCKED_SOURCE),Hel walk-in honsgard eller hundgard i galvat stal med UV-tak,601099569141601,https://www.temu.com/se/g-601099569141601.html,,12.0,ELIM,objekt,FAIL,,,,,,,,vidaXL Honsgard med tak,4189.0,,,,Agaren ager inte objektet - vi saljer sjalva garden. Landad kostnad 1000-2700 kr. Samma lardom som trampfoderautomaten i forra korningen: vikt ar en gate.,False
17.0,?,PASS,False,,,v22/fas2/djur.json,djur,metal walk-in chicken coop / outdoor dog kennel with roof (engelsk slug; svensk titel BLOCKED_SOURCE),Hel walk-in honsgard eller hundgard i galvat stal med UV-tak,601100355851928,https://www.temu.com/se/g-601100355851928.html,,12.0,ELIM,objekt,FAIL,,,,,,,,vidaXL Honsgard med tak,4189.0,,,,Agaren ager inte objektet - vi saljer sjalva garden. Landad kostnad 1000-2700 kr. Samma lardom som trampfoderautomaten i forra korningen: vikt ar en gate.,False
17.0,?,PASS,False,,,v22/fas2/djur.json,djur,metal walk-in chicken coop / outdoor dog kennel with roof (engelsk slug; svensk titel BLOCKED_SOURCE),Hel walk-in honsgard eller hundgard i galvat stal med UV-tak,601099996114963,https://www.temu.com/se/g-601099996114963.html,,12.0,ELIM,objekt,FAIL,,,,,,,,vidaXL Honsgard med tak,4189.0,,,,Agaren ager inte objektet - vi saljer sjalva garden. Landad kostnad 1000-2700 kr. Samma lardom som trampfoderautomaten i forra korningen: vikt ar en gate.,False
17.0,?,PASS,False,,,v22/fas2/djur.json,djur,metal walk-in chicken coop / outdoor dog kennel with roof (engelsk slug; svensk titel BLOCKED_SOURCE),Hel walk-in honsgard eller hundgard i galvat stal med UV-tak,601100225739505,https://www.temu.com/se/g-601100225739505.html,,12.0,ELIM,objekt,FAIL,,,,,,,,vidaXL Honsgard med tak,4189.0,,,,Agaren ager inte objektet - vi saljer sjalva garden. Landad kostnad 1000-2700 kr. Samma lardom som trampfoderautomaten i forra korningen: vikt ar en gate.,False
17.0,?,PASS,False,,,v22/fas2/djur.json,djur,metal walk-in chicken coop / outdoor dog kennel with roof (engelsk slug; svensk titel BLOCKED_SOURCE),Hel walk-in honsgard eller hundgard i galvat stal med UV-tak,601099633882692,https://www.temu.com/se/g-601099633882692.html,,12.0,ELIM,objekt,FAIL,,,,,,,,vidaXL Honsgard med tak,4189.0,,,,Agaren ager inte objektet - vi saljer sjalva garden. Landad kostnad 1000-2700 kr. Samma lardom som trampfoderautomaten i forra korningen: vikt ar en gate.,False
15.0,?,?,False,,,dataset(V2.1),djur,,hönshus — hängande PVC-rörsautomat 17 tum,601101121104330,https://www.temu.com/se/g-601101121104330.html,,15.0,ELIM,shelf,"Foderautomater finns hos Granngården 219–236 kr; samma funktion, enklare form",,,,,,,,,,,,,"Foderautomater finns hos Granngården 219–236 kr; samma funktion, enklare form",False
15.0,?,?,False,,,dataset(V2.1),djur,,hönsgård/bärbuskar — fågelnät 50×50 ft,601101661727323,https://www.temu.com/se/g-601101661727323.html,,15.0,ELIM,shelf,"Fågelskyddsnät finns hos Granngården (8×25 m), Biltema/Jula (fruktträd) — samma form",,,,,,Granngården Fågelskyddsnät 8×25 m; Garden hönsnät 149–369 kr,,,,,,,"Fågelskyddsnät finns hos Granngården (8×25 m), Biltema/Jula (fruktträd) — samma form",False
15.0,?,?,False,,,dataset(V2.1),djur,,hönsgård/bärbuskar — fågelnät 50×50 ft,605539853538220,https://www.temu.com/se/g-605539853538220.html,,15.0,ELIM,shelf,"Fågelskyddsnät finns hos Granngården (8×25 m), Biltema/Jula (fruktträd) — samma form",,,,,,Granngården Fågelskyddsnät 8×25 m; Garden hönsnät 149–369 kr,,,,,,,"Fågelskyddsnät finns hos Granngården (8×25 m), Biltema/Jula (fruktträd) — samma form",False
15.0,?,?,False,,,dataset(V2.1),djur,,levandefälla mus 2-pack,601100206807893,https://www.temu.com/se/g-601100206807893.html,,15.0,ELIM,shelf,"Levandefällor/burfällor finns hos Biltema/Granngården (Nyby 169, Ryom); < 199 kr",,,,,,,,,,,,,"Levandefällor/burfällor finns hos Biltema/Granngården (Nyby 169, Ryom); < 199 kr",False
15.0,?,?,False,,,dataset(V2.1),djur,,burfälla tvättbjörn/råtta,601103477272901,https://www.temu.com/se/g-601103477272901.html,,15.0,ELIM,shelf,Burfällor (mink/mård/råtta) finns hos Biltema ~300 kr och Granngården — samma form,,,,,,,,,,,,,Burfällor (mink/mård/råtta) finns hos Biltema ~300 kr och Granngården — samma form,False
15.0,?,?,False,,,dataset(V2.1),djur,,"fågelmatare i metall, stor volym",606357239511926,https://www.temu.com/se/g-606357239511926.html,,15.0,ELIM,shelf,Fågelmatare i alla former hos Granngården/Rusta/Nyby 139–299 kr,,,,,,,,,,,,,Fågelmatare i alla former hos Granngården/Rusta/Nyby 139–299 kr,False
15.0,?,?,False,,,dataset(V2.1),garage,"4pcs 14-inch extra large heavy duty garage hooks (tire, chair, ladder, garden tools)",Garagevägg,601099624394912,https://www.temu.com/se/g-601099624394912.html,,15.0,ELIM,shelf,Commodity,,,,,,,,,,,,,—,False
15.0,?,?,False,,,dataset(V2.1),husvagn,"Trailer wheel chock rubber, boat and RV trailer wheel dock",Hjulen på uppställd släpvagn/husvagn,601099589176805,https://www.temu.com/se/g-601099589176805.html,,15.0,ELIM,shelf,Hjulkil är standardsortiment hos Biltema/Jula (kategori 'släptillbehör' i sökutdragen); exakt URL/pris ej hämtat denna session — märkt OSÄKER på pris men FAIL på form: en gummikil är en gummikil.,,,,,,Biltema/Jula,,,,,,,Commodity under 100 kr.,False
15.0,?,?,False,,,dataset(V2.1),husvagn,"Rubber triangular car stopper, solid large truck wheel chock, anti-skid portable wheel stopper",Hjulen på uppställd släpvagn/husvagn,601099559295788,https://www.temu.com/se/g-601099559295788.html,,15.0,ELIM,shelf,Hjulkil är standardsortiment hos Biltema/Jula (kategori 'släptillbehör' i sökutdragen); exakt URL/pris ej hämtat denna session — märkt OSÄKER på pris men FAIL på form: en gummikil är en gummikil.,,,,,,Biltema/Jula,,,,,,,Commodity under 100 kr.,False
15.0,?,?,False,,,dataset(V2.1),mc,"1800 lbs Motorcycle Wheel Chock Stand - Heavy Duty Motorcycle Lift Stand with Adjustable Height &amp; Sturdy Base, 15-21",hjulklämma/hjulstopp MC för släp och garage (1800 lbs),601100973328677,https://www.temu.com/se/g-601100973328677.html,,15.0,ELIM,shelf,hjulstopp MC i samma form hos Biltema ~400 kr [ur minne — WebSearch-budgeten var slut och biltema/jula/clasohlson/rusta svarade 403/404 2026-09-04; EJ verifierat],,,,,,Biltema (hjulstopp MC),,,,,,,pris,False
15.0,?,?,False,,,dataset(V2.1),tomt,"Post Mount Mailbox, Anti-Pry & Anti-Theft, lockable, magnetic door, 21×10.6×11.2 in (ur sökutdrag)",Brevlådan (ersätter den),602444314566497,https://www.temu.com/se/g-602444314566497.html,,15.0,ELIM,shelf,"Samma form på alla fyra kedjorna; US-format (post mount, flagga) passar dessutom sämre svensk stolpe",,,,,,Biltema/Jula/Clas Ohlson/Rusta,,,,,,,Hyllan,False
15.0,?,?,False,,,dataset(V2.1),tomt,"Odoland 33"" Extendable Snow Brush with Detachable Ice Scraper (ur Temu-söksida, 26,40 USD)",Bilen,607629673883647,https://www.temu.com/se/g-607629673883647.html,,15.0,ELIM,shelf,Jämförelsehandlad commodity i alla kedjor och på macken,,,,,,Biltema/Jula/Clas Ohlson/Rusta + varje bensinmack,,,,,,,Hyllan,False
15.0,GREEN,?,False,,,v22/fas2/tomt.json,tomt,Fruit Picker Pole Tool With Basket 9.6 Feet/116 Inch Adjustable Fruit Grabber Reacher Tool,fruktplockare på teleskopstång (alternativ listning — faller på ekonomi),606334422455464,https://www.temu.com/se/g-606334422455464.html,,40.0,ELIM,ekonomi,PENDING_VERIFICATION,14,snippet,67.0,,1823,,,,,,,Står du på stege för att nå äpplena?,"landad kostnad 700–820 kr spränger 420 kr-taket; 2,4x hamnar långt över 1 000 kr.",False
15.0,GREEN,?,False,,,v22/fas2/tomt.json,tomt,"Adjustable Metal Leaf Rake With Long Handle, Expandable Head",teleskopisk lövkratta (alternativ listning),601099835969370,https://www.temu.com/se/g-601099835969370.html,,20.0,ELIM,hyllan,FAIL,23,snippet,2.0,,54,,,,,,,,Hyllan + landad 21–24 kr ger ingen produkt att bygga ett 300-kronorserbjudande på.,False
15.0,?,?,False,,,v22/fas2/tomt.json,tomt,All Weather Greenhouse Cover Transparent Waterproof Plastic Sheeting 12mil,växthusplast/täckduk,606135444673862,https://www.temu.com/se/g-606135444673862.html,,15.0,ELIM,objekt,PENDING_VERIFICATION,,,14.0,,381,,,,,,,,Förbrukningsvara med mätfriktion — två punkter i negativa rymden.,False
15.0,?,PASS,False,,,batch1/hostfiske.json,hostfiske,Fisktång/lip-grip med inbyggd våg för säker hantering och vägning,Fångad fisk + fiskarens hand,,,,10.0,REJECT,,"FAIL - Biltema säljer produkten rakt av Biltema ""Lip Grip med våg, 15 kg"" direkt i sortimentet; Sportfiskeprylar.se dedikerade kategorier ""Lip-Grips"" och ""Fiskevågar""; Abu Garcia/Wiggler-varianter med våg",,,,,,"Biltema ""Lip Grip med våg, 15 kg"" direkt i sortimentet; Sportfiskeprylar.se dedi",155.0,,,,,n/a,Biltema säljer identisk produkt.,False
15.0,?,PASS,False,,,batch1/hostfiske.json,hostfiske,Draglåda/betesväska för organiserad förvaring av drag och beten,Drag/beten + fiskeväskan,,,,10.0,REJECT,,"FAIL - grundkategori hos varje svensk fiskebutik Sportfiskeprylar.se ""Draglådor"", ""Betesväskor"", ""Fiskeväskor"" - Fiskejournalen.se prisspann 239-1099 kr; Dogger.se, Fiske.se motsvarande sortiment",,,,,,"Sportfiskeprylar.se ""Draglådor"", ""Betesväskor"", ""Fiskeväskor"" - Fiskejournalen.s",239.0,,,,,n/a,"Grundkategori, ingen vitmark kvar.",False
15.0,?,PASS,False,,,batch1/hostfiske.json,hostfiske,"Filébräda/rensbräda med klämma för fiskens stjärt (lös, ej relingsmonterad)",Fångad fisk + en plan yta,,,,10.0,REJECT,,"FAIL - Biltema och Jula säljer exakt denna produkt (bräda + fiskklämma) från 47 kr Jula ""Vikbar rensbräda"" (Anplast Fishing) 47,20 kr exkl. moms; Jula ""Rensbräda"" (Kayoba, stålklämma) separat SKU; Biltema ""Filébräda med klämma"" (59x15 cm) direkt i sortimentet; Olssonsfiske ""Rensbräda 60x15x1cm""",,,,,,"Jula ""Vikbar rensbräda"" (Anplast Fishing) 47,20 kr exkl. moms; Jula ""Rensbräda"" ",47.2,,,,,n/a,Biltema säljer identisk produkt för en bråkdel av vad vi skulle behöva ta betalt.,False
15.0,GREEN,WARN-utan-ankare,False,HARD REJECT,MARKETPLACE FAILURE,v23/evergreen.json,evergreen,Hundbälte för bil med ISOFIX-/bältesfäste,"Kort rem som klickas i bilbältesspännet eller ISOFIX och kopplas i hundens sele. Biltema, Jula och varje djurbutik säljer formen 149–250 kr; Temu-priset 4 USD ger ett utseende som inte bär 300 kr. MATERIAL: BLOCKED_SOURCE — produktsidan får inte hämtas i den här körningen (huvudsessionen håller hämtbudgeten); vad titeln antyder står i concept-fältet.",605586158624069,https://www.temu.com/g-605586158624069.html,605514972926483 601099647313991 601102970614328,25.0,FAIL (hylla + negativ rymd),,FAIL — kedja + fackhandel under 300 kr,14,snippet,4.0,,300.0,Hundliv 'Rukka Car säkerhetsbälte Isofix' från 149 kr; Biltema 'Säkerhetssele hu,149.0,Curli/Rukka krocktestade selar (pris ej läst),,300.0,EVERGREEN,Åker hunden lös i baksätet?,149 kr hos varje djurbutik.,False
15.0,?,WARN-utan-ankare,False,HARD REJECT,MARKETPLACE FAILURE,v23/evergreen.json,evergreen,"Bakluckeljus / bagagerumsbelysning LED med rörelsesensor, magnetisk, uppladdningsbar","Magnetisk LED-list som tänds när bakluckan öppnas i mörkret (jakt, ved, hund i november). Commodity-form: Biltema 'LED belysning magnetbrytare', 24.se, Fyndiq 186–330 kr för 2–4-pack. MATERIAL: BLOCKED_SOURCE — produktsidan får inte hämtas i den här körningen (huvudsessionen håller hämtbudgeten); vad titeln antyder står i concept-fältet.",601099525129373,https://www.temu.com/car-sensor-light-for-floor-trunk-hood-usb-rechargeable-automatic-induction-light-bar-magnetic-maual-sensing-mode-lamp-g-601099525129373.html,601104165359027 601099606097396,30.0,FAIL (pris/hylla),,FAIL — commodity under 199 kr i kedja + marketplace,,,,,249.0,Fyndiq trådlös LED-belysning bil 2/4-pack 186 kr; garderobsbelysning magnet/sens,186.0,—,,249.0,EVERGREEN,Lastar du bagaget i mörker?,Under 199 kr överallt.,False
15.0,?,WARN-utan-ankare,False,HARD REJECT,MARKETPLACE FAILURE,v23/present-hobby.json,present-hobby,Dubbelt smörgåsjärn i gjutjärn för öppen eld (pie iron),Två mackor samtidigt över elden — familjepresent för bålpannan.,601102412056295,https://www.temu.com/double-pie-iron-campfire-sandwich-maker-non-stick-coated-insulated-handle-sandwich-grill--conduction-sandwich-frying-pan-for-camping-cookware-equipment-black-camping-cookware-nonstick-sandwich-maker-durable-cookware-sandwich-maker-for-camping-outdoor-cooking--sturdy-construction-portable-grill--camping-essentials-durable-cookware-g-601102412056295.html,,30.0,REJECT.,,FAIL — Jula 199 kr i samma form.,,,,,399.0,"Jula Kayoba Smörgåsjärn dubbelt, gjutjärn, 54 cm — 199 kr (ur sökutdrag); Bauhau",199.0,"Rome Double Pie Iron (Smart Fritid, 503 vid hämtning) / Coghlan's dubbelt (Krisk",,399.0,BLACK WEEK / GIFT,Varma mackor över bålpannan?,Jula + vikt.,False
14.0,GREEN,WARN-utan-ankare,False,HARD REJECT,MARKETPLACE FAILURE,v23/evergreen.json,evergreen,Borrmaskins-/skruvdragarhölster för bältet (metallclips),"Hölster som hänger skruvdragaren i bältet på stegen/taket. Jula (Bluewear), CDON 119, VerktygsPartner 140, Makita/Milwaukee original — personlig arbetsutrustning, golv < 150 kr. MATERIAL: BLOCKED_SOURCE — produktsidan får inte hämtas i den här körningen (huvudsessionen håller hämtbudgeten); vad titeln antyder står i concept-fältet.",601099584348061,https://www.temu.com/g-601099584348061.html,601099526280501 601100101038233 601100669175066 601099569592708,24.0,FAIL (hylla),,"FAIL — golv 119–140, kedja",80,snippet,4.0,,300.0,CDON 'Skruvdragare hölster' 119 kr; VerktygsPartner hölster/verktygsficka 140 kr,119.0,Makita/Milwaukee originalhölster (pris ej läst),,300.0,EVERGREEN,Tappar du skruvdragaren från stegen?,119 kr på CDON.,False
13.0,GREEN,?,False,,,v22/fas2/jakt.json,jakt,Tree mounted deer hoist 353 lbs game hoist winch lift with gambrel & winch,Vilthiss: gambrel + talja for att hanga upp klovvilt vid slakt,602578624597839,https://www.temu.com/se/g-602578624597839.html,,38.0,ELIM,shelf,FAIL,27,snippet,68.0,,899.0,,,Biltema Viltgalge (max 200 kg) + Biltema Reptalja 250 kg + Biltema Slaktkrok 140,,899.0,,Lyfter ni algen med rep och muskler?,"Biltema ar jaktbutik: Viltgalge, Reptalja 250 kg, Slaktkrok och tre storlekar Viltsack star i deras egen jaktavdelning. Deras pris blir vart tak, och de lasta listningarna landar redan pa 710-1 383 kr",False
13.0,GREEN,?,False,,,v22/fas2/jakt.json,jakt,"Truck hitch game hoist complete kit with winch and gambrel, 400/500/600 lbs, 2 inch receiver",Vilthiss: gambrel + talja for att hanga upp klovvilt vid slakt,602836322605846,https://www.temu.com/se/g-602836322605846.html,,38.0,ELIM,shelf,FAIL,24,snippet,113.0,,899.0,,,Biltema Viltgalge (max 200 kg) + Biltema Reptalja 250 kg + Biltema Slaktkrok 140,,899.0,,Lyfter ni algen med rep och muskler?,"Biltema ar jaktbutik: Viltgalge, Reptalja 250 kg, Slaktkrok och tre storlekar Viltsack star i deras egen jaktavdelning. Deras pris blir vart tak, och de lasta listningarna landar redan pa 710-1 383 kr",False
13.0,?,PASS,False,,,batch1/hostfiske.json,hostfiske,Skärskyddad fiskehandske för att hantera gäddans tänder,Fångad gädda + fiskarens hand,,,,8.0,REJECT,,"FAIL - identisk produkt redan på Amazon.se, dessutom personlig passform (negativ rymd) Amazon.se säljer redan skärskyddad fiskehandske med universalstorlek och magnetfäste; Bojdaspon.se dedikerad kategori ""Handskar till fiske""",,,,,,Amazon.se säljer redan skärskyddad fiskehandske med universalstorlek och magnetf,30.0,,,,,n/a,"Redan på Amazon.se, och träffar två negativa-rymd-flaggor samtidigt (passform + PPE-liknande).",False
13.0,?,PASS,False,,,batch1/hostfiske.json,hostfiske,Wobbler-/jerkbaitväska för organiserad förvaring av stora gäddbeten,Wobblers/jerkbaits + fiskeväskan,,,,8.0,REJECT,,"FAIL - etablerad kategori Fiskejournalen.se 239-1099 kr; Sportfiskeprylar.se, Dogger.se, Fiske.se motsvarande sortiment för wobbler-/jerkbaitförvaring",,,,,,"Fiskejournalen.se 239-1099 kr; Sportfiskeprylar.se, Dogger.se, Fiske.se motsvara",239.0,,,,,n/a,Etablerad kategori.,False
13.0,?,WARN-utan-ankare,False,HARD REJECT,MARKETPLACE FAILURE,v23/present-hobby.json,present-hobby,Digital fiskevåg 50 kg med måttband,"Hängvåg med LCD, krok och 1 m måttband — 'väg storgäddan'.",601099527328059,https://www.temu.com/110-23lb-portable-waterproof-fishing-scale-digital-rechargeable-hanging-hook-scales-for-courier-hunting-luggage-home-weighing-59-06inch-tape-g-601099527328059.html,601099527589712 601099553830603 601099512361899,28.0,REJECT.,,FAIL — Jula 149 kr i identisk form (våg + måttband).,,,,,299.0,Jula Kayoba Digital fiskevåg 50 kg med måttband — 149 kr (ur sökutdrag); Biltema,149.0,Berkley digital fiskevåg 23 kg (Jula) 299 kr; Rapala 25/50 kg (Sportfiskeprylar),299.0,299.0,GIFT,Hur stor var gäddan egentligen?,Jula 149.,False
12.0,?,?,False,,,v22/fas2/tomt.json,tomt,"Lawn Aerator Shoes With Adjustable Strap, Spiked Sole, Heavy Duty Plastic Garden Sandals",luftningsskor för gräsmattan,601103928842927,https://www.temu.com/se/g-601103928842927.html,,12.0,ELIM,objekt,PENDING_VERIFICATION,,,6.0,,163,,,,,,,,Passform + prisgolv. Precis kontrollpunktens profil.,False
10.0,?,?,False,,,dataset(V2.1),djur,,hundgård i metall med tak,601099980073618,https://www.temu.com/se/g-601099980073618.html,,10.0,ELIM,economics,,,,,,,,,,,,,,"Hel hundgård: > 1 000 kr, fraktvolym, montering",False
10.0,?,?,False,,,dataset(V2.1),djur,,trädgård — grönt fågelnät mot rådjur/ekorre,601100590223404,https://www.temu.com/se/g-601100590223404.html,,10.0,ELIM,shelf,"Samma form som kedjornas nät; rådjursskydd i Sverige = staket/ Vildsvinsnät, inte plastnät",,,,,,,,,,,,,"Samma form som kedjornas nät; rådjursskydd i Sverige = staket/ Vildsvinsnät, inte plastnät",False
10.0,?,?,False,,,dataset(V2.1),djur,,rostfri musfälla 2-pack,601099753230816,https://www.temu.com/se/g-601099753230816.html,,10.0,ELIM,shelf,Slagfälla i metall = kedjeform 24–42 kr,,,,,,,,,,,,,Slagfälla i metall = kedjeform 24–42 kr,False
10.0,?,?,False,,,dataset(V2.1),djur,,gammaldags dubbel slagfälla,605593087614567,https://www.temu.com/se/g-605593087614567.html,,10.0,ELIM,shelf,Kedjeform,,,,,,,,,,,,,Kedjeform,False
10.0,?,?,False,,,dataset(V2.1),djur,,hönsgård — PP-nätrulle,605905462635892,https://www.temu.com/se/g-605905462635892.html,,10.0,ELIM,shelf,Plastnät/hönsnät finns hos Biltema/Jula/Granngården 149–369 kr — samma form,,,,,,,,,,,,,Plastnät/hönsnät finns hos Biltema/Jula/Granngården 149–369 kr — samma form,False
10.0,?,?,False,,,dataset(V2.1),djur,,klar presenning 16 mil,601103678697311,https://www.temu.com/se/g-601103678697311.html,,10.0,ELIM,shelf,"Presenning = Biltema-commodity; 'hönsgårdens regnskydd' är en användning, inte en form",,,,,,,,,,,,,"Presenning = Biltema-commodity; 'hönsgårdens regnskydd' är en användning, inte en form",False
10.0,?,?,False,,,dataset(V2.1),djur,,hundgård i metall med tak och roterande skål,601105212001796,https://www.temu.com/se/g-601105212001796.html,,10.0,ELIM,economics,,,,,,,,,,,,,,"> 1 000 kr, montering",False
10.0,?,?,False,,,dataset(V2.1),djur,,finmaskigt galvaniserat nät (hardware cloth) på rulle,601105246491113,https://www.temu.com/se/g-601105246491113.html,,10.0,ELIM,shelf,Volièr-/finmaskigt nät finns hos Biltema/Granngården — samma form,,,,,,,,,,,,,Volièr-/finmaskigt nät finns hos Biltema/Granngården — samma form,False
10.0,?,?,False,,,dataset(V2.1),djur,,sexkantsnät PVC-belagt,606486709266577,https://www.temu.com/se/g-606486709266577.html,,10.0,ELIM,shelf,Hönsnät = Biltema/Jula/Granngården 149–369 kr,,,,,,,,,,,,,Hönsnät = Biltema/Jula/Granngården 149–369 kr,False
10.0,?,PASS,False,,,batch1/hostfiske.json,hostfiske,Spöhållare för isfiske,Fiskespön + isen,,,,5.0,REJECT,,"FAIL - både fel säsong för klustret och mättad hylla Sportfiskeprylar.se kategori ""Spöhållare Isfiske"" = 15 produkter, 79-529 kr (Smart Hook 79 kr, Wiggler Ismeteställ Alu 529 kr)",,,,,,"Sportfiskeprylar.se kategori ""Spöhållare Isfiske"" = 15 produkter, 79-529 kr (Sma",79.0,,,,,n/a,"Utanför uppdragets säsong (sep-nov, öppet vatten) - noteras bara för fullständighet.",False
10.0,?,?,False,,,batch1/hostfiske.json,hostfiske,Gapöppnare/käftöppnare för att hålla gäddans gap öppet vid avkrokning,Fångad gädda + fiskarens händer,,,,10.0,REJECT,,"FAIL - dedikerad kategori hos ledande sportfiskebutik Sportfiskeprylar.se har egen dedikerad kategori ""Käftöppnare"" - detta var uppdragets egen förhandsvarning (""fackhandel stark"") och den bekräftas",,,,,,"Sportfiskeprylar.se har egen dedikerad kategori ""Käftöppnare"" - detta var uppdra",,,,,,n/a,Bekräftar uppdragets egen varning om fackhandeln.,False
10.0,?,?,False,,,batch1/hostfiske.json,hostfiske,Avkrokningsmatta/mätmatta för skonsam hantering och mätning av fångsten,Fångad fisk + durken/bryggan,,,,10.0,REJECT,,"FAIL - dedikerad kategori, bekräftar uppdragets förhandsvarning Sportfiskeprylar.se dedikerad kategori ""Avkrokningsmattor"" och ""Mätverktyg""; fiske.se har egen ""Avkrokning""-sida",,,,,,"Sportfiskeprylar.se dedikerad kategori ""Avkrokningsmattor"" och ""Mätverktyg""; fis",,,,,,n/a,Bekräftar uppdragets egen varning.,False
10.0,?,?,False,,,batch1/hostfiske.json,hostfiske,Rullskydd/rullfodral i neopren för att skydda rullen vid transport,Fiskerulle + bilen/båten,,,,10.0,REJECT,,"FAIL - dedikerad kategori Sportfiskeprylar.se dedikerad kategori ""Rullskydd & Rullväskor"" (2 mm neopren, funkar med rullen monterad på spöt); Dogger.se motsvarande",,,,,,"Sportfiskeprylar.se dedikerad kategori ""Rullskydd & Rullväskor"" (2 mm neopren, f",,,,,,n/a,Dedikerad kategori redan.,False
10.0,?,?,False,,,batch1/hostfiske.json,hostfiske,Spöfodral/spöstrumpa/spörör för transportskydd av riggade spön,Fiskespön + bilen/hemmet,,,,10.0,REJECT,,"FAIL - mycket djup hylla Sportfiskeprylar.se ""Spöstrumpor & Spöfodral"" och ""Spöväskor""; Dogger, Miekofishing, Fiskedags.se, Sportfiskeboden - flera dedikerade kategorier",,,,,,"Sportfiskeprylar.se ""Spöstrumpor & Spöfodral"" och ""Spöväskor""; Dogger, Miekofish",,,,,,n/a,En av de djupaste hyllorna i hela klustret.,False
10.0,?,?,False,,,batch1/hostfiske.json,hostfiske,Stolsäck/tillbehörsryggsäck för bryggfiske,Fiskeutrustning + kroppen,,,,10.0,REJECT,,"FAIL - dedikerad kategori Sportfiskeprylar.se dedikerade kategorier ""Stolryggsäckar"" och ""Stolar & Bord""; Fox/Prologic-sortiment",,,,,,"Sportfiskeprylar.se dedikerade kategorier ""Stolryggsäckar"" och ""Stolar & Bord""; ",,,,,,n/a,Dedikerad kategori redan.,False
10.0,?,PASS,False,,,batch1/hostfiske.json,hostfiske,"Nappalarm/nappindikator med ljus för bryggfiske i mörker (""ljus""-behovet från bryggfiske, ej pannlampa)","Fiskespö + brygga, natt-/skymningsfiske",,,,5.0,REJECT,,"FAIL - extremt djup, etablerad kategori 39-3199 kr Sportfiskeprylar.se, Fiskejournalen.se, Fiskedags.se, Fiskekompaniet.se, Utklasad.se, Olssonsfiske.se - alla med dedikerad kategori ""Nappalarm & Indikatorer"". Ålpingla Enkel Nappindikator LED 39 kr, Korda Basix Mini Stow 199 kr, DAM Nappalarm Set 44",,,,,,"Sportfiskeprylar.se, Fiskejournalen.se, Fiskedags.se, Fiskekompaniet.se, Utklasa",39.0,,,,,n/a,Precis som pannlampan (uppdragets egen varning) - massiv etablerad hylla.,False
10.0,?,PASS,False,,,batch1/hostfiske.json,hostfiske,Ståltafs-/tafsförvaring och dispenser,Ståltafsar + fiskeväskan,,,,5.0,REJECT,,FAIL - dedikerad kategori och prissatt produkt Olssonsfiske.se 'Tafsfodral' 219-319 kr; Outfishing.com dedikerad kategori 'Linförvaring och dispenser',,,,,,Olssonsfiske.se 'Tafsfodral' 219-319 kr; Outfishing.com dedikerad kategori 'Linf,219.0,,,,,n/a,"Redan prissatt produkt, litet objekt, svagt DNA-fit.",False
9.0,GREEN,?,False,,,v22/fas2/jakt.json,jakt,"270-degree transparent hunting blind tent, pop-up camouflage ground blind for 2-3 people, portable foldable deer hunting",Pop-up marktalt / genomsiktligt gomsle for markpass,601101893204729,https://www.temu.com/se/g-601101893204729.html,,34.0,ELIM,economics,FAIL_landad_over_420,99,snippet+,76.0,,999.0,,,"Biltema Kamouflagevagg + Kamouflagenat nordic; Jula Kamouflagenat 3x1,5 m (Kayob",,999.0,,Ser algen dig pa markpasset?,"Landad kostnad 689-930 kr. 2,4x hamnar pa 1 650-2 230 kr, langt over 1 000 kr-taket.",False
9.0,GREEN,?,False,,,v22/fas2/jakt.json,jakt,"2-3 person 360 see-through hunting blind, pop-up camouflage tent, soft material",Pop-up marktalt / genomsiktligt gomsle for markpass,601105121640789,https://www.temu.com/se/g-601105121640789.html,,34.0,ELIM,economics,FAIL_landad_over_420,99,snippet+,66.0,,999.0,,,"Biltema Kamouflagevagg + Kamouflagenat nordic; Jula Kamouflagenat 3x1,5 m (Kayob",,999.0,,Ser algen dig pa markpasset?,"Landad kostnad 689-930 kr. 2,4x hamnar pa 1 650-2 230 kr, langt over 1 000 kr-taket.",False
7.0,?,WARN-utan-ankare,False,HARD REJECT,MARKETPLACE FAILURE,v23/evergreen.json,evergreen,Bagagerumsorganizer hopfällbar med lock (verktyg/jaktgrejer),Stabil hopfällbar låda med fack och lock för bagageutrymmet. Jula Hamron 199 kr och Biltema har exakt formen. MATERIAL: BLOCKED_SOURCE — produktsidan får inte hämtas i den här körningen (huvudsessionen håller hämtbudgeten); vad titeln antyder står i concept-fältet.,601100318211025,https://www.temu.com/g-601100318211025.html,601099905143328 601101373936511,22.0,FAIL (hylla),,FAIL — kedja 199 kr,,,,,349.0,"Jula 'Bagagerumslåda Hamron' 619292 hopfällbar, 2+2 fack, 199 kr (ur sökutdrag) ",199.0,—,,349.0,EVERGREEN,Rullar verktygen runt i bagaget?,Jula 199.,False
5.0,?,?,False,,,dataset(V2.1),djur,,hönshus komplett walk-in,601102491328358,https://www.temu.com/se/g-601102491328358.html,,5.0,ELIM,economics,,,,,,,,,,,,,,"Helt hönshus: > 1 000 kr, montering",False
5.0,?,?,False,,,dataset(V2.1),djur,,fågelpiggar 4 st,601101236630924,https://www.temu.com/se/g-601101236630924.html,,5.0,ELIM,shelf,Fågelpiggar finns hos Biltema/Jula < 199 kr,,,,,,,,,,,,,Fågelpiggar finns hos Biltema/Jula < 199 kr,False
5.0,WARN,?,False,,,dataset(V2.1),mc,Motorcycle Bike Anti-Theft Disc Brake Lock with 47.24inch Spring Reminder Rope,enkelt bromsskivelås med påminnelselina,601099512116561,https://www.temu.com/se/g-601099512116561.html,,15.0,ELIM,shelf,"samma form i alla kedjor, 99–199 kr [ur minne — WebSearch-budgeten var slut och biltema/jula/clasohlson/rusta svarade 403/404 2026-09-04; EJ verifierat]",338,snippet,,,,Biltema/Jula/Clas Ohlson,,,,,,,commodity,False
5,GREEN,?,False,,,v22/fas2/bat.json,bat,Boat cover water bag with hook (presenningsvikt),presenningsvikter,602852437155628,https://www.temu.com/se/g-602852437155628.html,,,ELIM,economics,FAIL,0,snippet,144.54,,3934,,,,,,,,"144,54 USD ger landad 1 509–1 769 kr — långt över 420 kr-taket.",False
5,GREEN,?,False,,,v22/fas2/bat.json,bat,Marine boat cover snap fastener kit,kapellknappar,606504895788302,https://www.temu.com/se/g-606504895788302.html,,,ELIM,economics,FAIL,0,snippet,167.26,,4552,,,,,,,,167 USD för en knappsats = landad 1 746–2 047 kr. Orimligt.,False
5,GREEN,?,False,,,v22/fas2/husvagn-mc.json,husvagn-mc,rv vent roof fan 14 inch reversible with rain cover lid,takluckeskydd-husvagn,603140090877660,https://www.temu.com/se/g-603140090877660.html,,,ELIM,economics,FAIL,11,snippet,160.0,,4355,,,,,,,,"160 USD ger landad 1 670-1 958 kr — langt over 420 kr-stoppet, och kraver montering.",False
5,GREEN,?,False,,,v22/fas2/husvagn-mc.json,husvagn-mc,420lbs boat trailer dolly mover adjustable length with pneumatic tires,rangerhjalp,602650028416356,https://www.temu.com/se/g-602650028416356.html,,,ELIM,economics,FAIL,8,snippet,131.0,,3565,,,,,,,,131 USD ger landad 1 368-1 604 kr.,False
5,GREEN,?,False,,,v22/fas2/husvagn-mc.json,husvagn-mc,a waterproof outdoor storage tent made of 210d oxford fabric for storing 2 to 5 bicycles motorcycles,forvaringstalt,601100469483451,https://www.temu.com/se/g-601100469483451.html,,,ELIM,economics,FAIL,99,snippet+,65.0,,1769,,,,,,,,"65 USD ger landad 679-796 kr; 2,4x hamnar over taket. Kraver dessutom montering.",False
5,GREEN,?,False,,,v22/fas2/husvagn-mc.json,husvagn-mc,a portable outdoor shed for bicycle storage made from 210d oxford fabric pu4000,forvaringstalt,601105395048342,https://www.temu.com/se/g-601105395048342.html,,,ELIM,economics,FAIL,11,snippet,75.0,,2041,,,,,,,,75 USD.,False
5,GREEN,?,False,,,v22/fas2/husvagn-mc.json,husvagn-mc,10x20 carport heavy duty portable garage shelter metal car,forvaringstalt,601101645657782,https://www.temu.com/se/g-601101645657782.html,,,ELIM,economics,FAIL,62,snippet,123.0,,3348,,,,,,,,"123 USD, tung frakt, ska byggas.",False
5,GREEN,?,False,,,v22/fas2/husvagn-mc.json,husvagn-mc,carport tent car ports party tent heavy duty car tent,forvaringstalt,601100252044914,https://www.temu.com/se/g-601100252044914.html,,,ELIM,economics,FAIL,99,snippet+,143.0,,3892,,,,,,,,143 USD.,False
5.0,?,?,False,,,batch1/hostfiske.json,hostfiske,Batterilåda/batterifäste för ekolod/elmotor i fiskebåt,Båtbatteri + båten,,,,5.0,REJECT,,"FAIL - Biltema och Jula säljer direkt Biltema ""Batterifäste"" och batteriboxar direkt i sortimentet (bat/elutrustning); Jula ""Batteribox"" (Kayoba Marine) direkt i sortimentet; PriceRunner 1000+ produkter i kategorin",,,,,,"Biltema ""Batterifäste"" och batteriboxar direkt i sortimentet (bat/elutrustning);",,,,,,n/a,Biltema och Jula säljer identisk produkt.,False
5.0,?,?,False,,,batch1/hostfiske.json,hostfiske,Dragrulle/linupprullare för trolling,Fiskelina + båten,,,,5.0,REJECT,,FAIL - redan bevisad förlorare i det egna kontot ej prövad - konceptet är redan testat i kontot,,,,,,ej prövad - konceptet är redan testat i kontot,,,,,,n/a,"docs/temu-vinnar-dna.md avsnitt 2 listar linupprullare bland kontots bevisade förlorare i samma publik (ROAS 0,30). Ska inte testas om utan ny data.",False
5.0,?,?,False,,,batch1/hostfiske.json,hostfiske,Fällbart fiskrensbord med diskho och rinnande vatten,Fångad fisk + en fristående yta,,,,5.0,REJECT,,"FAIL - flera svenska återförsäljare säljer exakt denna produkt (fällbart bord med diskho) Costway.se säljer ""Fällbar fiskrensbord med diskho & gallerhylla & kran"" direkt; Moory.se ""rensbord för båt""-kategori; Fiskehornan.com ""Fiskrensbord Fällbart""",,,,,,"Costway.se säljer ""Fällbar fiskrensbord med diskho & gallerhylla & kran"" direkt;",,,,,,n/a,"Redan sålt av tre svenska aktörer, och passar dåligt på ""fäster på något du äger""-mönstret.",False
5.0,?,?,False,,,batch1/hostfiske.json,hostfiske,Kylväska/fiskeväska med isolerat fack för fångsten,Fångad fisk + fiskeväskan/båten,,,,5.0,REJECT,,"FAIL - Biltema och Jula säljer fiskespecifika varianter direkt Biltema säljer 'Kylväska, 12 liter' direkt i fiske-kategorin; Jula säljer fiskeväska (Berkley) med inbyggt isolerat fack (B35xH6xD20 cm) + tre standardfickor för lina/kniv/tång/betesaskar",,,,,,"Biltema säljer 'Kylväska, 12 liter' direkt i fiske-kategorin; Jula säljer fiskev",,,,,,n/a,Både Biltema och Jula säljer fiskespecifik variant direkt.,False
4.0,?,?,False,,,v22/fas2/jakt.json,jakt,"270/360 panoramic view hunting tent, pop-up camouflage hunting blind for 2-3 people",Pop-up marktalt / genomsiktligt gomsle for markpass,606464479492998,https://www.temu.com/se/g-606464479492998.html,,34.0,ELIM,economics,FAIL_landad_over_420,,,75.0,,999.0,,,"Biltema Kamouflagevagg + Kamouflagenat nordic; Jula Kamouflagenat 3x1,5 m (Kayob",,999.0,,Ser algen dig pa markpasset?,"Landad kostnad 689-930 kr. 2,4x hamnar pa 1 650-2 230 kr, langt over 1 000 kr-taket.",False
3.0,GREEN,?,False,,,v22/fas2/maskiner.json,maskiner,350W Brushless Scooter Motor Wheelbarrow Kit,Eldriven navmotor/konverteringssats till skottkärran,601100108482856,https://www.temu.com/se/g-601100108482856.html,,28.0,ELIM,economics,FAIL,1,snippet,230.08,,1499.0,,,,,1499.0,,Tungt att köra kärran uppför?,228-389 USD landat är 2 400-4 800 kr - fem gånger över kontots tak.,False
2.0,GREEN,WARN-utan-ankare,False,HARD REJECT,MARKETPLACE FAILURE,v23/evergreen.json,evergreen,Nackstödshängare / säteskrok för kassar,"Krok på nackstödsstången för matkassar. Jula 99,90, CDON 89 (10-pack). Listad i uppdraget — kontrollerad och fälld. MATERIAL: BLOCKED_SOURCE — produktsidan får inte hämtas i den här körningen (huvudsessionen håller hämtbudgeten); vad titeln antyder står i concept-fältet.",601099613123375,https://www.temu.com/g-601099613123375.html,606313752979165,12.0,FAIL,,FAIL — commodity < 100 kr,99,snippet+,3.0,,300.0,"Jula nackstödsfäste från 99,90 kr; CDON bilkrokar 10-pack 89 kr (ur sökutdrag); ",89.0,—,,300.0,EVERGREEN,Välter matkassen i baksätet?,89 kr.,False
0.0,GREEN,?,False,,,v22/fas2/garage-fordon.json,garage-fordon,"Adjustable Truck Tire Storage Rack with Ratchet Strap and Chain, Portable Spare Tire Holder","Domkraft, pallbockar, hjulställ och paddockställ",602423032657979,https://www.temu.com/se/g-602423032657979.html,,25.0,ELIM,shelf,FAIL,81,snippet,65.0,,1769,,,Biltema Domkrafter / Jula Domkrafter (egna kategorisidor),,,,Byter du hjulen själv i höst?,Verkstadsutrustning är den mest hyllade varugruppen i hela svensk detaljhandel för bil.,False
0,?,?,False,,,v22/fas2/husvagn-mc.json,husvagn-mc,super trailer dolly trailer mover with 7500 lbs capacity adjustable dual ball hitch,rangerhjalp,606233708878553,https://www.temu.com/se/g-606233708878553.html,,,ELIM,economics,FAIL,,,1432.0,,38973,,,,,,,,1 432 USD.,False
0.0,?,?,False,,,v22/fas2/tomt.json,tomt,"Heavy Duty Manual Lawn Aerator With 42 Spikes, 15 Inch Rolling Lawn Aerator, Adjustable Handle",manuell gräsmatteluftare (alternativ listning),601100470712536,https://www.temu.com/se/g-601100470712536.html,,30.0,ELIM,ekonomi,PENDING_VERIFICATION,,,80.0,,2177,,,,,,,Står vattnet kvar på gräsmattan efter regn?,landad 835–979 kr — långt över 420 kr-stoppet.,False
0.0,GREEN,?,False,,,v22/fas2/tomt.json,tomt,"Water Hose Reel Cart Holds 65–100 ft Of 5/8 Inch Hose, Portable Garden Hose Cart",slangvagn/slangvinda,601104652886479,https://www.temu.com/se/g-601104652886479.html,,25.0,ELIM,hyllan,FAIL,8,snippet,72.0,,1960,,,,,,,,Hyllan + landad 752–881 kr.,False
0.0,?,?,False,,,v22/fas2/tomt.json,tomt,"Reusable Collapsible Garden Trash Bags, Heavy Duty Foldable Outdoor Waste Bags",trädgårdssäck,601103154990378,https://www.temu.com/se/g-601103154990378.html,,0.0,ELIM,redan avgjord,PENDING_VERIFICATION,,,13.0,,354,,,,,,,,Ligger på uppdragets stopplista.,False
0.0,?,?,False,,,v22/fas2/tomt.json,tomt,"Custom Wheelie Bin Stickers, Personalized House Number Street Name Decals For Trash Cans",soptunneklistermärken,601099547901300,https://www.temu.com/se/g-601099547901300.html,,0.0,ELIM,redan avgjord,PENDING_VERIFICATION,,,3.0,,82,,,,,,,,Ligger på uppdragets stopplista.,False
-5.0,OK,?,False,,,v22/fas2/maskiner.json,maskiner,"Mower Lift for Riding Mowers, 800 Lbs Capacity Lawn Mower Lifter, Cleaning Aid, Universal",Servicelyft till åkgräsklipparen,601099591579344,https://www.temu.com/se/g-601099591579344.html,,25.0,ELIM,shelf,FAIL,252,snippet,82.94,,1999.0,,,,,1999.0,,Hur kommer du åt under klipparen?,"Landad kostnad 866-1 015 kr - 2,4x hamnar på 2 000+ kr.",False
-5.0,GREEN,?,False,,,v22/fas2/tomt.json,tomt,"Bin/Trash Can Storage Single Wheelie Bin Shed, Poly Rattan",sopkärlsskjul,602297841098230,https://www.temu.com/se/g-602297841098230.html,,20.0,ELIM,hyllan,FAIL,99,snippet+,105.0,,2858,,,,,,,,Hyllan + landad 1 096–1 285 kr.,False
-5.0,?,WARN-utan-ankare,False,HARD REJECT,MARKETPLACE FAILURE,v23/evergreen.json,evergreen,Gap filler / förvaring mellan säte och mittkonsol,Skumkil med ficka som fyller gapet så att nyckel och mobil inte faller ner. Biltema 'Smart förvaring mellan säte och mittkonsol' + Fyndiq 123–188 kr. Listad i uppdraget — kontrollerad och fälld. MATERIAL: BLOCKED_SOURCE — produktsidan får inte hämtas i den här körningen (huvudsessionen håller hämtbudgeten); vad titeln antyder står i concept-fältet.,601099537797127,https://www.temu.com/za/car-seat-gaps-filler-organizer-for-car-to-fill--between-seat-and-console-gaps-plug-strip-seat-organizer-seat-gaps-filling-for-automobiles-g-601099537797127.html,601099518462163 601099519018120,10.0,FAIL,,FAIL — kedja + marketplace commodity,,,,,249.0,Fyndiq 'Sätets gap filler organizer' (pris ej läst) + mittkonsolkuddar 123–188 k,123.0,—,,249.0,EVERGREEN,Tappar du mobilen mellan sätena?,Biltema utförsäljning.,False
-7.0,?,WARN-utan-ankare,False,,,batch1/fritidshus.json,fritidshus,Avtagbar bryggstege / snabbfäste för vinterförvaring,Bryggstegen på fritidshusets brygga,602356997586184,https://www.temu.com/se/g-602356997586184.html,,38.0,REJECT,,"FAIL — den enda Temu-listning som hittades är en HEL ersättningsstege, samma form som redan säljs i Sverige från 559 kr, och landar (se ekonomi) dyrare än det svenska golvet PriceRunner 'bryggstege' (47 träffar): Laggo Förlängningsdel Bryggstege 559 kr är billigast, men det är en HEL STEGE (inte ett",,,98.0,,2667,PriceRunner 'bryggstege' (47 träffar): Laggo Förlängningsdel Bryggstege 559 kr ä,559.0,Seatec Bryggstege,1689.0,,,Tar du upp bryggstegen innan isen?,Strukturellt fel: en bryggstege är för tung/skrymmande för att Temu-priset ska landa under det svenska golvet. Det ursprungliga konceptet (ett billigt SNABBFÄSTE för att göra en BEFINTLIG stege avtagb,False
-12.0,KILL,?,False,,,v22/fas2/ved-eldstad.json,ved-eldstad,"76x51 inch large grill mat for outdoor grill, fireproof waterproof oil-proof",eldkorgsmatta-trallskydd,601101792112791,https://www.temu.com/g-601101792112791.html,,28.0,ELIM,shelf,FAIL,818,snippet,8.75,,238,,,Jula Grillmatta 80x120 cm (Burns & Barkles),,,,Bränner eldkorgen märken i trallen?,Hyllan — konceptet är redan hyllat som 'grillmatta'.,False
-13.0,?,PASS,False,,,v22/fas2/djur.json,djur,metal walk-in chicken coop / outdoor dog kennel with roof (engelsk slug; svensk titel BLOCKED_SOURCE),Hel walk-in honsgard eller hundgard i galvat stal med UV-tak,601099634343424,https://www.temu.com/se/g-601099634343424.html,,12.0,ELIM,objekt,FAIL,,,104.0,,3099.0,,,vidaXL Honsgard med tak,4189.0,3099.0,,,Agaren ager inte objektet - vi saljer sjalva garden. Landad kostnad 1000-2700 kr. Samma lardom som trampfoderautomaten i forra korningen: vikt ar en gate.,False
-13.0,?,PASS,False,,,v22/fas2/djur.json,djur,metal walk-in chicken coop / outdoor dog kennel with roof (engelsk slug; svensk titel BLOCKED_SOURCE),Hel walk-in honsgard eller hundgard i galvat stal med UV-tak,601099685682824,https://www.temu.com/se/g-601099685682824.html,,12.0,ELIM,objekt,FAIL,,,184.0,,5399.0,,,vidaXL Honsgard med tak,4189.0,5399.0,,,Agaren ager inte objektet - vi saljer sjalva garden. Landad kostnad 1000-2700 kr. Samma lardom som trampfoderautomaten i forra korningen: vikt ar en gate.,False
-13.0,?,PASS,False,,,v22/fas2/djur.json,djur,metal walk-in chicken coop / outdoor dog kennel with roof (engelsk slug; svensk titel BLOCKED_SOURCE),Hel walk-in honsgard eller hundgard i galvat stal med UV-tak,601099583683673,https://www.temu.com/se/g-601099583683673.html,,12.0,ELIM,objekt,FAIL,,,224.0,,6599.0,,,vidaXL Honsgard med tak,4189.0,6599.0,,,Agaren ager inte objektet - vi saljer sjalva garden. Landad kostnad 1000-2700 kr. Samma lardom som trampfoderautomaten i forra korningen: vikt ar en gate.,False
-13.0,?,PASS,False,,,v22/fas2/djur.json,djur,metal walk-in chicken coop / outdoor dog kennel with roof (engelsk slug; svensk titel BLOCKED_SOURCE),Hel walk-in honsgard eller hundgard i galvat stal med UV-tak,601099961939448,https://www.temu.com/se/g-601099961939448.html,,12.0,ELIM,objekt,FAIL,,,105.0,,3099.0,,,vidaXL Honsgard med tak,4189.0,3099.0,,,Agaren ager inte objektet - vi saljer sjalva garden. Landad kostnad 1000-2700 kr. Samma lardom som trampfoderautomaten i forra korningen: vikt ar en gate.,False
-13.0,?,PASS,False,,,v22/fas2/djur.json,djur,metal walk-in chicken coop / outdoor dog kennel with roof (engelsk slug; svensk titel BLOCKED_SOURCE),Hel walk-in honsgard eller hundgard i galvat stal med UV-tak,606384368229746,https://www.temu.com/se/g-606384368229746.html,,12.0,ELIM,objekt,FAIL,,,100.0,,2899.0,,,vidaXL Honsgard med tak,4189.0,2899.0,,,Agaren ager inte objektet - vi saljer sjalva garden. Landad kostnad 1000-2700 kr. Samma lardom som trampfoderautomaten i forra korningen: vikt ar en gate.,False
-13.0,?,PASS,False,,,v22/fas2/djur.json,djur,metal walk-in chicken coop / outdoor dog kennel with roof (engelsk slug; svensk titel BLOCKED_SOURCE),Hel walk-in honsgard eller hundgard i galvat stal med UV-tak,601100232835548,https://www.temu.com/se/g-601100232835548.html,,12.0,ELIM,objekt,FAIL,,,119.0,,3499.0,,,vidaXL Honsgard med tak,4189.0,3499.0,,,Agaren ager inte objektet - vi saljer sjalva garden. Landad kostnad 1000-2700 kr. Samma lardom som trampfoderautomaten i forra korningen: vikt ar en gate.,False
-13.0,?,PASS,False,,,v22/fas2/djur.json,djur,metal walk-in chicken coop / outdoor dog kennel with roof (engelsk slug; svensk titel BLOCKED_SOURCE),Hel walk-in honsgard eller hundgard i galvat stal med UV-tak,601101427082905,https://www.temu.com/se/g-601101427082905.html,,12.0,ELIM,objekt,FAIL,,,119.0,,3499.0,,,vidaXL Honsgard med tak,4189.0,3499.0,,,Agaren ager inte objektet - vi saljer sjalva garden. Landad kostnad 1000-2700 kr. Samma lardom som trampfoderautomaten i forra korningen: vikt ar en gate.,False
-37.0,GREEN,?,True,,,v22/fas2/garage-fordon.json,garage-fordon,"Heavy Duty Magnetic Car Windshield Snow Cover, Fits Cars/SUVs, All Weather Oxford Cloth Winter Protector, Scratch Resist",Magnetiskt vindrutetäcke i Oxford mot frost och snö,601105753823134,https://www.temu.com/se/g-601105753823134.html,,58.0,C,presence,FAIL,99,snippet+,8.0,,349.0,,,,,349.0,,Skrapar du rutan varje morgon?,"Exakt Kranskydd Frost 420D en gång till: samma tyg, samma ägare, skadan i november. ROAS 1,59 mot break-even 1,49 och pausad.",False
-42.0,KILL,?,False,,,v22/fas2/maskiner.json,maskiner,13 Inch Tire 500W Big Torque Beach Wheelbarrow Cart Brushless Motor Kit with Brake Reverse Switch,Eldriven navmotor/konverteringssats till skottkärran,601105433855953,https://www.temu.com/se/g-601105433855953.html,,28.0,ELIM,economics,FAIL,844,snippet,388.84,,1999.0,,,,,1999.0,,Tungt att köra kärran uppför?,228-389 USD landat är 2 400-4 800 kr - fem gånger över kontots tak.,False
-42.0,KILL,?,False,,,v22/fas2/maskiner.json,maskiner,350W Brushless Hub Motor with 145/70-6 Off Road Tire for Trolley Wheelbarrow Scooter,Eldriven navmotor/konverteringssats till skottkärran,601105432406712,https://www.temu.com/se/g-601105432406712.html,,28.0,ELIM,economics,FAIL,843,snippet,228.0,,1499.0,,,,,1499.0,,Tungt att köra kärran uppför?,228-389 USD landat är 2 400-4 800 kr - fem gånger över kontots tak.,False
-42.0,KILL,?,False,,,v22/fas2/maskiner.json,maskiner,350W Brushless Hub Motor with 145/70-6 Off Road Tire for Trolley Wheelbarrow Scooter,Eldriven navmotor/konverteringssats till skottkärran,601105431783796,https://www.temu.com/se/g-601105431783796.html,,28.0,ELIM,economics,FAIL,853,snippet,228.0,,1499.0,,,,,1499.0,,Tungt att köra kärran uppför?,228-389 USD landat är 2 400-4 800 kr - fem gånger över kontots tak.,False
-42.0,KILL,?,False,,,v22/fas2/maskiner.json,maskiner,"Scooter Motor Wheelbarrow Cart Conversion Kit, Without Battery",Eldriven navmotor/konverteringssats till skottkärran,606567357319443,https://www.temu.com/se/g-606567357319443.html,,28.0,ELIM,economics,FAIL,854,snippet,228.0,,1499.0,,,,,1499.0,,Tungt att köra kärran uppför?,228-389 USD landat är 2 400-4 800 kr - fem gånger över kontots tak.,False
-50.0,GREEN,?,True,,,v22/fas2/garage-fordon.json,garage-fordon,"Electric Rechargeable Mouse Trap, Pest Control Rodent Zapper","Gnagaravskräckare under motorhuven (12 V, blixt + vibration) mot möss och mård",601100124647313,https://www.temu.com/se/g-601100124647313.html,,45.0,C,presence,FAIL,36,snippet,22.0,,599,,,skadedjursbutiken.se / skadedjursstopp.se; Jula och Biltema för gnagskydd genere,,,,Har du möss i motorrummet?,"Skadan är osynlig tills bilen inte startar — annonsen måste skapa behovet. Plus 12 V-inkoppling under huven = montering, som fäller 30 % av kontots förlorare.",False
-50.0,?,PASS,True,,,dataset(V2.1),pool,"Heavy duty 16 mil thermal insulation solar bubble cover for hot tubs/spas, square spa blanket, evaporation/heat barrier,",Vattenytan i spabadet under locket,601105450656033,https://www.temu.com/se/g-601105450656033.html,,45.0,C,presence,"Elpriset i höst är verkligt, men friktionen syns inte — 'osynlig långsam skada'-klassen (avsnitt 6).",,,,,,Spabadsbutiken.se (termofolie för pool 745–955 kr; spa-storlek ej sedd),745.0,Planet Pool Termofolie (pool),745.0,,,,Annonsen måste bevisa en osynlig besparing.,False
-50.0,GREEN,?,True,,,v22/fas2/garage-fordon.json,garage-fordon,"Mouse/Rodent Repellent 24-Pack, Peppermint & Lemon, Natural Deterrent for Car, Indoor & Outdoor","Gnagaravskräckare under motorhuven (12 V, blixt + vibration) mot möss och mård",602562820436536,https://www.temu.com/se/g-602562820436536.html,,45.0,C,presence,FAIL,99,snippet+,12.0,,327,,,skadedjursbutiken.se / skadedjursstopp.se; Jula och Biltema för gnagskydd genere,,,,Har du möss i motorrummet?,"Skadan är osynlig tills bilen inte startar — annonsen måste skapa behovet. Plus 12 V-inkoppling under huven = montering, som fäller 30 % av kontots förlorare.",False
-50.0,GREEN,?,True,,,v22/fas2/garage-fordon.json,garage-fordon,"4-Pack Electronic Rodent/Rat/Cockroach Deterrent, Plug-in","Gnagaravskräckare under motorhuven (12 V, blixt + vibration) mot möss och mård",601100590118363,https://www.temu.com/se/g-601100590118363.html,,45.0,C,presence,FAIL,51,snippet,9.0,,245,,,skadedjursbutiken.se / skadedjursstopp.se; Jula och Biltema för gnagskydd genere,,,,Har du möss i motorrummet?,"Skadan är osynlig tills bilen inte startar — annonsen måste skapa behovet. Plus 12 V-inkoppling under huven = montering, som fäller 30 % av kontots förlorare.",False
-52.0,GREEN,PASS,True,,,v22/fas2/maskiner.json,maskiner,"Lawn Mower Cover with 600D Oxford Cloth, durable tractor cover with 2 storage pockets, elastic band closure, universal f",Överdrag/skyddskapell till åkgräsklippare och trädgårdstraktor inför vinteravställningen,605988560206516,https://www.temu.com/se/g-605988560206516.html,,38.0,C,object,FAIL,12,snippet,12.4,,449.0,,,Husqvarna Rider Cover 5056308-70 (PriceRunner),849.0,449.0,,Ska åkgräsklipparen stå ute i vinter?,"Nästan exakt kontots bevisade förlorare gräsklippartäcket, en storlek större. Bäst ekonomi i hela klustret och starkast social proof - och ändå ute i gate 1 och 3.",False
-55.0,?,?,True,,,dataset(V2.1),handmaskiner,1pc Adjustable String Trimmer Support Wheel Attachment 28mm 26mm Grass Cutter Parts Gas Petrol Electric Brush Cutter Str,Grästrimmern/röjsågen — stödhjul som klamras på skaftet (26/28 mm),601099541368579,https://www.temu.com/se/g-601099541368579.html,,45.0,C,presence,Trimning pågår i september men säsongen slutar ~mitten av oktober — färre än 6 veckor kvar efter launch. Vårkandidat (april–maj 2027),,,,,,Ingen av kedjorna ur kunskap — EJ VERIFIERAD; finns på Amazon.se,,,,,,,Säsong slut + 'passar min trimmer?',False
-55.0,?,?,True,,,dataset(V2.1),handmaskiner,1 Pack Universal Grass Trimmer Support Wheels Adjustable 26-28mm Lawn Mower Brush Cutter Strimmer Attachment Portable We,Trimmer — dubbla stödhjul 26–28 mm,601099553167011,https://www.temu.com/se/g-601099553167011.html,,45.0,C,presence,Som 601099541368579,,,,,,Som 601099541368579 — EJ VERIFIERAD,,,,,,,Som 601099541368579,False
-55.0,?,?,True,,,dataset(V2.1),handmaskiner,1 Set Lawn Mower Support Wheel New Adjustable Attachment Wheels 26mm 28mm Portable String Trimmer Wheel Mower Trimmer Au,Trimmer — stödhjul 26/28 mm,601099522684444,https://www.temu.com/se/g-601099522684444.html,,45.0,C,presence,Som 601099541368579,,,,,,Som 601099541368579 — EJ VERIFIERAD,,,,,,,Som 601099541368579,False
-55.0,?,?,True,,,v22/fas2/garage-fordon.json,garage-fordon,"2-Pack Under-Hood Rodent Deterrent, 12V Mouse Deterrent with Strobe Light and Vibration, for Cars/Trucks/RV/Attic","Gnagaravskräckare under motorhuven (12 V, blixt + vibration) mot möss och mård",601100248593423,https://www.temu.com/se/g-601100248593423.html,,45.0,C,presence,FAIL,,,17.0,,499.0,,,skadedjursbutiken.se / skadedjursstopp.se; Jula och Biltema för gnagskydd genere,,499.0,,Har du möss i motorrummet?,"Skadan är osynlig tills bilen inte startar — annonsen måste skapa behovet. Plus 12 V-inkoppling under huven = montering, som fäller 30 % av kontots förlorare.",False
-55.0,GREEN,?,True,,,v22/fas2/garage-fordon.json,garage-fordon,"12V Portable Battery Charger Maintainer for Car/RV/Boat/Motorcycle, Solar Panel Trickle Charger with Intelligent Charge ",Solcellsdriven underhållsladdare för bilen/båten/husvagnen som ställs av,606268404127104,https://www.temu.com/se/g-606268404127104.html,,40.0,ELIM,presence,FAIL,99,snippet+,23.0,,599.0,,,Biltema/Jula underhållsladdare och solcellsladdare 12 V,,599.0,,Står bilen still hela vintern?,Både hyllan och presens fäller den.,False
-55.0,GREEN,?,True,,,v22/fas2/garage-fordon.json,garage-fordon,"Portable 12V Battery Charger Maintainer, 10W Solar Panel Trickle Charger for Car/Truck/Tractor/Boat",Solcellsdriven underhållsladdare för bilen/båten/husvagnen som ställs av,601100101717390,https://www.temu.com/se/g-601100101717390.html,,40.0,ELIM,presence,FAIL,11,snippet,29.0,,789,,,Biltema/Jula underhållsladdare och solcellsladdare 12 V,,,,Står bilen still hela vintern?,Både hyllan och presens fäller den.,False
-55.0,GREEN,?,True,,,v22/fas2/garage-fordon.json,garage-fordon,"Automatic 12V Lead-Acid Battery Maintainer, Trickle Charger with Repair Function and Winter Mode (AGM/Gel/Standard)",Solcellsdriven underhållsladdare för bilen/båten/husvagnen som ställs av,605742656520855,https://www.temu.com/se/g-605742656520855.html,,40.0,ELIM,presence,FAIL,80,snippet,17.0,,463,,,Biltema/Jula underhållsladdare och solcellsladdare 12 V,,,,Står bilen still hela vintern?,Både hyllan och presens fäller den.,False
-55.0,GREEN,?,True,,,v22/fas2/garage-fordon.json,garage-fordon,20W 12V Solar Battery Trickle Charger Maintainer with Built-in MPPT Controller and Adjustable Mount Bracket,Solcellsdriven underhållsladdare för bilen/båten/husvagnen som ställs av,602300433152523,https://www.temu.com/se/g-602300433152523.html,,40.0,ELIM,presence,FAIL,99,snippet+,35.0,,953,,,Biltema/Jula underhållsladdare och solcellsladdare 12 V,,,,Står bilen still hela vintern?,Både hyllan och presens fäller den.,False
-55.0,GREEN,?,True,,,v22/fas2/garage-fordon.json,garage-fordon,20W Solar Panel 12V Battery Trickle Charger and Maintainer for RV/Vehicles,Solcellsdriven underhållsladdare för bilen/båten/husvagnen som ställs av,601100473066372,https://www.temu.com/se/g-601100473066372.html,,40.0,ELIM,presence,FAIL,7,snippet,16.0,,435,,,Biltema/Jula underhållsladdare och solcellsladdare 12 V,,,,Står bilen still hela vintern?,Både hyllan och presens fäller den.,False
-60.0,?,?,True,,,dataset(V2.1),handmaskiner,Bilateral Wheels For Electric Grass Trimmer Enhance Work Efficiency Easy Installation Lawn Mower Accessories,Eltrimmer — hjulpar,601099578269133,https://www.temu.com/se/g-601099578269133.html,,40.0,C,presence,Som 601099541368579,,,,,,Som 601099541368579 — EJ VERIFIERAD,,,,,,,Som 601099541368579,False
-60,?,PASS,True,,,v22/fas2/bat.json,bat,"One dark blue bimini top replacement cover, 600D marine canopy",bimini-soltak,601099546564561,https://www.temu.com/se/g-601099546564561.html,,,ELIM,presence,FAIL,,,,,,,,"vidaXL/VEVOR båtkapell 1 203–3 428 kr (PriceRunner, samma form)",1203.0,,,,"Soltak köps i maj, inte i oktober.",False
-60,?,PASS,True,,,v22/fas2/bat.json,bat,"Bimini boat cover, bimini top sunshade boat cover, universal",bimini-soltak,606009565232204,https://www.temu.com/se/g-606009565232204.html,,,ELIM,presence,FAIL,,,,,,,,"vidaXL/VEVOR båtkapell 1 203–3 428 kr (PriceRunner, samma form)",1203.0,,,,"Soltak köps i maj, inte i oktober.",False
-60,?,PASS,True,,,v22/fas2/bat.json,bat,900D Marine Grade Boat Bimini Top,bimini-soltak,606496154835704,https://www.temu.com/se/g-606496154835704.html,,,ELIM,presence,FAIL,,,53.18,,1447,,,"vidaXL/VEVOR båtkapell 1 203–3 428 kr (PriceRunner, samma form)",1203.0,,,,"Soltak köps i maj, inte i oktober.",False
-60,?,PASS,True,,,v22/fas2/bat.json,bat,"Beach fishing cart 200 lbs, marine cart, two 11 in balloon tires, 7 rod holders",hamnvagn-bryggvagn,601099711141015,https://www.temu.com/se/g-601099711141015.html,,,ELIM,presence,FAIL,,,,,,,,"Hopfällbara transportvagnar/skrindor 379–1 879 kr i svensk kanal (HOME It, tecta",379.0,,,,"Marknadsförs som strandvagn, säljs i varje svensk kedja som skrinda.",False
-60,?,PASS,True,,,v22/fas2/bat.json,bat,"Heavy duty fishing cart 350 lbs, aluminum pier wagon, 16 in PU balloon tires, 8 rod holders",hamnvagn-bryggvagn,601099756089537,https://www.temu.com/se/g-601099756089537.html,,,ELIM,presence,FAIL,,,,,,,,"Hopfällbara transportvagnar/skrindor 379–1 879 kr i svensk kanal (HOME It, tecta",379.0,,,,"Marknadsförs som strandvagn, säljs i varje svensk kedja som skrinda.",False
-60,?,PASS,True,,,v22/fas2/bat.json,bat,"Beach fishing cart wagon trolley, 12 in balloon wheels, 23x15 cargo deck, hand pump",hamnvagn-bryggvagn,602650665928088,https://www.temu.com/se/g-602650665928088.html,,,ELIM,presence,FAIL,,,,,,,,"Hopfällbara transportvagnar/skrindor 379–1 879 kr i svensk kanal (HOME It, tecta",379.0,,,,"Marknadsförs som strandvagn, säljs i varje svensk kedja som skrinda.",False
-60,?,PASS,True,,,v22/fas2/bat.json,bat,"Adjustable height aluminum beach cart, PVC balloon wheels, 15x15 deck",hamnvagn-bryggvagn,601099859946047,https://www.temu.com/se/g-601099859946047.html,,,ELIM,presence,FAIL,,,,,,,,"Hopfällbara transportvagnar/skrindor 379–1 879 kr i svensk kanal (HOME It, tecta",379.0,,,,"Marknadsförs som strandvagn, säljs i varje svensk kedja som skrinda.",False
-60,?,PASS,True,,,v22/fas2/bat.json,bat,"VEVOR beach cart, 13 in TPU balloon wheels, 165 lbs, aviation aluminium",hamnvagn-bryggvagn,601099580834784,https://www.temu.com/se/g-601099580834784.html,,,ELIM,presence,FAIL,,,,,,,,"Hopfällbara transportvagnar/skrindor 379–1 879 kr i svensk kanal (HOME It, tecta",379.0,,,,"Marknadsförs som strandvagn, säljs i varje svensk kedja som skrinda.",False
-60,?,PASS,True,,,v22/fas2/bat.json,bat,"Beach fishing cart balloon wheels, aluminium, 32x14 basket, anti-corrosion",hamnvagn-bryggvagn,601099661067233,https://www.temu.com/se/g-601099661067233.html,,,ELIM,presence,FAIL,,,,,,,,"Hopfällbara transportvagnar/skrindor 379–1 879 kr i svensk kanal (HOME It, tecta",379.0,,,,"Marknadsförs som strandvagn, säljs i varje svensk kedja som skrinda.",False
-60,?,PASS,True,,,v22/fas2/bat.json,bat,"14 oz portable dehumidifier box, odor absorber",fuktabsorbent-bat,603230822092933,https://www.temu.com/se/g-603230822092933.html,,,ELIM,object,FAIL,,,,,,,,1852 Marine Luftavfuktare,85.0,,,,Förbrukning + billigt svenskt ankare.,False
-60,?,PASS,True,,,v22/fas2/bat.json,bat,Heavy duty stainless steel 3-step telescoping pontoon boat ladder with handrails,badstege-bat,601100977083624,https://www.temu.com/se/g-601100977083624.html,,,ELIM,presence,FAIL,,,,,,,,"VEVOR teleskopisk hopfällbar båtstege rostfritt stål 728,92–1 513 kr (PriceRunne",728.0,,,,Badstege köps i juni; dessutom borrmontage.,False
-60,?,PASS,True,,,v22/fas2/bat.json,bat,Marine 4-step telescoping stainless steel folding swim platform ladder,badstege-bat,601099547063138,https://www.temu.com/se/g-601099547063138.html,,,ELIM,presence,FAIL,,,,,,,,"VEVOR teleskopisk hopfällbar båtstege rostfritt stål 728,92–1 513 kr (PriceRunne",728.0,,,,Badstege köps i juni; dessutom borrmontage.,False
-60,?,PASS,True,,,v22/fas2/bat.json,bat,3-step folding marine stainless steel telescopic ladder,badstege-bat,601099537194002,https://www.temu.com/se/g-601099537194002.html,,,ELIM,presence,FAIL,,,,,,,,"VEVOR teleskopisk hopfällbar båtstege rostfritt stål 728,92–1 513 kr (PriceRunne",728.0,,,,Badstege köps i juni; dessutom borrmontage.,False
-60,?,PASS,True,,,v22/fas2/bat.json,bat,"3-step stainless telescoping boat ladder, 900 lb, mounting hardware",badstege-bat,601103122971382,https://www.temu.com/se/g-601103122971382.html,,,ELIM,presence,FAIL,,,,,,,,"VEVOR teleskopisk hopfällbar båtstege rostfritt stål 728,92–1 513 kr (PriceRunne",728.0,,,,Badstege köps i juni; dessutom borrmontage.,False
-60,?,PASS,True,,,v22/fas2/bat.json,bat,"4-step heavy duty pontoon boat ladder, 600 lb, quick release brackets",badstege-bat,601102969034376,https://www.temu.com/se/g-601102969034376.html,,,ELIM,presence,FAIL,,,,,,,,"VEVOR teleskopisk hopfällbar båtstege rostfritt stål 728,92–1 513 kr (PriceRunne",728.0,,,,Badstege köps i juni; dessutom borrmontage.,False
-60,?,PASS,True,,,v22/fas2/bat.json,bat,"3-step telescopic stainless boat ladder with handrail, 400 lbs",badstege-bat,601099528916951,https://www.temu.com/se/g-601099528916951.html,,,ELIM,presence,FAIL,,,,,,,,"VEVOR teleskopisk hopfällbar båtstege rostfritt stål 728,92–1 513 kr (PriceRunne",728.0,,,,Badstege köps i juni; dessutom borrmontage.,False
-60,GREEN,?,True,,,v22/fas2/husvagn-mc.json,husvagn-mc,boat inflatable boat cover thick durable 420d marine grade oxford cloth,bat-kapell,601103523369213,https://www.temu.com/se/g-601103523369213.html,,,ELIM,object,FAIL,99,snippet+,49.0,,1334,,,,,,,,Bat — annat kluster (bat).,False
-60,GREEN,?,True,,,v22/fas2/bat.json,bat,Geometric pattern marine EVA deck pad,eva-dackmatta,605536766507649,https://www.temu.com/se/g-605536766507649.html,,,ELIM,presence,FAIL,2,snippet,28.49,,775,,,,,,,,"Limmas fast och köps när båten används, inte när den täcks; 499 kr ger bara 1,43–1,68×.",False
-60,GREEN,?,True,,,v22/fas2/bat.json,bat,Marine boat rail cup holder,mugghallare-bat,605795353740182,https://www.temu.com/se/g-605795353740182.html,,,ELIM,presence,FAIL,0,snippet,6.63,,180,,,,,,,,"Komfortdetalj i säsong, under priströskeln.",False
-60.0,?,?,True,,,v22/fas2/garage-fordon.json,garage-fordon,"7.5W/12W Solar Battery Maintainer, Portable Trickle Charger for Cars, Motorcycles, Boats, RVs, 12V",Solcellsdriven underhållsladdare för bilen/båten/husvagnen som ställs av,605853923034875,https://www.temu.com/se/g-605853923034875.html,,40.0,ELIM,presence,FAIL,,,22.0,,599.0,,,Biltema/Jula underhållsladdare och solcellsladdare 12 V,,599.0,,Står bilen still hela vintern?,Både hyllan och presens fäller den.,False
-60.0,GREEN,?,True,,,v22/fas2/garage-fordon.json,garage-fordon,"Car Wheel Stops for Garage, Heavy Duty Rubber Parking Guide with Reflective Strip",Hjulstopp i gummi för garaget,606051441166161,https://www.temu.com/se/g-606051441166161.html,,35.0,ELIM,object,FAIL,99,snippet+,7.0,,349.0,,,Biltema/Jula parkeringsstopp (ej prissatt denna körning),,349.0,,Kör du in i garageväggen?,Inomhusobjekt och latent behov.,False
-60,GREEN,?,True,,,v22/fas2/husvagn-mc.json,husvagn-mc,van bug screen for magnetic edge van bug net mesh screen curtain for rv rear and side door,myggnat-husbil,601101668500724,https://www.temu.com/se/g-601101668500724.html,,,ELIM,presence,FAIL,6,snippet,58.0,,1579,,,,,,,,Myggnat ar en sommarprodukt — under sex veckor av sasongen aterstar.,False
-60,GREEN,?,True,,,v22/fas2/husvagn-mc.json,husvagn-mc,window screen mesh insect proof screen net durable mosquito net and garden netting,gnagarskydd-ventil-husvagn,605652730619642,https://www.temu.com/se/g-605652730619642.html,,,ELIM,object,FAIL,22,snippet,5.0,,136,,,,,,,,Generellt fonsternat for hus och tradgard — inget agt fordonsobjekt.,False
-60,GREEN,?,True,,,v22/fas2/husvagn-mc.json,husvagn-mc,1 pack diy large size window screen mesh pet proof and mosquito insect resistant,gnagarskydd-ventil-husvagn,601101055193878,https://www.temu.com/se/g-601101055193878.html,,,ELIM,object,FAIL,99,snippet+,43.0,,1170,,,,,,,,Samma som ovan.,False
-60,GREEN,?,True,,,v22/fas2/husvagn-mc.json,husvagn-mc,xxl 210d heavy duty oxford waterproof cover for mobility scooters,promenadscooter-kapell,601101955324361,https://www.temu.com/se/g-601101955324361.html,,,ELIM,object,FAIL,99,snippet+,11.0,,299,,,,,,,,Promenadscooter-kapellet ar redan avgjort och ligger utanfor uppdraget.,False
-60,GREEN,?,True,,,v22/fas2/husvagn-mc.json,husvagn-mc,motorcycle windproof pu pants,moped-benskydd,601101057157862,https://www.temu.com/se/g-601101057157862.html,,,ELIM,object,FAIL,47,snippet,24.0,,653,,,,,,,,Byxor — personlig passform och mode.,False
-60,GREEN,?,True,,,v22/fas2/husvagn-mc.json,husvagn-mc,heavy duty 210d waterproof boat cover fishing ski v hull anti uv,bat-kapell,601099629066796,https://www.temu.com/se/g-601099629066796.html,,,ELIM,object,FAIL,99,snippet+,20.0,,544,,,,,,,,Bat — annat kluster.,False
-60,GREEN,?,True,,,v22/fas2/husvagn-mc.json,husvagn-mc,adjustable trailer guides trailer guide poles l shaped galvanized for ski boat fishing,battrailer,601100151952479,https://www.temu.com/se/g-601100151952479.html,,,ELIM,object,FAIL,99,snippet+,49.0,,1334,,,,,,,,Battrailer — annat kluster (bat).,False
-60,GREEN,?,True,,,v22/fas2/husvagn-mc.json,husvagn-mc,bike storage shed tent gardening tool shed outdoor portable bicycle storage 210d oxford pu4000,forvaringstalt,606076808339876,https://www.temu.com/se/g-606076808339876.html,,,ELIM,object,FAIL,22,snippet,32.0,,871,,,,,,,,"Ett talt som ska resas — montering och inlarning, och objektet ar cykeln.",False
-60,GREEN,?,True,,,v22/fas2/husvagn-mc.json,husvagn-mc,tailgate wing cover sun protection van 180 x 150cm,skapbilens-baklucka,601102571107250,https://www.temu.com/se/g-601102571107250.html,,,ELIM,object,FAIL,99,snippet+,37.0,,1007,,,,,,,,"Solskydd for en skapbils oppna baklucka — inte husvagn, inte slap.",False
-60,GREEN,?,True,,,v22/fas2/husvagn-mc.json,husvagn-mc,car windshield sun shade foldable windshield sun shade,bilens-vindruta,601103793387530,https://www.temu.com/se/g-601103793387530.html,,,ELIM,object,FAIL,99,snippet+,7.0,,191,,,,,,,,Bilsolskydd — kedjevara och fel objekt.,False
-60,GREEN,?,True,,,v22/fas2/husvagn-mc.json,husvagn-mc,fit full coverage pu leather car seat covers for cars suvs and pick,atv-sadeloverdrag,601100285645021,https://www.temu.com/se/g-601100285645021.html,,,ELIM,object,FAIL,49,snippet,49.0,,1334,,,,,,,,Bilsatesoverdrag — fangades av ATV-sokningen.,False
-60,GREEN,?,True,,,v22/fas2/husvagn-mc.json,husvagn-mc,pet car rear seat cover 600d thick and durable with side wings hammock,atv-sadeloverdrag,606536285965386,https://www.temu.com/se/g-606536285965386.html,,,ELIM,object,FAIL,8,snippet,16.0,,435,,,,,,,,Husdjursskydd for bil.,False
-60,GREEN,?,True,,,v22/fas2/husvagn-mc.json,husvagn-mc,car seat cover thick cushion seat cover under car seat 600d waterproof and anti slip,atv-sadeloverdrag,601100076850853,https://www.temu.com/se/g-601100076850853.html,,,ELIM,object,FAIL,54,snippet,12.0,,327,,,,,,,,Bilsatesoverdrag.,False
-60,GREEN,?,True,,,v22/fas2/husvagn-mc.json,husvagn-mc,heavy duty car seat covers fit rear seat protector with elastic straps,atv-sadeloverdrag,601100772183218,https://www.temu.com/se/g-601100772183218.html,,,ELIM,object,FAIL,30,snippet,17.0,,463,,,,,,,,Bilsatesoverdrag.,False
-60,GREEN,?,True,,,v22/fas2/husvagn-mc.json,husvagn-mc,53in bench back seat cover for cars trucks suvs waterproof,atv-sadeloverdrag,601101322253896,https://www.temu.com/se/g-601101322253896.html,,,ELIM,object,FAIL,99,snippet+,15.0,,408,,,,,,,,Bilsatesoverdrag.,False
-60,GREEN,?,True,,,v22/fas2/husvagn-mc.json,husvagn-mc,seat covers waterproof seat covers for cars for honda for toyota camry corolla,atv-sadeloverdrag,601103040500656,https://www.temu.com/se/g-601103040500656.html,,,ELIM,object,FAIL,96,snippet,20.0,,544,,,,,,,,Bilsatesoverdrag.,False
-60,GREEN,?,True,,,v22/fas2/husvagn-mc.json,husvagn-mc,organizer folding storage box cars trucks suvs,bilinredning,601101297714570,https://www.temu.com/se/g-601101297714570.html,,,ELIM,object,FAIL,99,snippet+,6.0,,163,,,,,,,,Bilinredning.,False
-65.0,?,?,True,,,dataset(V2.1),bat,"Outboard tiller handle extension, aluminium, 62–82 cm",Rorkultsmotor,601099876638963,https://www.temu.com/se/g-601099876638963.html,,35.0,ELIM,presence,används på sjön — säsongen är slut i sept–okt,,,,,,ej kollad,,,,,,,säsong,False
-65.0,?,?,True,,,dataset(V2.1),garage,"4pcs Set: charging port rain cover PVC, foldable, hook-and-loop + storage bag",Elbilens laddport,605881504744584,https://www.temu.com/se/g-605881504744584.html,,35.0,ELIM,negative_space,,,,,,,,,,,,,,Formen ser billigare ut än den improviserade lösningen,False
-65,?,?,True,,,dataset(V2.1),jakt,2pcs classic neoprene gun stock covers / pull-on recoil pads (ur sökträff),Gevärskolven,601099590111540,https://www.temu.com/se/g-601099590111540.html,,,ELIM,object,Passform mot kolven + rör skjutupplevelsen (rekyl) = vapenfunktion/förtroende. Uteslutet enligt uppdraget.,,,,,,,,,,,,,Vapenfunktion.,False
-65,?,?,True,,,dataset(V2.1),jakt,Adjustable dog suspenders boots / paw protector boot pants (ur sökträff),Hundens tassar,601099543622514,https://www.temu.com/se/g-601099543622514.html,,,ELIM,object,Passform per hund (skostorlek för hund) + inlärning för hunden = personlig passform.,,,,,,,,,,,,,Passform.,False
-65,?,?,True,,,dataset(V2.1),jakt,"Hunting tree stand blind / camo blind cover with zipper, frames not included (ur sökträff)",Jakttornet (amerikansk ladder stand),601099559253143,https://www.temu.com/se/g-601099559253143.html,,,ELIM,presence,Svenska jakttorn är byggda med väggar; camo-kjolen löser ett amerikanskt ladder-stand-problem som inte finns här.,,,,,,,,,,,,,Fel torn-form för Sverige.,False
-65,?,?,True,,,dataset(V2.1),mc,,"universellt MC-sätesöverdrag (PU-läder, vattentätt)",601099527332849,https://www.temu.com/se/g-601099527332849.html,,,ELIM,object,kategorin finns redan i butiken (MC-sätesöverdrag camo) — inte ny,,,,,,,,,,,,,dubblett,False
-65,?,?,True,,,v22/fas2/bat.json,bat,"Bell boat steering wheel cover, microfiber leather, 13-13.5 inch, marine steering gear",ratt-overdrag-bat,601104018674339,https://www.temu.com/se/g-601104018674339.html,,,ELIM,presence,FAIL,,,,,,,,,,,,,"Ingen höstfriktion, för lågt pris.",False
-65,?,?,True,,,v22/fas2/bat.json,bat,Rodent repellent 8-pack for house/car/RV/boat/garage/shed/cabin,gnagarskydd-vinterforvarad-bat,603145124056199,https://www.temu.com/se/g-603145124056199.html,,,ELIM,object,FAIL,,,,,,,,,,,,Har du haft möss i båten?,Förbrukningsvara — utesluten i gate 1.,False
-65,?,?,True,,,v22/fas2/bat.json,bat,"Mouse repellent pouches cinnamon/peppermint, pack of 10",gnagarskydd-vinterforvarad-bat,602556377962741,https://www.temu.com/se/g-602556377962741.html,,,ELIM,object,FAIL,,,,,,,,,,,,Har du haft möss i båten?,Förbrukningsvara — utesluten i gate 1.,False
-65,?,?,True,,,v22/fas2/bat.json,bat,"Rodent repellent 12-pack, outdoor mouse repellent",gnagarskydd-vinterforvarad-bat,603082847003028,https://www.temu.com/se/g-603082847003028.html,,,ELIM,object,FAIL,,,,,,,,,,,,Har du haft möss i båten?,Förbrukningsvara — utesluten i gate 1.,False
-65,?,?,True,,,v22/fas2/bat.json,bat,Under hood ultrasonic rodent repeller 12V with strobe light,gnagarskydd-vinterforvarad-bat,601099515454774,https://www.temu.com/se/g-601099515454774.html,,,ELIM,object,FAIL,,,,,,,,,,,,Har du haft möss i båten?,Förbrukningsvara — utesluten i gate 1.,False
-65,?,?,True,,,v22/fas2/bat.json,bat,10 pcs natural peppermint rodent repellent balls,gnagarskydd-vinterforvarad-bat,601099513944144,https://www.temu.com/se/g-601099513944144.html,,,ELIM,object,FAIL,,,,,,,,,,,,Har du haft möss i båten?,Förbrukningsvara — utesluten i gate 1.,False
-65,?,?,True,,,v22/fas2/bat.json,bat,"Upgraded boat storage bag, nylon mesh gear organizer",forvaringsnat-ombord,601099603066244,https://www.temu.com/se/g-601099603066244.html,,,ELIM,object,FAIL,,,,,,,,,,,,,Nät utan ägt objekt och utan höstfriktion; under priströskeln.,False
-65.0,GREEN,?,True,,,v22/fas2/garage-fordon.json,garage-fordon,"Containment Garage Floor Mat 9x18 ft, Non-Slip PVC, Heavy Duty Waterproof with Cleaning Squeegee",Uppsamlingsmatta för garagegolvet,602812431837905,https://www.temu.com/se/g-602812431837905.html,,30.0,ELIM,object,FAIL,16,snippet,59.0,,1606,,,,,,,Droppar bilen olja på garagegolvet?,Landad kostnad 616–722 kr → svenskt pris över 1 000 kr-taket.,False
-65,?,?,True,,,v22/fas2/husvagn-mc.json,husvagn-mc,rv roof vent skylight insulation cover rv ventilation sunshade fabric 16 x 16 inches,takluckeskydd-husvagn,605753796575505,https://www.temu.com/se/g-605753796575505.html,,,ELIM,presence,FAIL,,,,,,,,,,,,,"Invandig isolermatta — payoffen syns inte utifran och friktionen ar sommarvarme, inte hostuppstallning.",False
-65,?,?,True,,,v22/fas2/husvagn-mc.json,husvagn-mc,mountain bike basket foldable iron rack basket suitable for rear rack,atv-lastkorg,601100410926931,https://www.temu.com/se/g-601100410926931.html,,,ELIM,object,FAIL,,,27.0,,735,,,,,,,,Cykelkorg — fangades av ATV-sokningen men ar fel objekt.,False
-65,?,?,True,,,v22/fas2/husvagn-mc.json,husvagn-mc,foldable bike basket for front rear rack heavy duty bicycle cargo basket,atv-lastkorg,606436964831398,https://www.temu.com/se/g-606436964831398.html,,,ELIM,object,FAIL,,,,,,,,,,,,,Samma som ovan.,False
-65,?,?,True,,,v22/fas2/husvagn-mc.json,husvagn-mc,motorcycle bicycle handlebar bag utv roll bar storage bag,atv-forvaring,605725090757869,https://www.temu.com/se/g-605725090757869.html,,,ELIM,object,FAIL,,,23.0,,626,,,,,,,,Ligger i samma familj som den redan avgjorda bakvaskan/hardboxen for ATV — foreslas inte igen.,False
-65,?,?,True,,,v22/fas2/husvagn-mc.json,husvagn-mc,6pcs heavy duty furniture moving system with locking wheel dolly lifter jacks,rangerhjalp,601103385974215,https://www.temu.com/se/g-601103385974215.html,,,ELIM,object,FAIL,,,49.0,,1334,,,,,,,,Mobelvagnar — fel objekt.,False
-65,?,?,True,,,v22/fas2/husvagn-mc.json,husvagn-mc,heavy duty thick oxford car pet back seat cover with anti slip base,atv-sadeloverdrag,605585957325036,https://www.temu.com/se/g-605585957325036.html,,,ELIM,object,FAIL,,,,,,,,,,,,,Bilsatesoverdrag.,False
-65,?,?,True,,,v22/fas2/husvagn-mc.json,husvagn-mc,1pc foldable seat cushion moisture proof portable outdoor travel mat,atv-sadeloverdrag,601101411747476,https://www.temu.com/se/g-601101411747476.html,,,ELIM,object,FAIL,,,3.0,,82,,,,,,,,Sittdyna for picknick.,False
-65,?,?,True,,,v22/fas2/husvagn-mc.json,husvagn-mc,waterproof car back seat protector organizer 2 pack anti kick scratch resistant,atv-sadeloverdrag,606218122799927,https://www.temu.com/se/g-606218122799927.html,,,ELIM,object,FAIL,,,6.0,,163,,,,,,,,Bilinredning.,False
-65,?,?,True,,,v22/fas2/husvagn-mc.json,husvagn-mc,car trash can door side lid storage bucket mini storage bag,bilinredning,605860097056883,https://www.temu.com/se/g-605860097056883.html,,,ELIM,object,FAIL,,,3.0,,82,,,,,,,,Bilinredning.,False
-65,?,?,True,,,v22/fas2/husvagn-mc.json,husvagn-mc,2in 1 outdoor propane fire pit table with tank 30 round gas firepit table,gasoltuben,605773056866353,https://www.temu.com/se/g-605773056866353.html,,,ELIM,object,FAIL,,,,,,,,,,,,,Eldkorg — annat kluster (tomt).,False
-65,?,?,True,,,v22/fas2/husvagn-mc.json,husvagn-mc,1 pack zao mei heavy duty wall mounted backpack blower chainsaw rack storage organizer,verktygshallare,601103991683486,https://www.temu.com/se/g-601103991683486.html,,,ELIM,object,FAIL,,,,,,,,,,,,,"Vaggfaste for lovblas — annat kluster (garage/handmaskiner), och objektet forvaras inomhus.",False
-67.0,GREEN,?,True,,,v22/fas2/garage-fordon.json,garage-fordon,"Car Headlight Restoration Kit, 3-inch Polishing Sanding Discs with 1/4-inch Shank Backing Pad, Scouring Pads, Buffing Sp",Renoveringskit för matta strålkastare,601100354817732,https://www.temu.com/se/g-601100354817732.html,,28.0,ELIM,object,FAIL,11,snippet,8.0,,218,,,,,,,Har du matta strålkastare?,Kit + förbrukning + inlärning: tre punkter i den negativa rymden samtidigt.,False
-67.0,WARN,PASS,True,,,v22/fas2/maskiner.json,maskiner,"1pc Lawn Mower Tractor Cover, Waterproof UV-Resistant Storage Slip on Cover, with Deck Up to 72 inch, for Outdoor Patio ",Överdrag/skyddskapell till åkgräsklippare och trädgårdstraktor inför vinteravställningen,601099657089146,https://www.temu.com/se/g-601099657089146.html,,38.0,C,object,FAIL,742,snippet,8.41,,399.0,,,Husqvarna Rider Cover 5056308-70 (PriceRunner),849.0,399.0,,Ska åkgräsklipparen stå ute i vinter?,"Nästan exakt kontots bevisade förlorare gräsklippartäcket, en storlek större. Bäst ekonomi i hela klustret och starkast social proof - och ändå ute i gate 1 och 3.",False
-70.0,?,?,True,,,dataset(V2.1),bat,2 pack bungee dock lines 4 ft,Förtöjning vid brygga,601100094895279,https://www.temu.com/se/g-601100094895279.html,,30.0,ELIM,presence,förtöjningssäsongen är slut i sept–okt; båten tas upp,,,,,,ej kollad — föll tidigare,,,,,,,redan förlorad kategori + fel säsong,False
-70.0,?,PASS,True,,,dataset(V2.1),bat,"Edge dock bumper, straight, 152 cm, white",Bryggkant,601100138956507,https://www.temu.com/se/g-601100138956507.html,,25.0,ELIM,presence,"bryggsäsongen är slut — båten tas upp, bryggan tas upp eller står tom",,,,,,"PR: bryggfender 1000+ (Polyform 369 kr, Dan-Fender 463 kr 4 butiker, OEM 979 kr ",369.0,Polyform bryggfender,369.0,,,,säsong,False
-70.0,?,?,True,,,dataset(V2.1),bat,"Wall mount kayak storage rack, 70 kg, paddle holder",Kajak i garage/under altan,601099614786727,https://www.temu.com/se/g-601099614786727.html,,30.0,ELIM,object,objektet förvaras inomhus när stället används — 0/9 vinnare,,,,,,"PR: VEVOR kajakställ 961 kr, vidaXL förvaringsställ 1 874 kr (3 butiker)",,,,,,,inomhus + montering,False
-70.0,?,?,True,,,dataset(V2.1),handmaskiner,53 Inch Portable Survival Chainsaw Kit Double Sided Teeth Hand Rope Saw With 72 Sharp Blades High Speed Steel Manual Poc,Höga grenar på tomtens träd — repsåg som kastas över grenen,601099621198951,https://www.temu.com/se/g-601099621198951.html,,30.0,ELIM,object,'15 piece set … survival … gloves … carrying bag' = kit i survival-flöde; kategori nära hopfällbar såg (förlorare),,,,,,Ej sökt — föll i gate 1,,,,,,,Kit + survival-kodad,False
-70.0,GREEN,?,True,,,dataset(V2.1),mc,"Snowmobile Tow Strap, Snow Vehicle Trailer Strap, Sled Towing Rope","bogserlina snöskoter (3 m, karbinhake, reflexband)",601099587878841,https://www.temu.com/se/g-601099587878841.html,,25.0,ELIM,presence,säsongen börjar i december; > 6 veckor bort och problemet ligger i framtiden,1,snippet,,,,skoterbutiker; Biltema bogserlina generisk,,,,,,,säsong,False
-71.0,GREEN,?,True,,,v22/fas2/jakt.json,jakt,"High power 8-LED 365nm UV flashlight, USB rechargeable, for pet urine detection, resin curing, minerals, blood tracking,",Ljus for eftersok och blodspar i morker,601099831702835,https://www.temu.com/se/g-601099831702835.html,,24.0,ELIM,object,FAIL,99,snippet+,19.0,,399.0,,,"Handstralkastare, pannlampor och UV-lampor ar commodity hos Biltema, Jula och Cl",,399.0,,Gor du eftersok i morkret varje host?,"Titeln saljer samma lampa till husdjursagare, harts-hobbyister och mineraljagare. Ingen agarfraga gar att stalla.",False
-71.0,GREEN,?,True,,,v22/fas2/jakt.json,jakt,"High power 350 yards flashlight with remote control switch, green/white light for fishing, camping and beekeeping, 18650",Ljus for eftersok och blodspar i morker,601099886253200,https://www.temu.com/se/g-601099886253200.html,,24.0,ELIM,object,FAIL,99,snippet+,23.0,,399.0,,,"Handstralkastare, pannlampor och UV-lampor ar commodity hos Biltema, Jula och Cl",,399.0,,Gor du eftersok i morkret varje host?,"Titeln saljer samma lampa till husdjursagare, harts-hobbyister och mineraljagare. Ingen agarfraga gar att stalla.",False
-73.0,GREEN,?,True,,,v22/fas2/maskiner.json,maskiner,XSLRDKE Gas Transfer Siphon Pump Gasoline Hose Oil Water Fuel Transfer Pump,Bränslepump/sifon för att tappa av bensinen ur trädgårdsmaskinerna inför vinterförvaringen,601099572657165,https://www.temu.com/se/g-601099572657165.html,,22.0,ELIM,presence,FAIL,131,snippet,5.2,,299.0,,,,,299.0,,Står det bensin kvar i gräsklipparen?,"Skadan ligger i april, inte i oktober - kranskyddsfällan.",False
-73.0,GREEN,?,True,,,v22/fas2/maskiner.json,maskiner,Fuel Transfer Pump Manual Suction Pump Hand Water Transfer Pump with PVC Delivery Hose,Bränslepump/sifon för att tappa av bensinen ur trädgårdsmaskinerna inför vinterförvaringen,601099545733200,https://www.temu.com/se/g-601099545733200.html,,22.0,ELIM,presence,FAIL,5,snippet,4.15,,299.0,,,,,299.0,,Står det bensin kvar i gräsklipparen?,"Skadan ligger i april, inte i oktober - kranskyddsfällan.",False
-73.0,GREEN,?,True,,,v22/fas2/maskiner.json,maskiner,"Portable Automatic Liquid Transfer Pump, 2.2GPM Gasoline Transfer, Hanging Design, Pressure Handle & 35in Extra Long Hos",Bränslepump/sifon för att tappa av bensinen ur trädgårdsmaskinerna inför vinterförvaringen,605768157869266,https://www.temu.com/se/g-605768157869266.html,,22.0,ELIM,presence,FAIL,12,snippet,10.73,,349.0,,,,,349.0,,Står det bensin kvar i gräsklipparen?,"Skadan ligger i april, inte i oktober - kranskyddsfällan.",False
-73.0,GREEN,?,True,,,v22/fas2/maskiner.json,maskiner,"Portable Battery/USB Charging Siphon Pump for Transporting Gasoline, Fuel Oil. Flow 2.4/3.2 Gallons Per Minute",Bränslepump/sifon för att tappa av bensinen ur trädgårdsmaskinerna inför vinterförvaringen,605783139917266,https://www.temu.com/se/g-605783139917266.html,,22.0,ELIM,presence,FAIL,43,snippet,13.63,,399.0,,,,,399.0,,Står det bensin kvar i gräsklipparen?,"Skadan ligger i april, inte i oktober - kranskyddsfällan.",False
-73.0,GREEN,?,True,,,v22/fas2/maskiner.json,maskiner,"Gas Siphon Pump for Gasoline, Multi-Use Fluid Transfer Pump, Oil Liquid Siphon Pumps, Multifunction Hand Inflation Pumps",Bränslepump/sifon för att tappa av bensinen ur trädgårdsmaskinerna inför vinterförvaringen,605806426715776,https://www.temu.com/se/g-605806426715776.html,,22.0,ELIM,presence,FAIL,2,snippet,14.61,,399.0,,,,,399.0,,Står det bensin kvar i gräsklipparen?,"Skadan ligger i april, inte i oktober - kranskyddsfällan.",False
-74.0,?,?,True,,,v22/fas2/jakt.json,jakt,"Heavy duty dog crate cover for large dogs, insulated windproof rainproof kennel cover with breathable side window, Oxfor",Isolerat overdrag / kapell till hundburen,601100672308923,https://www.temu.com/se/g-601100672308923.html,,26.0,ELIM,object,FAIL,,,,,449.0,,,Shopit listar 50 st hundbilbursoverdrag (jamforelsehandlad); Hylte Burar & grind,,449.0,,Fryser hunden i buren pa jakten?,"Formen ar gjord for gallerbur, inte for svensk aluminiumbilbur, och burmatt ar ett matt agaren maste ta.",False
-74.0,?,?,True,,,v22/fas2/jakt.json,jakt,"38 inch heavy duty insulated dog crate cover, 600D polyester kennel cover with adjustable straps and ventilation mesh",Isolerat overdrag / kapell till hundburen,601103419994662,https://www.temu.com/se/g-601103419994662.html,,26.0,ELIM,object,FAIL,,,,,449.0,,,Shopit listar 50 st hundbilbursoverdrag (jamforelsehandlad); Hylte Burar & grind,,449.0,,Fryser hunden i buren pa jakten?,"Formen ar gjord for gallerbur, inte for svensk aluminiumbilbur, och burmatt ar ett matt agaren maste ta.",False
-74.0,?,?,True,,,v22/fas2/jakt.json,jakt,"1pc crate cover for dog crate, waterproof dog kennel cover",Isolerat overdrag / kapell till hundburen,601099537024619,https://www.temu.com/se/g-601099537024619.html,,26.0,ELIM,object,FAIL,,,,,449.0,,,Shopit listar 50 st hundbilbursoverdrag (jamforelsehandlad); Hylte Burar & grind,,449.0,,Fryser hunden i buren pa jakten?,"Formen ar gjord for gallerbur, inte for svensk aluminiumbilbur, och burmatt ar ett matt agaren maste ta.",False
-74.0,?,?,True,,,v22/fas2/jakt.json,jakt,"Waterproof dog crate cover, durable polyester pet kennel cover, universal fit for wire dog crate",Isolerat overdrag / kapell till hundburen,601099518108983,https://www.temu.com/se/g-601099518108983.html,,26.0,ELIM,object,FAIL,,,,,449.0,,,Shopit listar 50 st hundbilbursoverdrag (jamforelsehandlad); Hylte Burar & grind,,449.0,,Fryser hunden i buren pa jakten?,"Formen ar gjord for gallerbur, inte for svensk aluminiumbilbur, och burmatt ar ett matt agaren maste ta.",False
-75.0,?,PASS,True,,,dataset(V2.1),bat,"Dock stairs, adjustable aluminium dock ladder with handrails",Brygga,601099596740532,https://www.temu.com/se/g-601099596740532.html,,20.0,ELIM,presence,badsäsongen är slut,,,,,,"PR: bryggstege 43 produkter (Laggo 1 199 kr 6 butiker, Seatec 1 689 kr)",1199.0,Laggo bryggstege,1199.0,,,,säsong + pris,False
-75.0,?,?,True,,,dataset(V2.1),djur,,utekatt — eluppvärmd koja,603019672432129,https://www.temu.com/se/g-603019672432129.html,,25.0,ELIM,object,"Elvärme i utomhuskoja = säkerhets-/förtroendeprodukt (brand, kabel ute på vintern) — utanför klustrets regel 'inget som kräver förtroende'",,,,,,,,,,,,,"Elvärme i utomhuskoja = säkerhets-/förtroendeprodukt (brand, kabel ute på vintern) — utanför klustrets regel 'inget som kräver förtroende'",False
-75.0,?,?,True,,,dataset(V2.1),djur,,utekranen — automatisk vattenskål på slangkoppling (hund/boskap),601100832469026,https://www.temu.com/se/g-601100832469026.html,,25.0,ELIM,presence,Kopplas på utekranen som stängs och töms i oktober — säsongen tar slut i launchmånaden; inte frostfri,,,,,,,,,,,,,Kopplas på utekranen som stängs och töms i oktober — säsongen tar slut i launchmånaden; inte frostfri,False
-75.0,?,?,True,,,dataset(V2.1),garage,"Universal Weatherproof Charging Station Cover, wall-mounted EV charger protection, snow-resistant",Laddboxen (wallbox) på husväggen,601099833079073,https://www.temu.com/se/g-601099833079073.html,,25.0,ELIM,presence,Annonsen måste skapa behovet: en laddbox tar ingen synlig skada av regn. Latent behov = 55 % av förlorarna,,,,,,,,,,,,,Kranskyddsmönstret: skydd mot skada ingen ser,False
-75.0,?,PASS,True,,,dataset(V2.1),grasklippare,"Trailer towing hitch for lawn mower/garden tractor 'Pro Hi Hitch', John Deere/Husqvarna",Åkgräsklippare (bakre chassi),601099865900714,https://www.temu.com/se/g-601099865900714.html,,20.0,ELIM,presence,Behovet är latent — kroken löser inget ägaren ser i oktober; annonsen måste skapa det (kärra först),,,,,,Pricerunner: Husqvarna Upphängningskrok 176 kr; solo by AL-KO 571; Alpina 592; S,176.0,Stiga Dragkrok Tornado,749.0,,,,—,False
-75.0,?,PASS,True,,,dataset(V2.1),grasklippare,"Zero-turn lawn mower trailer tow hitch, universal fit 42/50/54",Åkgräsklippare (bakre chassi),601099675095010,https://www.temu.com/se/g-601099675095010.html,,20.0,ELIM,presence,Behovet är latent — kroken löser inget ägaren ser i oktober; annonsen måste skapa det (kärra först),,,,,,Pricerunner: Husqvarna Upphängningskrok 176 kr; solo by AL-KO 571; Alpina 592; S,176.0,Stiga Dragkrok Tornado,749.0,,,,—,False
-75.0,?,PASS,True,,,dataset(V2.1),grasklippare,Bolt-on 2-inch hitch receiver tube for lawn tractor,Åkgräsklippare (bakre chassi),601099593324713,https://www.temu.com/se/g-601099593324713.html,,20.0,ELIM,presence,Behovet är latent — kroken löser inget ägaren ser i oktober; annonsen måste skapa det (kärra först),,,,,,Pricerunner: Husqvarna Upphängningskrok 176 kr; solo by AL-KO 571; Alpina 592; S,176.0,Stiga Dragkrok Tornado,749.0,,,,—,False
-75.0,?,?,True,,,dataset(V2.1),hus,"Outdoor Unit Air Conditioning Cover for Winter, waterproof windproof snowproof","luftvärmepumpens utedel (1 M+ svenska hus; står ute, går hela vintern)",601099541516375,https://www.temu.com/se/g-601099541516375.html,,25.0,ELIM,presence,helöverdraget är för AC-aggregat som står AV på vintern; en svensk luftvärmepump går hela vintern och får inte täckas (kväver luftflödet). Annonsen skulle skapa ett skadligt behov. Snö/is kommer dessutom först nov–dec i söder,,,,,,Bygghemma (fackhandel),,värmepumpstak (fackhandel),,,,,Kunden täcker en pump i drift och ringer arg i december,False
-75.0,?,?,True,,,dataset(V2.1),hus,"Outdoor Unit Air Conditioner Cover 30x30x32 in, winter waterproof snowproof","luftvärmepumpens utedel (1 M+ svenska hus; står ute, går hela vintern)",601099520504633,https://www.temu.com/se/g-601099520504633.html,,25.0,ELIM,presence,helöverdraget är för AC-aggregat som står AV på vintern; en svensk luftvärmepump går hela vintern och får inte täckas (kväver luftflödet). Annonsen skulle skapa ett skadligt behov. Snö/is kommer dessutom först nov–dec i söder,,,,,,Bygghemma (fackhandel),,värmepumpstak (fackhandel),,,,,Kunden täcker en pump i drift och ringer arg i december,False
-75.0,?,?,True,,,dataset(V2.1),hus,"Heavy Duty All-Weather Outdoor AC Unit Cover 28x28, open mesh top","luftvärmepumpens utedel (1 M+ svenska hus; står ute, går hela vintern)",601103031854369,https://www.temu.com/se/g-601103031854369.html,,25.0,ELIM,presence,helöverdraget är för AC-aggregat som står AV på vintern; en svensk luftvärmepump går hela vintern och får inte täckas (kväver luftflödet). Annonsen skulle skapa ett skadligt behov. Snö/is kommer dessutom först nov–dec i söder,,,,,,Bygghemma (fackhandel),,värmepumpstak (fackhandel),,,,,Kunden täcker en pump i drift och ringer arg i december,False
-75.0,?,?,True,,,dataset(V2.1),hus,"Air Conditioner External Protective Cover, rainproof windproof anti-drip","luftvärmepumpens utedel (1 M+ svenska hus; står ute, går hela vintern)",601099555142366,https://www.temu.com/se/g-601099555142366.html,,25.0,ELIM,presence,helöverdraget är för AC-aggregat som står AV på vintern; en svensk luftvärmepump går hela vintern och får inte täckas (kväver luftflödet). Annonsen skulle skapa ett skadligt behov. Snö/is kommer dessutom först nov–dec i söder,,,,,,Bygghemma (fackhandel),,värmepumpstak (fackhandel),,,,,Kunden täcker en pump i drift och ringer arg i december,False
-75.0,?,?,True,,,dataset(V2.1),hus,All-Weather Outdoor Air Conditioner Cover protects from rain sun dust,"luftvärmepumpens utedel (1 M+ svenska hus; står ute, går hela vintern)",601099591137437,https://www.temu.com/se/g-601099591137437.html,,25.0,ELIM,presence,helöverdraget är för AC-aggregat som står AV på vintern; en svensk luftvärmepump går hela vintern och får inte täckas (kväver luftflödet). Annonsen skulle skapa ett skadligt behov. Snö/is kommer dessutom först nov–dec i söder,,,,,,Bygghemma (fackhandel),,värmepumpstak (fackhandel),,,,,Kunden täcker en pump i drift och ringer arg i december,False
-75.0,?,?,True,,,dataset(V2.1),hus,"Outdoor Air Conditioner Sun Shade Cover, heat insulation and snow protection, metal mesh (UTSÅLD på /se, WebFetch 2026-0","luftvärmepumpens utedel (1 M+ svenska hus; står ute, går hela vintern)",601099638696156,https://www.temu.com/se/g-601099638696156.html,,25.0,ELIM,presence,helöverdraget är för AC-aggregat som står AV på vintern; en svensk luftvärmepump går hela vintern och får inte täckas (kväver luftflödet). Annonsen skulle skapa ett skadligt behov. Snö/is kommer dessutom först nov–dec i söder,,,,,,Bygghemma (fackhandel),,värmepumpstak (fackhandel),,,,,Kunden täcker en pump i drift och ringer arg i december,False
-75.0,?,?,True,,,dataset(V2.1),mc,,"bogserlina 2-pack 17,5 ft med krokar (skoter)",601099865221882,https://www.temu.com/se/g-601099865221882.html,,25.0,ELIM,presence,säsong december,,,,,,,,,,,,,säsong,False
-75.0,?,PASS,True,,,dataset(V2.1),pool,"Hot tub table, adjustable hot tub tray with 2 cup holders, non-slip, for above-ground bathtub/spa with wall thickness 2–",Kanten på uppblåsbart spa,601099643340514,https://www.temu.com/se/g-601099643340514.html,,20.0,ELIM,presence,Behovet måste skapas (want).,,,,,,"Spabadsbutiken (Poolbar 399–899 kr, Kirami flytande bar 399 kr)",399.0,Poolbar,769.0,,,,"Want, inte need.",False
-75.0,?,?,True,,,dataset(V2.1),vatten,rain barrel diverter kit fits 2x3 standard gutter downspout (uk),Stuprör + regntunna,601100436936733,https://www.temu.com/se/g-601100436936733.html,,25.0,ELIM,presence,"Regnet finns, men önskan att samla vatten är vår/sommar; i oktober kopplar man ur tunnan inför frost",,,,,,"Biltema/Jula (regnvattenavledare/regnsamlare, obekräftat minne)",,,,,,,Säsong + hylla + passform.,False
-75.0,?,?,True,,,dataset(V2.1),vatten,rainwater collection downpipe diverter water butt kit 2x3 (uk),Stuprör + regntunna,601099609413954,https://www.temu.com/se/g-601099609413954.html,,25.0,ELIM,presence,"Regnet finns, men önskan att samla vatten är vår/sommar; i oktober kopplar man ur tunnan inför frost",,,,,,"Biltema/Jula (regnvattenavledare/regnsamlare, obekräftat minne)",,,,,,,Säsong + hylla + passform.,False
-75.0,?,?,True,,,dataset(V2.1),vatten,outdoor rain collection system downspout diverter 2x3/3x4 with mesh,Stuprör + regntunna,601104885518461,https://www.temu.com/se/g-601104885518461.html,,25.0,ELIM,presence,"Regnet finns, men önskan att samla vatten är vår/sommar; i oktober kopplar man ur tunnan inför frost",,,,,,"Biltema/Jula (regnvattenavledare/regnsamlare, obekräftat minne)",,,,,,,Säsong + hylla + passform.,False
-75.0,?,?,True,,,dataset(V2.1),vatten,rain diverter and spigot kit for 2x3 downspout,Stuprör + regntunna,601103603861161,https://www.temu.com/se/g-601103603861161.html,,25.0,ELIM,presence,"Regnet finns, men önskan att samla vatten är vår/sommar; i oktober kopplar man ur tunnan inför frost",,,,,,"Biltema/Jula (regnvattenavledare/regnsamlare, obekräftat minne)",,,,,,,Säsong + hylla + passform.,False
-75.0,?,?,True,,,dataset(V2.1),vatten,universal downspout water diverter with 127 cm hose (es-en),Stuprör + regntunna,601099523106289,https://www.temu.com/se/g-601099523106289.html,,25.0,ELIM,presence,"Regnet finns, men önskan att samla vatten är vår/sommar; i oktober kopplar man ur tunnan inför frost",,,,,,"Biltema/Jula (regnvattenavledare/regnsamlare, obekräftat minne)",,,,,,,Säsong + hylla + passform.,False
-75.0,?,?,True,,,dataset(V2.1),ved,Fuktmätare för ved (stift),veden,601099524464699,https://www.temu.com/se/g-601099524464699.html,,25.0,ELIM,presence,"Latent: problemet (fukthalt) syns inte; annonsen måste först övertyga om att veden är för blöt. Sotigt glas är symptomet, mätaren är ett steg bort.",,,,,,UNKNOWN,,,,,,,Latent behov.,False
-75.0,?,?,True,,,dataset(V2.1),ved,"Askdammsugare sladdlös 15 l, för DeWalt 20V-batteri (batteri ingår ej)",braskaminen,601099741237569,https://www.temu.com/se/g-601099741237569.html,,25.0,ELIM,object,Kräver ett DeWalt 20V-batteri som de flesta inte har — produkten fungerar inte som den kommer. Dessutom askdammsugare med sladd hos Biltema/Jula 399–799 kr (ur minne).,,,,,,UNKNOWN,,,,,,,Batteriet.,False
-75.0,OK,?,True,,,v22/fas2/maskiner.json,maskiner,"Indoor Outdoor Firewood Rack, Metal Fireplace Wood Rack, Curved Large-Capacity Firewood Holder, Heavy Duty Log Rack, Wat",Vedställ / vedstapelhållare i metall,601103588234325,https://www.temu.com/se/g-601103588234325.html,,25.0,ELIM,object,FAIL,151,snippet,18.84,,599.0,,,,,599.0,,Välter vedstapeln?,Fel kluster och fel plats - listningarna är eldstadsställ för vardagsrummet.,False
-75.0,?,?,True,,,v22/fas2/maskiner.json,maskiner,"Heavy duty firewood rack holder sturdy metal log stacker stand, space saving design, indoor outdoor fireplace organizer",Vedställ / vedstapelhållare i metall,601102089182603,https://www.temu.com/se/g-601102089182603.html,,25.0,ELIM,object,FAIL,,,,,599.0,,,,,599.0,,Välter vedstapeln?,Fel kluster och fel plats - listningarna är eldstadsställ för vardagsrummet.,False
-75.0,?,?,True,,,v22/fas2/maskiner.json,maskiner,"Heavy Duty Metal Firewood Rack Stand with Top Cover, Fireplace Woods Storage Stacking Holder for Outdoor Deck, Porch, Ba",Vedställ / vedstapelhållare i metall,601099650876315,https://www.temu.com/se/g-601099650876315.html,,25.0,ELIM,object,FAIL,,,,,699.0,,,,,699.0,,Välter vedstapeln?,Fel kluster och fel plats - listningarna är eldstadsställ för vardagsrummet.,False
-75.0,?,?,True,,,v22/fas2/maskiner.json,maskiner,"Outdoor indoor firewood rack with hooks, powder coated metal log holder, tiered shelf firewood storage organizer",Vedställ / vedstapelhållare i metall,601099648593269,https://www.temu.com/se/g-601099648593269.html,,25.0,ELIM,object,FAIL,,,,,499.0,,,,,499.0,,Välter vedstapeln?,Fel kluster och fel plats - listningarna är eldstadsställ för vardagsrummet.,False
-75.0,?,?,True,,,v22/fas2/maskiner.json,maskiner,Modern iron firewood rack removable indoor outdoor log storage for wood stoves fireplaces,Vedställ / vedstapelhållare i metall,601099761391049,https://www.temu.com/se/g-601099761391049.html,,25.0,ELIM,object,FAIL,,,,,499.0,,,,,499.0,,Välter vedstapeln?,Fel kluster och fel plats - listningarna är eldstadsställ för vardagsrummet.,False
-75.0,?,?,True,,,v22/fas2/maskiner.json,maskiner,"Versatile indoor outdoor firewood rack heavy duty metal log holder for seasoning storage, easy assembly",Vedställ / vedstapelhållare i metall,601099666953537,https://www.temu.com/se/g-601099666953537.html,,25.0,ELIM,object,FAIL,,,,,499.0,,,,,499.0,,Välter vedstapeln?,Fel kluster och fel plats - listningarna är eldstadsställ för vardagsrummet.,False
-75.0,?,?,True,,,v22/fas2/maskiner.json,maskiner,"Versatile indoor outdoor firewood rack heavy duty metal log holder with adjustable stacker, elevated design for airflow,",Vedställ / vedstapelhållare i metall,601099676842179,https://www.temu.com/se/g-601099676842179.html,,25.0,ELIM,object,FAIL,,,,,499.0,,,,,499.0,,Välter vedstapeln?,Fel kluster och fel plats - listningarna är eldstadsställ för vardagsrummet.,False
-75.0,?,?,True,,,v22/fas2/maskiner.json,maskiner,"Heavy-Duty Adjustable Firewood Rack, Sturdy Metal Log Holder with Powder-Coated finish, Space-Saving Firewood Organizer,",Vedställ / vedstapelhållare i metall,601102637375434,https://www.temu.com/se/g-601102637375434.html,,25.0,ELIM,object,FAIL,,,,,499.0,,,,,499.0,,Välter vedstapeln?,Fel kluster och fel plats - listningarna är eldstadsställ för vardagsrummet.,False
-78.0,OK,?,True,,,v22/fas2/maskiner.json,maskiner,"Manual Fuel Transfer Pump, Siphon Pump For Gasoline Fuel Petrol Fluid Tank",Bränslepump/sifon för att tappa av bensinen ur trädgårdsmaskinerna inför vinterförvaringen,601099514257637,https://www.temu.com/se/g-601099514257637.html,,22.0,ELIM,presence,FAIL,155,snippet,3.98,,299.0,,,,,299.0,,Står det bensin kvar i gräsklipparen?,"Skadan ligger i april, inte i oktober - kranskyddsfällan.",False
-80.0,?,?,True,,,dataset(V2.1),djur,,stallet — flugfälla med bete,601100571809490,https://www.temu.com/se/g-601100571809490.html,,20.0,ELIM,presence,Flugsäsongen är över i oktober; hästägare köper i maj,,,,,,,,,,,,,Flugsäsongen är över i oktober; hästägare köper i maj,False
-80.0,?,?,True,,,dataset(V2.1),djur,,stallet — flugfälla med bete,601101102964681,https://www.temu.com/se/g-601101102964681.html,,20.0,ELIM,presence,Flugsäsongen är över i oktober; hästägare köper i maj,,,,,,,,,,,,,Flugsäsongen är över i oktober; hästägare köper i maj,False
-80.0,?,?,True,,,dataset(V2.1),djur,,grönsakslandet — 15 st metallpaneler 30×30 cm kaninskydd,601101815842005,https://www.temu.com/se/g-601101815842005.html,,20.0,ELIM,presence,Grönsakssäsongen är över i oktober; rådjursskydd för buskar inför vintern är en annan form (nät/säck runt busken),,,,,,,,,,,,,Grönsakssäsongen är över i oktober; rådjursskydd för buskar inför vintern är en annan form (nät/säck runt busken),False
-80.0,?,PASS,True,,,dataset(V2.1),grasklippare,20 pcs waterproof gel-filled 3-wire connectors for robotic lawn mower boundary wire,Robotgräsklipparens begränsningskabel,601099514395587,https://www.temu.com/se/g-601099514395587.html,,15.0,ELIM,object,"Förbrukningsvara/reservdel, inte ett tillbehör som förbättrar objektet",,,,,,"Pricerunner: Husqvarna skarvdon 15–119 kr, Gardena 151, Grimsholm 4-pack 29,95",15.0,,,,,,—,False
-80.0,?,?,True,,,dataset(V2.1),handmaskiner,CMXZVBE38640 2-1/2in Gutter Cleaning Attachment Kit Industrial-grade Shop Vacuum Accessory For Cleaning Or Blowing From ,"Hängrännor + grovdammsugare (2,5-tums slang, amerikansk standard)",601102604471037,https://www.temu.com/se/g-601102604471037.html,,20.0,ELIM,object,"Objektet (grovdammsugaren) förvaras inomhus och slangstandarden är amerikansk — kompatibilitet mot 2,5"" som svenska maskiner inte har",,,,,,Ej sökt,,,,,,,Passar inte,False
-80.0,?,?,True,,,dataset(V2.1),husvagn,"Heavy-duty 600D Oxford bike cover for hitch rack, waterproof UV windproof, lock holes, reflective strips, fits e-bikes",Cykelhållare på dragkroken (med cyklar),601102230699570,https://www.temu.com/se/g-601102230699570.html,,20.0,ELIM,presence,"Sept–okt tas cyklarna av hållaren; skydd under körning är en annonsskapad önskan, inte en pågående friktion.",,,,,,,,,,,,,Fel säsong.,False
-80.0,?,?,True,,,dataset(V2.1),husvagn,"Wireless LED trailer light kit, magnetic towing tail light, portable universal stop/turn/running, 12–24 V",Släpvagnens belysning,605688298345002,https://www.temu.com/se/g-605688298345002.html,,20.0,ELIM,presence,Belysningen är ett problem den dag den går sönder — inte ett höstproblem som syns vid uppställning. Magnetbelysning finns dessutom som standard hos Biltema (ej verifierat denna session).,,,,,,,,,,,,,Inget presensproblem.,False
-80.0,?,PASS,True,,,dataset(V2.1),pool,"Cup holder for spa wall, pool and hot tub — holds 2 standard beverages, tan (ur söktitel)",Spakanten,601101483515717,https://www.temu.com/se/g-601101483515717.html,,15.0,ELIM,presence,Want; ingen friktion i höst.,,,,,,Spabadsbutiken (Poolbar 399–899),399.0,,,,,,—,False
-80.0,?,?,True,,,dataset(V2.1),tomt,"Protects Mailbox & Fence Posts From Grass Trimmer Damage, 4×4×6 in (ur Temu-söksida, 104 USD)",Brevlådestolpe/staketstolpe,609997207518178,https://www.temu.com/se/g-609997207518178.html,,20.0,ELIM,presence,Trimmersäsongen är slut i september,,,,,,,,,,,,,Säsong + pris,False
-80.0,?,?,True,,,dataset(V2.1),tomt,"2-Pack Handheld Spreader Set (salt/sand) (ur Temu-söksida, 15,91 USD)",Uppfarten/trappan vintertid,607660812405903,https://www.temu.com/se/g-607660812405903.html,,20.0,ELIM,presence,Halkan finns inte i sep–okt; framtida problem,,,,,,Jula/Biltema/Granngården (handspridare),,,,,,,Säsong,False
-80.0,?,?,True,,,dataset(V2.1),tomt,Snow Removal Tool — Adjustable 21 ft Telescoping Aluminum Snow Roof Rake with wheels (ur sökutdrag),Hustaket,601099608118455,https://www.temu.com/se/g-601099608118455.html,,20.0,ELIM,presence,Ingen snö i sep–okt; framtida skada,,,,,,Jula/Biltema (takskrapa/snöraka 300–600 kr),,,,,,,Säsong,False
-80.0,?,?,True,,,dataset(V2.1),tomt,"Heavy-Duty Snow Shovel with 29"" Blade & 10-Wheel Rolling Pusher (ur Temu-söksida, 94,46 USD)",Uppfarten,607047705824065,https://www.temu.com/se/g-607047705824065.html,,20.0,ELIM,presence,Ingen snö i sep–okt,,,,,,Jula/Biltema (snöskuffa på hjul),,,,,,,Säsong + pris,False
-80.0,?,?,True,,,dataset(V2.1),ved,"Sotningsset 8 m, borrdrivet, roterande borste",skorstenen,601099911311895,https://www.temu.com/se/g-601099911311895.html,,20.0,ELIM,presence,"Ägaren ser inte sotet, och sotningen sköts av sotaren enligt lag — old way är en köpt tjänst som fungerar. Annonsen måste skapa både behovet och rätten att göra det själv.",,,,,,UNKNOWN,,,,,,,Sotaren.,False
-80.0,?,?,True,,,v22/fas2/jakt.json,jakt,"1pc sturdy metal tall boot holder, boot rack, boot drying rack for closet, entryway, outdoor wall mounted",Stovel- och vadartork / torkstall for jaktklader,601099528731171,https://www.temu.com/se/g-601099528731171.html,,20.0,ELIM,object,FAIL,,,,,349.0,,,"Skotork/stoveltork ar commodity hos Clas Ohlson, Jula och Biltema",,349.0,,Ar jaktstovlarna blota till morgonpasset?,"Inomhusobjekt och en form Clas Ohlson, Jula och Biltema alla har.",False
-80.0,?,?,True,,,v22/fas2/jakt.json,jakt,"Large iron rain boot drying rack, freestanding shoe rack, easy to disassemble",Stovel- och vadartork / torkstall for jaktklader,601099691915195,https://www.temu.com/se/g-601099691915195.html,,20.0,ELIM,object,FAIL,,,,,349.0,,,"Skotork/stoveltork ar commodity hos Clas Ohlson, Jula och Biltema",,349.0,,Ar jaktstovlarna blota till morgonpasset?,"Inomhusobjekt och en form Clas Ohlson, Jula och Biltema alla har.",False
-80.0,?,?,True,,,v22/fas2/jakt.json,jakt,"Portable shoe dryer with UV disinfection, quick drying for boots, slippers, leather and canvas shoes",Stovel- och vadartork / torkstall for jaktklader,601099991992734,https://www.temu.com/se/g-601099991992734.html,,20.0,ELIM,object,FAIL,,,,,349.0,,,"Skotork/stoveltork ar commodity hos Clas Ohlson, Jula och Biltema",,349.0,,Ar jaktstovlarna blota till morgonpasset?,"Inomhusobjekt och en form Clas Ohlson, Jula och Biltema alla har.",False
-80.0,?,?,True,,,v22/fas2/jakt.json,jakt,"Electric shoe dryer / boot dryer, boot warmer and glove dryer, prevents odor and mold",Stovel- och vadartork / torkstall for jaktklader,601099661767271,https://www.temu.com/se/g-601099661767271.html,,20.0,ELIM,object,FAIL,,,,,349.0,,,"Skotork/stoveltork ar commodity hos Clas Ohlson, Jula och Biltema",,349.0,,Ar jaktstovlarna blota till morgonpasset?,"Inomhusobjekt och en form Clas Ohlson, Jula och Biltema alla har.",False
-80.0,?,?,True,,,v22/fas2/maskiner.json,maskiner,"Chainsaw chain sharpening jig, chain saw sharpener, portable sharpening tool set, sharpener file table",Kedjeslip / filsats till motorsågen (handvevad jigg),601099609519990,https://www.temu.com/se/g-601099609519990.html,,20.0,ELIM,object,FAIL,,,,,299.0,,,,,299.0,,Är sågkedjan slö?,"Redan testad och förlorad i kontot. Lärdomen är Temu-siffrorna: 4,7 av 5 på 2 309 recensioner och ändå en förlorare hos oss.",False
-80.0,?,?,True,,,v22/fas2/maskiner.json,maskiner,"Chainsaw sharpener jig portable chain saw sharpener tool with 10pcs burrs, durable carry bag, hand cranked, for 8-20in c",Kedjeslip / filsats till motorsågen (handvevad jigg),601099560971330,https://www.temu.com/se/g-601099560971330.html,,20.0,ELIM,object,FAIL,,,,,299.0,,,,,299.0,,Är sågkedjan slö?,"Redan testad och förlorad i kontot. Lärdomen är Temu-siffrorna: 4,7 av 5 på 2 309 recensioner och ändå en förlorare hos oss.",False
-80.0,?,?,True,,,v22/fas2/maskiner.json,maskiner,"Chainsaw chain sharpening jig metal hand crank fast chainsaw sharpener kit, portable hand held precision",Kedjeslip / filsats till motorsågen (handvevad jigg),601099513303778,https://www.temu.com/se/g-601099513303778.html,,20.0,ELIM,object,FAIL,,,,,299.0,,,,,299.0,,Är sågkedjan slö?,"Redan testad och förlorad i kontot. Lärdomen är Temu-siffrorna: 4,7 av 5 på 2 309 recensioner och ändå en förlorare hos oss.",False
-80.0,?,?,True,,,v22/fas2/maskiner.json,maskiner,"1pc chainsaw chain sharpening jig tooth sharpener kit, aluminum alloy hand crank saw chain sharpener",Kedjeslip / filsats till motorsågen (handvevad jigg),601099515533540,https://www.temu.com/se/g-601099515533540.html,,20.0,ELIM,object,FAIL,,,,,299.0,,,,,299.0,,Är sågkedjan slö?,"Redan testad och förlorad i kontot. Lärdomen är Temu-siffrorna: 4,7 av 5 på 2 309 recensioner och ändå en förlorare hos oss.",False
-80.0,?,?,True,,,v22/fas2/maskiner.json,maskiner,"Chainsaw sharpener jig kit portable with burr grinding stone, cleaning brush, manual chain saw blade sharpener attachmen",Kedjeslip / filsats till motorsågen (handvevad jigg),601099591954048,https://www.temu.com/se/g-601099591954048.html,,20.0,ELIM,object,FAIL,,,,,299.0,,,,,299.0,,Är sågkedjan slö?,"Redan testad och förlorad i kontot. Lärdomen är Temu-siffrorna: 4,7 av 5 på 2 309 recensioner och ändå en förlorare hos oss.",False
-80.0,?,?,True,,,v22/fas2/maskiner.json,maskiner,"Chainsaw sharpener portable chain saw sharpening tool set, sharpener file table, quick sharpening",Kedjeslip / filsats till motorsågen (handvevad jigg),601099613985535,https://www.temu.com/se/g-601099613985535.html,,20.0,ELIM,object,FAIL,,,,,299.0,,,,,299.0,,Är sågkedjan slö?,"Redan testad och förlorad i kontot. Lärdomen är Temu-siffrorna: 4,7 av 5 på 2 309 recensioner och ändå en förlorare hos oss.",False
-80.0,?,?,True,,,v22/fas2/maskiner.json,maskiner,"Chainsaw sharpening kit, fast chain saw sharpener tool, saw sharpening jig, saw file set",Kedjeslip / filsats till motorsågen (handvevad jigg),601099516436892,https://www.temu.com/se/g-601099516436892.html,,20.0,ELIM,object,FAIL,,,,,299.0,,,,,299.0,,Är sågkedjan slö?,"Redan testad och förlorad i kontot. Lärdomen är Temu-siffrorna: 4,7 av 5 på 2 309 recensioner och ändå en förlorare hos oss.",False
-80.0,?,?,True,,,v22/fas2/maskiner.json,maskiner,"Chainsaw sharpener tool chain saw sharpening jig with 5pcs or 2pcs carbide, hand cranked, suitable 6-22 inch",Kedjeslip / filsats till motorsågen (handvevad jigg),601100378640228,https://www.temu.com/se/g-601100378640228.html,,20.0,ELIM,object,FAIL,,,,,299.0,,,,,299.0,,Är sågkedjan slö?,"Redan testad och förlorad i kontot. Lärdomen är Temu-siffrorna: 4,7 av 5 på 2 309 recensioner och ändå en förlorare hos oss.",False
-80.0,GREEN,?,True,,,v22/fas2/maskiner.json,maskiner,1pc 6 in Heavy-Duty Steel Wire Trimmer Head - Rotating Lawn Mower Attachment for Weeding And Lawn Maintenance - Universa,Ståltrådshuvud till trimmern/gräsklipparen för ogräs i fogar,601099645295392,https://www.temu.com/se/g-601099645295392.html,,15.0,ELIM,presence,FAIL,75,snippet,8.4,,299.0,,,,,299.0,,Ogräs mellan plattorna?,Redan testad och förlorad.,False
-85.0,?,?,True,,,dataset(V2.1),bat,"4 pack hanging moisture absorber bags, charcoal, boat/closet",Kajuta/båt under presenning,602380619876633,https://www.temu.com/se/g-602380619876633.html,,15.0,ELIM,object,förbrukningsvara,,,,,,PR: 1852 Marine luftavfuktare 85 kr 3 butiker; Biltema/Jula/Rusta säljer fuktabs,,,,,,,förbrukning,False
-85.0,?,?,True,,,dataset(V2.1),bat,"2 pcs battery terminal protective covers, anti-corrosion",Båtbatteri,601099512967760,https://www.temu.com/se/g-601099512967760.html,,15.0,ELIM,object,commodity-smådel < 199 kr,,,,,,"Biltema/Jula säljer polskydd (minne, obekräftat)",,,,,,,pris,False
-85.0,?,?,True,,,dataset(V2.1),bat,Portable fuel tank 5/10/20 L with hose (discontinued on Temu),Bränsle till utombordaren,601099517756820,https://www.temu.com/se/g-601099517756820.html,,15.0,ELIM,object,ersätter en dunk ägaren redan har — commodity,,,,,,"Biltema/Jula säljer bränsledunkar (minne, obekräftat)",,,,,,,nedlagd + commodity,False
-85.0,?,?,True,,,dataset(V2.1),djur,,hundpool hopfällbar,605587903497387,https://www.temu.com/se/g-605587903497387.html,,15.0,ELIM,presence,Sommarprodukt — bad ute i sep–okt är inte ett problem ägaren har,,,,,,,,,,,,,Sommarprodukt — bad ute i sep–okt är inte ett problem ägaren har,False
-85.0,?,?,True,,,dataset(V2.1),djur,,hundpool hopfällbar,606513871565427,https://www.temu.com/se/g-606513871565427.html,,15.0,ELIM,presence,Sommarprodukt,,,,,,,,,,,,,Sommarprodukt,False
-85.0,?,?,True,,,dataset(V2.1),djur,,fågelbad/vattenskål — 10 W USB-värmestav,601105384763857,https://www.temu.com/se/g-601105384763857.html,,15.0,ELIM,object,El i vatten utomhus via USB = förtroende + förklaring; Granngården säljer Willab värmeskål,,,,,,,,,,,,,El i vatten utomhus via USB = förtroende + förklaring; Granngården säljer Willab värmeskål,False
-85.0,?,?,True,,,dataset(V2.1),garage,Electric Vehicle Charger Port Cover Type 2 Protective Cover (dammskydd i bilens port när den inte laddar),Elbilens laddport (tom),601104594451437,https://www.temu.com/se/g-601104594451437.html,,15.0,ELIM,presence,Bilens egen lucka löser det; behovet måste skapas,,,,,,,,,,,,,—,False
-85.0,OK,?,True,,,dataset(V2.1),garage,Oil-Absorbing Garage Floor Mat Set with Brush,Garagegolvet,601105263583062,https://www.temu.com/se/g-601105263583062.html,,15.0,ELIM,object,Absorberande pad = förbrukning; set/kit,222,snippet,,,,,,,,,,,—,False
-85.0,?,PASS,True,,,dataset(V2.1),grasklippare,"Universal lawn mower blade sharpener, rotary drill attachment",Gräsklipparkniv (klipparen står i förrådet),601099565993130,https://www.temu.com/se/g-601099565993130.html,,10.0,ELIM,object,Objektet (gräsklipparen) förvaras inomhus; kniven osynlig — samma struktur som kedjeslipen (förlorare),,,,,,Pricerunner: '50mm Gräsklippare Knivslip' 195–215 kr,195.0,,,,,,—,False
-85.0,?,?,True,,,dataset(V2.1),grasklippare,"Smart 12V/24V trickle charger 6A, car/motorcycle/lawn mower",Åkgräsklipparens batteri (vinterförvaring),601099595795067,https://www.temu.com/se/g-601099595795067.html,,15.0,ELIM,presence,Skadan (dött batteri) ligger i april — framtida,,,,,,Biltema/Jula/Clas Ohlson/Rusta — underhållsladdare är hyllvara (ej verifierat pr,,CTEK MXS 5.0,,,,,—,False
-85.0,?,PASS,True,,,dataset(V2.1),grasklippare,"20-pack high-index plastic tire chains, winter car wheel anti-slip (garden/lawn)",Bilhjul/traktorhjul,601099701719415,https://www.temu.com/se/g-601099701719415.html,,10.0,ELIM,object,"Bilprodukt (buntband-kedjor), inte gjord för traktorn; sökningen hittade INGEN traktorspecifik snökedja på Temu",,,,,,"Pricerunner: Stiga Snow Chains 13x5"" 869 kr; MTD 1 895; Husqvarna 2 339",869.0,Husqvarna snökedja,2339.0,,,,—,False
-85.0,?,?,True,,,dataset(V2.1),handmaskiner,1set China Professional Manufacturer Chain Saw Wood Handheld Chain Saws Folding Pruning Chain Saw Cutter High Limb Chain,Grenar — hopfällbar handsåg,601099514794110,https://www.temu.com/se/g-601099514794110.html,,15.0,ELIM,object,Samma kategori som hopfällbar såg — redan testad förlorare; commodity i kedjorna,,,,,,Biltema/Jula/Clas Ohlson säljer hopfällbara sågar 79–199 kr (samma form) ur kuns,,,,,,,Redan förlorat,False
-85.0,?,?,True,,,dataset(V2.1),hus,"Window Strike Prevention Stickers, butterfly/leaf shapes",fönster,601099518437500,https://www.temu.com/se/g-601099518437500.html,,15.0,ELIM,object,"klistermärke/dekal — förbrukning, inte ett tillbehör till ett ägt objekt med friktion; < 199 kr",,,,,,Clas Ohlson/Jula,,,,,,,—,False
-85.0,?,?,True,,,dataset(V2.1),hus,20pcs Anti-collision Bird Electrostatic Window Stickers,fönster,601099574443963,https://www.temu.com/se/g-601099574443963.html,,15.0,ELIM,object,"klistermärke/dekal — förbrukning, inte ett tillbehör till ett ägt objekt med friktion; < 199 kr",,,,,,Clas Ohlson/Jula,,,,,,,—,False
-85.0,?,?,True,,,dataset(V2.1),hus,"Clear Round Bird Deterrent Sticker, anti-collision, retro grid",fönster,601102362460185,https://www.temu.com/se/g-601102362460185.html,,15.0,ELIM,object,"klistermärke/dekal — förbrukning, inte ett tillbehör till ett ägt objekt med friktion; < 199 kr",,,,,,Clas Ohlson/Jula,,,,,,,—,False
-85.0,?,?,True,,,dataset(V2.1),hus,"16pcs Anti-collision Window Bird Stickers, clear, 4 sheets",fönster,601099513797710,https://www.temu.com/se/g-601099513797710.html,,15.0,ELIM,object,"klistermärke/dekal — förbrukning, inte ett tillbehör till ett ägt objekt med friktion; < 199 kr",,,,,,Clas Ohlson/Jula,,,,,,,—,False
-85.0,?,?,True,,,dataset(V2.1),husvagn,"RV skylight insulation cover with reflective surface, universal motorhome vent, camper skylight shade",Takluckan i husvagn/husbil (insida),601099682085784,https://www.temu.com/se/g-601099682085784.html,,15.0,ELIM,presence,Produkten säljs på värmeblockering (sommar). I sept–okt finns inget synligt problem; vinterisolering märks först vid vintercamping. US-luckmått passar dessutom inte Dometic/Heki.,,,,,,,,,,,,,Sommarprodukt med US-mått.,False
-85.0,?,?,True,,,dataset(V2.1),husvagn,"1pc folding trailer car cover, Oxford cloth, windproof, sun-resistant, waterproof for van/outdoor",Hopfällbar campingvagn (tältvagn),601099542199444,https://www.temu.com/se/g-601099542199444.html,,15.0,ELIM,object,"'Folding trailer' = tältvagn/pop-up camper: liten ägarklass i Sverige, form ej läsbar (Temu blockerad).",,,,,,,,,,,,,För få ägare.,False
-85.0,?,?,True,,,dataset(V2.1),husvagn,"Pulley system kayak hoist garage ceiling storage canoe lift, 150 lbs capacity, up to 14 ft ceiling",Takboxen i garaget,602262508241851,https://www.temu.com/se/g-602262508241851.html,,15.0,ELIM,object,"Objektet (takboxen) förvaras inomhus när den inte används — negativ rymd. Jula säljer dessutom 'takboxlyft' (Hamron, bildträff i Yahoo-sökutdrag 2026-09-04).",,,,,,,,,,,,,Inomhus + montering + Jula.,False
-85.0,?,?,True,,,dataset(V2.1),tomt,4/8pcs Wheelie Bin Lid Hinge Pins — replacement for broken hinge pins (ur sökutdrag),Sopkärlets lockgångjärn,601099546577446,https://www.temu.com/se/g-601099546577446.html,,15.0,ELIM,presence,Problemet finns bara hos den bråkdel vars pinne gått av; kommunen byter gratis — annonsen måste skapa behovet,,,,,,,,,,,,,Inget behov,False
-85.0,?,?,True,,,dataset(V2.1),vatten,expandable hose storage bag mesh (uk),Slangen (vinterförvaring),601099629312930,https://www.temu.com/se/g-601099629312930.html,,15.0,ELIM,object,Förvaringspåse för något som ligger inomhus när det används så — inomhus-commodity,,,,,,UNKNOWN,,,,,,,Nätpåse.,False
-85.0,?,?,True,,,v22/fas2/jakt.json,jakt,"Adjustable dog collar with AirTag holder, reflective GPS dog collar, pet collar for small/medium (without AirTag)",Hallare/skyddsfodral for spandare pa hundens halsband,601099516799672,https://www.temu.com/se/g-601099516799672.html,,15.0,ELIM,object,FAIL,,,,,199.0,,,AirTag-hallare ar commodity (Clas Ohlson/Kjell); svensk jakthundspejl ar Garmin/,,199.0,,Tappar du bort hunden i morkret?,Produkten loser ett problem svenska jagare inte har — de har redan pejl.,False
-85.0,?,?,True,,,v22/fas2/jakt.json,jakt,"Protective case for AirTag, dog collar holder for AirTag",Hallare/skyddsfodral for spandare pa hundens halsband,601099521919730,https://www.temu.com/se/g-601099521919730.html,,15.0,ELIM,object,FAIL,,,,,199.0,,,AirTag-hallare ar commodity (Clas Ohlson/Kjell); svensk jakthundspejl ar Garmin/,,199.0,,Tappar du bort hunden i morkret?,Produkten loser ett problem svenska jagare inte har — de har redan pejl.,False
-88.0,?,?,True,,,v22/fas2/ved-eldstad.json,ved-eldstad,"high density ceramic fiber insulation roll, fireproof thermal barrier, pipe wrapping heat shield",campingkamin-rokror,601099627175710,https://www.temu.com/g-601099627175710.html,,12.0,ELIM,object,FAIL,,,,,,,,"rökrörsdelar säljs av skorstensfackhandeln (NSP, Spis & Kaminboden)",,,,Har du en tältkamin?,Objektet är fel: det här är rökrör till tält-/campingkaminer.,False
-88.0,?,?,True,,,v22/fas2/ved-eldstad.json,ved-eldstad,"2 pack stainless steel stove pipe chimney caps 2.36 in, wood stove extension 14 in",campingkamin-rokror,601099706694778,https://www.temu.com/g-601099706694778.html,,12.0,ELIM,object,FAIL,,,,,,,,"rökrörsdelar säljs av skorstensfackhandeln (NSP, Spis & Kaminboden)",,,,Har du en tältkamin?,Objektet är fel: det här är rökrör till tält-/campingkaminer.,False
-88.0,?,?,True,,,v22/fas2/ved-eldstad.json,ved-eldstad,"2pcs stainless steel stove pipe elbow 45 degree, 2.36 in dia",campingkamin-rokror,601099622565356,https://www.temu.com/g-601099622565356.html,,12.0,ELIM,object,FAIL,,,,,,,,"rökrörsdelar säljs av skorstensfackhandeln (NSP, Spis & Kaminboden)",,,,Har du en tältkamin?,Objektet är fel: det här är rökrör till tält-/campingkaminer.,False
-88.0,?,?,True,,,v22/fas2/ved-eldstad.json,ved-eldstad,"1pc stainless steel elbow exhaust pipe with elbow cap, bendable 90 degrees",campingkamin-rokror,601099513199750,https://www.temu.com/g-601099513199750.html,,12.0,ELIM,object,FAIL,,,,,,,,"rökrörsdelar säljs av skorstensfackhandeln (NSP, Spis & Kaminboden)",,,,Har du en tältkamin?,Objektet är fel: det här är rökrör till tält-/campingkaminer.,False
-90.0,?,?,True,,,dataset(V2.1),djur,,hundens tassar — '5-in-1 grooming kit',606507848543081,https://www.temu.com/se/g-606507848543081.html,,10.0,ELIM,object,'5-i-1' = kit/N-i-1 (0/9 vinnare),,,,,,,,,,,,,'5-i-1' = kit/N-i-1 (0/9 vinnare),False
-90.0,?,?,True,,,dataset(V2.1),djur,,hunden — reflexsele,601099644426506,https://www.temu.com/se/g-601099644426506.html,,10.0,ELIM,object,"Sele = personlig passform (storlek), reflexvästar finns hos Biltema/Jula/Rusta",,,,,,,,,,,,,"Sele = personlig passform (storlek), reflexvästar finns hos Biltema/Jula/Rusta",False
-90.0,?,?,True,,,dataset(V2.1),djur,,hunden — reflexsele,601099546659893,https://www.temu.com/se/g-601099546659893.html,,10.0,ELIM,object,Passform + kedjeform,,,,,,,,,,,,,Passform + kedjeform,False
-90.0,?,?,True,,,dataset(V2.1),djur,,hönshus — 250 W värmepanel,603266893058356,https://www.temu.com/se/g-603266893058356.html,,10.0,ELIM,object,Svenska hobbyhöns behöver inte värme; el + brandrisk i hönshus = förtroendeprodukt; Granngården säljer värmeplattor för kycklingar,,,,,,,,,,,,,Svenska hobbyhöns behöver inte värme; el + brandrisk i hönshus = förtroendeprodukt; Granngården säljer värmeplattor för kycklingar,False
-90.0,?,?,True,,,dataset(V2.1),djur,,hönshus — 8 st automatiska vattenkoppar,601101977788938,https://www.temu.com/se/g-601101977788938.html,,10.0,ELIM,object,Kit som ska byggas in i rör/hink = montering + kit; Granngården säljer nipplar,,,,,,,,,,,,,Kit som ska byggas in i rör/hink = montering + kit; Granngården säljer nipplar,False
-90.0,?,?,True,,,dataset(V2.1),djur,,hönshus — 10 st vattenkoppar-kit,606468371760901,https://www.temu.com/se/g-606468371760901.html,,10.0,ELIM,object,Kit som ska byggas in i rör/hink = montering + kit; Granngården säljer nipplar,,,,,,,,,,,,,Kit som ska byggas in i rör/hink = montering + kit; Granngården säljer nipplar,False
-90.0,?,?,True,,,dataset(V2.1),djur,,hönshus — vattenkoppar + PVC-rör komplett set,601100359628804,https://www.temu.com/se/g-601100359628804.html,,10.0,ELIM,object,Kit som ska byggas in i rör/hink = montering + kit; Granngården säljer nipplar,,,,,,,,,,,,,Kit som ska byggas in i rör/hink = montering + kit; Granngården säljer nipplar,False
-90.0,?,?,True,,,dataset(V2.1),djur,,hönshus — lucka + värmeplatta 3-i-1,601103529967549,https://www.temu.com/se/g-601103529967549.html,,10.0,ELIM,object,'3-i-1' = N-i-1 (0/9 vinnare); värmeplatta kräver förtroende,,,,,,,,,,,,,'3-i-1' = N-i-1 (0/9 vinnare); värmeplatta kräver förtroende,False
-90.0,?,?,True,,,dataset(V2.1),djur,,innerdörr — kattlucka för katter < 20 lb,601102977601210,https://www.temu.com/se/g-601102977601210.html,,10.0,ELIM,object,Inomhusdörr + håltagning; kattluckor (PetSafe/Staywell) finns hos Jula/Clas Ohlson — koordinatorns 'jämförelsehandlad',,,,,,,,,,,,,Inomhusdörr + håltagning; kattluckor (PetSafe/Staywell) finns hos Jula/Clas Ohlson — koordinatorns 'jämförelsehandlad',False
-90.0,?,?,True,,,dataset(V2.1),garage,16pcs tire marking labels FL/FR/RL/RR for tire change,Däcken vid bytet,605744871088517,https://www.temu.com/se/g-605744871088517.html,,10.0,ELIM,object,Förbrukning (etiketter),,,,,,,,,,,,,—,False
-90.0,GREEN,WARN-utan-ankare,True,,,dataset(V2.1),grasklippare,45 * ersättningsblad för Automobile * Robotgräsklippare,Robotgräsklipparens knivar,601099599310345,https://www.temu.com/se/g-601099599310345.html,,20.0,ELIM,object,Förbrukningsvara (knivar byts var 4–8 vecka),118,snippet,,170.17,613,Pricerunner: 24-pack Mammotion 179 kr; INF 6-pack knivslip 169,179.0,,,,,,—,False
-90.0,?,?,True,,,dataset(V2.1),grasklippare,"Backpack blower/sprayer rack, wall mount hanger for garage",Garagevägg,601099887718525,https://www.temu.com/se/g-601099887718525.html,,10.0,ELIM,object,Inomhusförvaring — samma struktur som väggfäste trimmer (förlorare),,,,,,Biltema/Jula redskapskrokar (kategorikunskap),,,,,,,—,False
-90.0,?,?,True,,,dataset(V2.1),husvagn,"Trailer jack block for travel trailer, fits tongue stand wheels round and square, supports up to 15 000 lbs",US tongue jack,601101119646963,https://www.temu.com/se/g-601101119646963.html,,10.0,ELIM,object,"Amerikanskt objekt: svenska husvagnar har stödhjul/jockey wheel, inte 'tongue jack' med fot.",,,,,,,,,,,,,Objektet finns inte på svenska vagnar.,False
-90.0,?,?,True,,,dataset(V2.1),husvagn,"Reinforced trailer wheel replacement, boat trailer jack wheel, dual swivel jack caster wheel with pin, fits any jack",US tongue jack-hjul,601099540290835,https://www.temu.com/se/g-601099540290835.html,,10.0,ELIM,object,Reservhjul till US-typ tongue jack (pinnfäste); svenskt stödhjul 48 mm klämfäste (Jula) är en annan konstruktion.,,,,,,,,,,,,,Passar inte svenska stödhjul.,False
-90.0,?,?,True,,,dataset(V2.1),mc,,hjälmhållare vägg (180° rotation),601099558078428,https://www.temu.com/se/g-601099558078428.html,,10.0,ELIM,object,hjälmen förvaras inomhus — steg 0 eliminerar inomhusförvarade objekt,,,,,,Clas Ohlson/Jula (krokar),,,,,,,inomhus,False
-90.0,?,?,True,,,dataset(V2.1),pool,"Swimming pool cover cable winch kit 150 ft plastic-coated steel cable, aluminum spring-loaded winch, for above-ground wi",US-typ ovanmark-/markpool med vinterduk,601099527101605,https://www.temu.com/se/g-601099527101605.html,,10.0,ELIM,object,Objektet (US-vinterduk med vajer/vattentuber) är ovanligt i Sverige — oklart ägande.,,,,,,,,,,,,,—,False
-90.0,?,?,True,,,dataset(V2.1),pool,"1pc swimming pool cover winch / ratchet winch, winter cover cable tightener for above-ground pools (ur söktitel)",US-typ ovanmark-/markpool med vinterduk,601099521750983,https://www.temu.com/se/g-601099521750983.html,,10.0,ELIM,object,Objektet (US-vinterduk med vajer/vattentuber) är ovanligt i Sverige — oklart ägande.,,,,,,,,,,,,,—,False
-90.0,?,?,True,,,dataset(V2.1),pool,"2/3/6 pcs heavy duty double-chamber water tubes for swimming pool winter covers, inground cover weights (ur söktitel)",US-typ ovanmark-/markpool med vinterduk,601099522089231,https://www.temu.com/se/g-601099522089231.html,,10.0,ELIM,object,Objektet (US-vinterduk med vajer/vattentuber) är ovanligt i Sverige — oklart ägande.,,,,,,,,,,,,,—,False
-90.0,?,?,True,,,dataset(V2.1),pool,"Stainless steel sauna thermometer & hygrometer, wall mounted, clear scale (ur söktitel)","Bastun (inomhusrum, även i bastubyggnad)",601099561382048,https://www.temu.com/se/g-601099561382048.html,,10.0,ELIM,object,Inomhusobjekt; commodity.,,,,,,Jula/Clas Ohlson/Biltema bastutermometer 99–249 kr enligt kännedom — ej verifier,,,,,,,—,False
-90.0,?,?,True,,,dataset(V2.1),pool,"Wood sauna thermometer hygrometer, wall mounted, mechanical, no battery (ur söktitel)","Bastun (inomhusrum, även i bastubyggnad)",601099565455551,https://www.temu.com/se/g-601099565455551.html,,10.0,ELIM,object,Inomhusobjekt; commodity.,,,,,,Jula/Clas Ohlson/Biltema bastutermometer 99–249 kr enligt kännedom — ej verifier,,,,,,,—,False
-90.0,?,?,True,,,dataset(V2.1),tomt,4pcs Rope Cleats Steel 5.94 in Flagpole Cleat Hooks (ur sökutdrag),Flaggstång/båt,601099834639494,https://www.temu.com/se/g-601099834639494.html,,10.0,ELIM,presence,Inget problem att lösa hos ägaren,,,,,,Biltema (båtknapar),,,,,,,Inget behov,False
-90.0,?,?,True,,,dataset(V2.1),vatten,insulated pouch cover for backflow preventer / well pump / sprinkler valve,Backventil/sprinklerventil/brunnspump ovan mark,601099527510459,https://www.temu.com/se/g-601099527510459.html,,10.0,ELIM,object,USA-objekt: backflow preventer/sprinklerventil ovan mark finns inte på svenska tomter; svenska pumpar sitter i brunnen eller i huset,,,,,,UNKNOWN,,,,,,,Objektet saknas i Sverige.,False
-90.0,?,?,True,,,dataset(V2.1),ved,"Packningsband glasfiber till kaminlucka, 10 mm × 2 m",braskaminen,601099678152168,https://www.temu.com/se/g-601099678152168.html,,10.0,ELIM,object,Förbrukning/reparationsdel med måttvarianter (bredd) — negativ rymd (förbrukning) och < 199 kr.,,,,,,UNKNOWN,,,,,,,Förbrukning.,False
-90,?,PASS,True,,,v22/fas2/bat.json,bat,4 Bow Marine Grade Bimini Top Cover,bimini-soltak,601102088261064,https://www.temu.com/se/g-601102088261064.html,,,ELIM,presence,FAIL,,,67.21,,1829,,,"vidaXL/VEVOR båtkapell 1 203–3 428 kr (PriceRunner, samma form)",1203.0,,,,"Soltak köps i maj, inte i oktober.",False
-90,?,PASS,True,,,v22/fas2/bat.json,bat,4-Bow Bimini Top Replacement Cover,bimini-soltak,606266978080619,https://www.temu.com/se/g-606266978080619.html,,,ELIM,presence,FAIL,,,69.44,,1890,,,"vidaXL/VEVOR båtkapell 1 203–3 428 kr (PriceRunner, samma form)",1203.0,,,,"Soltak köps i maj, inte i oktober.",False
-90,GREEN,?,True,,,v22/fas2/husvagn-mc.json,husvagn-mc,12v car refrigerator cooler and warmer 23 quart 31 quart for camping rv fishing,husvagn-kyla,601099621306309,https://www.temu.com/se/g-601099621306309.html,,,ELIM,object,FAIL,99,snippet+,99.0,,2694,,,,,,,,"Kylbox — forvaras inomhus mellan resorna, och over pristaket.",False
-90,GREEN,?,True,,,v22/fas2/husvagn-mc.json,husvagn-mc,portable car fridge 12v mini freezer cooler compact electric travel refrigerator,husvagn-kyla,606559371370950,https://www.temu.com/se/g-606559371370950.html,,,ELIM,object,FAIL,15,snippet,102.0,,2776,,,,,,,,Samma som ovan.,False
-95.0,?,?,True,,,dataset(V2.1),djur,,hunden — 'military style' reflexsele,601101449940346,https://www.temu.com/se/g-601101449940346.html,,5.0,ELIM,object,Passform + mode,,,,,,,,,,,,,Passform + mode,False
-95.0,?,?,True,,,dataset(V2.1),djur,,hundsäng inomhus — termostatisk,601100240815505,https://www.temu.com/se/g-601100240815505.html,,5.0,ELIM,object,Förvaras/används inomhus; el i säng = förtroende,,,,,,,,,,,,,Förvaras/används inomhus; el i säng = förtroende,False
-95.0,?,?,True,,,dataset(V2.1),djur,,hundsäng — eluppvärmd,601103966710621,https://www.temu.com/se/g-601103966710621.html,,5.0,ELIM,object,Inomhus + el,,,,,,,,,,,,,Inomhus + el,False
-95.0,?,?,True,,,dataset(V2.1),djur,,självvärmande dyna 2-pack,601105519571759,https://www.temu.com/se/g-601105519571759.html,,5.0,ELIM,object,Inomhus-commodity (Rusta/Jula säljer),,,,,,,,,,,,,Inomhus-commodity (Rusta/Jula säljer),False
-95.0,?,?,True,,,dataset(V2.1),djur,,självvärmande dyna 2-pack,606067077576680,https://www.temu.com/se/g-606067077576680.html,,5.0,ELIM,object,Dubblett av ovan,,,,,,,,,,,,,Dubblett av ovan,False
-95.0,?,?,True,,,dataset(V2.1),djur,,vattenskål inomhus (slow feeder),606484561816055,https://www.temu.com/se/g-606484561816055.html,,5.0,ELIM,object,Inomhus-commodity; träffade på 'heated' men är inte uppvärmd,,,,,,,,,,,,,Inomhus-commodity; träffade på 'heated' men är inte uppvärmd,False
-95.0,?,?,True,,,dataset(V2.1),djur,,äggkorg i tråd 4-pack,601099913447058,https://www.temu.com/se/g-601099913447058.html,,5.0,ELIM,object,Inredning/commodity < 199 kr; finns i varje lanthandel,,,,,,,,,,,,,Inredning/commodity < 199 kr; finns i varje lanthandel,False
-95.0,?,?,True,,,dataset(V2.1),djur,,äggkorg i tyg 9 fickor,605827230441960,https://www.temu.com/se/g-605827230441960.html,,5.0,ELIM,object,Mode/inredning; 'for Easter',,,,,,,,,,,,,Mode/inredning; 'for Easter',False
-95.0,?,?,True,,,dataset(V2.1),djur,,rabatt — dekorstaket metall 17×12 tum,601099729458859,https://www.temu.com/se/g-601099729458859.html,,5.0,ELIM,object,"Dekor/commodity, inte rådjursskydd",,,,,,,,,,,,,"Dekor/commodity, inte rådjursskydd",False
-95.0,?,?,True,,,dataset(V2.1),djur,,äggkorgar flätade 2 set,605588440370064,https://www.temu.com/se/g-605588440370064.html,,5.0,ELIM,object,Inredning/commodity < 199 kr,,,,,,,,,,,,,Inredning/commodity < 199 kr,False
-95.0,?,?,True,,,dataset(V2.1),djur,,hunden — reflexsele med namnlapp,601099846932409,https://www.temu.com/se/g-601099846932409.html,,5.0,ELIM,object,Passform + personalisering,,,,,,,,,,,,,Passform + personalisering,False
-95.0,?,?,True,,,dataset(V2.1),djur,,hunden — reflexsele med handtag,601103406837387,https://www.temu.com/se/g-601103406837387.html,,5.0,ELIM,object,Passform; reflexvästar hos Biltema/Jula/Rusta,,,,,,,,,,,,,Passform; reflexvästar hos Biltema/Jula/Rusta,False
-95.0,?,?,True,,,dataset(V2.1),djur,,häst — 9-delars ryktkit i väska,605499806325729,https://www.temu.com/se/g-605499806325729.html,,5.0,ELIM,object,Kit (0/9 vinnare); Granngården/Hööks säljer ryktset,,,,,,,,,,,,,Kit (0/9 vinnare); Granngården/Hööks säljer ryktset,False
-95.0,?,?,True,,,dataset(V2.1),grasklippare,"2 pcs backpack blower straps, for Echo PB-265L/PB-403",Ryggburen lövblås (Echo),601099638494338,https://www.temu.com/se/g-601099638494338.html,,5.0,ELIM,object,Reservdel till ett specifikt amerikanskt märke,,,,,,,,,,,,,—,False
-95.0,?,?,True,,,dataset(V2.1),husvagn,"1pc electric tongue jack cover 600D universal trailer RV electric tongue jack protective cover 14""×5""×10""",Elektrisk tongue jack (US),601099534029301,https://www.temu.com/se/g-601099534029301.html,,5.0,ELIM,object,"Svenska husvagnar har manuellt stödhjul, ingen elektrisk tongue jack att skydda.",,,,,,,,,,,,,Objektet saknas i Sverige.,False
-95.0,?,?,True,,,dataset(V2.1),husvagn,"Durable Oxford fabric trailer cover, sun-resistant waterproof cargo cover for pickup truck bed, reflective strips, elast",Flak på pickup,601100592423514,https://www.temu.com/se/g-601100592423514.html,,5.0,ELIM,object,Flaköverdrag för pickup — inte släpvagn.,,,,,,,,,,,,,Fel objekt.,False
-95.0,?,?,True,,,dataset(V2.1),mc,,elsparkcykel: regnskydd/lås,elsparkcykel-inga-traffar,https://www.temu.com/se/g-elsparkcykel-inga-traffar.html,,5.0,ELIM,object,elsparkcykeln förvaras inomhus när den inte används,,,,,,,,,,,,,fel publik,False
-95.0,?,?,True,,,dataset(V2.1),pool,"1pc adjustable tub side tray table with non-slip, 2 cup holders, snack/beverage holder, fits spa/pool/bathtub (ur söktit",Badkar inomhus (i praktiken),601099550700140,https://www.temu.com/se/g-601099550700140.html,,5.0,ELIM,object,Inomhus-commodity (badkarsbricka).,,,,,,Rusta/Clas Ohlson badkarsbrickor enligt kännedom — ej verifierad,,,,,,,—,False
-95.0,?,?,True,,,dataset(V2.1),pool,"Bath pillow for tub, non-slip 4D air mesh, 6 suction cups, spa cushion (ur söktitel)",Badkar inomhus,601099512985572,https://www.temu.com/se/g-601099512985572.html,,5.0,ELIM,object,"Inomhus, personlig komfort.",,,,,,Rusta/Clas Ohlson enligt kännedom — ej verifierad,,,,,,,—,False
-95.0,?,?,True,,,dataset(V2.1),pool,"Pool thermometer with floating tube, quick-read scale, cartoon-style figure (ur söktitel)",Pool,601101734847331,https://www.temu.com/se/g-601101734847331.html,,5.0,ELIM,presence,Sommarobjekt — poolen är stängd.,,,,,,Jula/Biltema/Rusta 39–99 kr enligt kännedom — ej verifierad,,,,,,,—,False
-95.0,?,?,True,,,dataset(V2.1),tomt,"Outdoor Mailbox Cover, Weather Resistant Protective Wrap (ur Temu-söksida, 2,67 USD)",US-brevlåda (rundad 'rural mailbox'),607158838067971,https://www.temu.com/se/g-607158838067971.html,,5.0,ELIM,object,"Passar bara amerikansk brevlådeform; dekor, inte skydd",,,,,,,,,,,,,Fel objekt,False
-95,?,?,True,,,v22/fas2/husvagn-mc.json,husvagn-mc,car ramps 2pcs 5t 11000lbs portable heavy duty hydraulic car ramps,uppstallningsstod,601102191282764,https://www.temu.com/se/g-601102191282764.html,,,ELIM,object,FAIL,,,177.0,,4817,,,,,,,,Bilramp — fel objekt for klustret och langt over pristaket.,False
-95,?,?,True,,,v22/fas2/husvagn-mc.json,husvagn-mc,fit boat seat waterproof sun resistant foldable cushion for kayaks and rubber boats,atv-sadeloverdrag,601099575827648,https://www.temu.com/se/g-601099575827648.html,,,ELIM,object,FAIL,,,104.0,,2830,,,,,,,,Batsits — annat kluster.,False
-95,?,?,True,,,v22/fas2/husvagn-mc.json,husvagn-mc,portable car refrigerator car mini fridge 12v car cooler portable camping fridge,husvagn-kyla,605971699076972,https://www.temu.com/se/g-605971699076972.html,,,ELIM,object,FAIL,,,146.0,,3974,,,,,,,,Samma som ovan.,False
-100.0,?,?,True,,,dataset(V2.1),djur,,utekatt — 'shelter with air conditioning and refrigerator',601101857427426,https://www.temu.com/se/g-601101857427426.html,,0.0,ELIM,object,Maskinöversatt brus; oklart vad produkten är,,,,,,,,,,,,,Maskinöversatt brus; oklart vad produkten är,False
-100.0,?,?,True,,,dataset(V2.1),djur,,'mini farm fence' leksak,601101126233251,https://www.temu.com/se/g-601101126233251.html,,0.0,ELIM,object,Leksak/miniatyr — sökbrus på 'paddock gate',,,,,,,,,,,,,Leksak/miniatyr — sökbrus på 'paddock gate',False
-100.0,?,?,True,,,dataset(V2.1),djur,,burfågel — automatisk badpump,605512758335277,https://www.temu.com/se/g-605512758335277.html,,0.0,ELIM,object,"Inomhus-burfågel, fel kluster",,,,,,,,,,,,,"Inomhus-burfågel, fel kluster",False
-100.0,?,?,True,,,dataset(V2.1),djur,,insektsdödare/bug zapper,601100401803699,https://www.temu.com/se/g-601100401803699.html,,0.0,ELIM,presence,Sommarprodukt + sökbrus,,,,,,,,,,,,,Sommarprodukt + sökbrus,False
-100.0,?,?,True,,,dataset(V2.1),djur,,insektsdödare/bug zapper,601102255051201,https://www.temu.com/se/g-601102255051201.html,,0.0,ELIM,presence,Sommarprodukt + sökbrus,,,,,,,,,,,,,Sommarprodukt + sökbrus,False
-100.0,?,?,True,,,dataset(V2.1),djur,,insektsdödare/bug zapper,605756682260633,https://www.temu.com/se/g-605756682260633.html,,0.0,ELIM,presence,Sommarprodukt + sökbrus,,,,,,,,,,,,,Sommarprodukt + sökbrus,False
-100.0,?,?,True,,,dataset(V2.1),djur,,insektsdödare/bug zapper,605758494222503,https://www.temu.com/se/g-605758494222503.html,,0.0,ELIM,presence,Sommarprodukt + sökbrus,,,,,,,,,,,,,Sommarprodukt + sökbrus,False
-100.0,?,?,True,,,dataset(V2.1),djur,,sökbrus — 12 V bilvärmare,601100075238601,https://www.temu.com/se/g-601100075238601.html,,0.0,ELIM,object,Träffade på sökordet men är inte ett djurtillbehör,,,,,,,,,,,,,Träffade på sökordet men är inte ett djurtillbehör,False
-100.0,?,?,True,,,dataset(V2.1),djur,,sökbrus — akvarievärmare 25 W,606517042492978,https://www.temu.com/se/g-606517042492978.html,,0.0,ELIM,object,Träffade på sökordet men är inte ett djurtillbehör,,,,,,,,,,,,,Träffade på sökordet men är inte ett djurtillbehör,False
-100.0,?,?,True,,,dataset(V2.1),djur,,sökbrus — serveringsbricka,601099543975416,https://www.temu.com/se/g-601099543975416.html,,0.0,ELIM,object,Träffade på sökordet men är inte ett djurtillbehör,,,,,,,,,,,,,Träffade på sökordet men är inte ett djurtillbehör,False
-100.0,?,?,True,,,dataset(V2.1),djur,,sökbrus — serveringsskedar,606111503604667,https://www.temu.com/se/g-606111503604667.html,,0.0,ELIM,object,Träffade på sökordet men är inte ett djurtillbehör,,,,,,,,,,,,,Träffade på sökordet men är inte ett djurtillbehör,False
-100.0,?,?,True,,,dataset(V2.1),djur,,sökbrus — kylbox camping,601099794657398,https://www.temu.com/se/g-601099794657398.html,,0.0,ELIM,object,Träffade på sökordet men är inte ett djurtillbehör,,,,,,,,,,,,,Träffade på sökordet men är inte ett djurtillbehör,False
-100.0,?,?,True,,,dataset(V2.1),djur,,sökbrus — kylbox,601100206740536,https://www.temu.com/se/g-601100206740536.html,,0.0,ELIM,object,Träffade på sökordet men är inte ett djurtillbehör,,,,,,,,,,,,,Träffade på sökordet men är inte ett djurtillbehör,False
-100.0,?,?,True,,,dataset(V2.1),djur,,sökbrus — campingtoalett,606274024505573,https://www.temu.com/se/g-606274024505573.html,,0.0,ELIM,object,Träffade på sökordet men är inte ett djurtillbehör,,,,,,,,,,,,,Träffade på sökordet men är inte ett djurtillbehör,False
-100.0,?,?,True,,,dataset(V2.1),djur,,sökbrus — kaninbur inomhus,606320866517804,https://www.temu.com/se/g-606320866517804.html,,0.0,ELIM,object,Träffade på sökordet men är inte ett djurtillbehör,,,,,,,,,,,,,Träffade på sökordet men är inte ett djurtillbehör,False
-100.0,?,?,True,,,dataset(V2.1),djur,,sökbrus — betesbur fiske,601099516140942,https://www.temu.com/se/g-601099516140942.html,,0.0,ELIM,object,Träffade på sökordet men är inte ett djurtillbehör,,,,,,,,,,,,,Träffade på sökordet men är inte ett djurtillbehör,False
-100.0,?,?,True,,,dataset(V2.1),djur,,sökbrus — handduksställ,601099949381051,https://www.temu.com/se/g-601099949381051.html,,0.0,ELIM,object,Träffade på sökordet men är inte ett djurtillbehör,,,,,,,,,,,,,Träffade på sökordet men är inte ett djurtillbehör,False
-100.0,?,?,True,,,dataset(V2.1),djur,,sökbrus — filtstege,601100004505025,https://www.temu.com/se/g-601100004505025.html,,0.0,ELIM,object,Träffade på sökordet men är inte ett djurtillbehör,,,,,,,,,,,,,Träffade på sökordet men är inte ett djurtillbehör,False
-100.0,?,?,True,,,dataset(V2.1),djur,,sökbrus — filtstege trä,601104658956224,https://www.temu.com/se/g-601104658956224.html,,0.0,ELIM,object,Träffade på sökordet men är inte ett djurtillbehör,,,,,,,,,,,,,Träffade på sökordet men är inte ett djurtillbehör,False
-100.0,?,?,True,,,dataset(V2.1),djur,,sökbrus — vattenflaska smådjur 300 ml,605543880089583,https://www.temu.com/se/g-605543880089583.html,,0.0,ELIM,object,Träffade på sökordet men är inte ett djurtillbehör,,,,,,,,,,,,,Träffade på sökordet men är inte ett djurtillbehör,False
-100.0,?,?,True,,,dataset(V2.1),djur,,sökbrus — badbalja barn,601100199448900,https://www.temu.com/se/g-601100199448900.html,,0.0,ELIM,object,Träffade på sökordet men är inte ett djurtillbehör,,,,,,,,,,,,,Träffade på sökordet men är inte ett djurtillbehör,False
-100.0,?,?,True,,,dataset(V2.1),djur,,sökbrus — termosflaska,601103147362670,https://www.temu.com/se/g-601103147362670.html,,0.0,ELIM,object,Träffade på sökordet men är inte ett djurtillbehör,,,,,,,,,,,,,Träffade på sökordet men är inte ett djurtillbehör,False
-100.0,?,?,True,,,dataset(V2.1),djur,,sökbrus — kryddställ,601099528883503,https://www.temu.com/se/g-601099528883503.html,,0.0,ELIM,object,Träffade på sökordet men är inte ett djurtillbehör,,,,,,,,,,,,,Träffade på sökordet men är inte ett djurtillbehör,False
-100.0,?,?,True,,,dataset(V2.1),djur,,sökbrus — saltkar,601100670270008,https://www.temu.com/se/g-601100670270008.html,,0.0,ELIM,object,Träffade på sökordet men är inte ett djurtillbehör,,,,,,,,,,,,,Träffade på sökordet men är inte ett djurtillbehör,False
-100.0,?,?,True,,,dataset(V2.1),djur,,sökbrus — köksställ,601105214968664,https://www.temu.com/se/g-601105214968664.html,,0.0,ELIM,object,Träffade på sökordet men är inte ett djurtillbehör,,,,,,,,,,,,,Träffade på sökordet men är inte ett djurtillbehör,False
-100.0,?,?,True,,,dataset(V2.1),djur,,sökbrus — saltkar keramik,606032835267682,https://www.temu.com/se/g-606032835267682.html,,0.0,ELIM,object,Träffade på sökordet men är inte ett djurtillbehör,,,,,,,,,,,,,Träffade på sökordet men är inte ett djurtillbehör,False
-100.0,?,?,True,,,dataset(V2.1),djur,,häst — 'hoof trimming tool / nail clippers / ear pick',601100789960736,https://www.temu.com/se/g-601100789960736.html,,0.0,ELIM,object,"Maskinöversatt brus, oklart objekt",,,,,,,,,,,,,"Maskinöversatt brus, oklart objekt",False
-100.0,?,?,True,,,dataset(V2.1),djur,,hund — avokadoformad bajspåshållare,601103073557161,https://www.temu.com/se/g-601103073557161.html,,0.0,ELIM,object,"< 199 kr, mode/kul",,,,,,,,,,,,,"< 199 kr, mode/kul",False
-100.0,?,?,True,,,dataset(V2.1),djur,,hund — träbur/möbel inomhus,601104839338183,https://www.temu.com/se/g-601104839338183.html,,0.0,ELIM,object,Inomhusmöbel,,,,,,,,,,,,,Inomhusmöbel,False
-100.0,?,?,True,,,dataset(V2.1),djur,,fruktnätpåsar 60/100 st,606115999905952,https://www.temu.com/se/g-606115999905952.html,,0.0,ELIM,object,Förbrukning + sommarprodukt,,,,,,,,,,,,,Förbrukning + sommarprodukt,False
-100.0,?,?,True,,,dataset(V2.1),djur,,fruktnätpåsar 60/100 st,606236795868547,https://www.temu.com/se/g-606236795868547.html,,0.0,ELIM,object,Förbrukning + sommarprodukt,,,,,,,,,,,,,Förbrukning + sommarprodukt,False
-100.0,?,?,True,,,dataset(V2.1),djur,,50 st burkoppar,601103076195508,https://www.temu.com/se/g-601103076195508.html,,0.0,ELIM,object,Bulk/kit,,,,,,,,,,,,,Bulk/kit,False
-100.0,?,?,True,,,dataset(V2.1),garage,"Wall-Mounted Holder for EV, SAE (J1772) connector, cable hanger + rain cover",Laddhandtag J1772 (USA-standard),605918834055749,https://www.temu.com/se/g-605918834055749.html,,0.0,ELIM,object,J1772/SAE finns inte på svenska bilar (Typ 2/CCS2). Fel objekt,,,,,,,,,,,,,—,False
-100.0,?,?,True,,,dataset(V2.1),garage,"Ev Charger Holder Set, SAE J1772 nozzle holster dock with J-hook",J1772-handtag,601099574536303,https://www.temu.com/se/g-601099574536303.html,,0.0,ELIM,object,USA-standard J1772 — svenska bilar har Typ 2,,,,,,,,,,,,,—,False
-100.0,OK,?,True,,,dataset(V2.1),garage,"Universal 36""W trailer towing hitch step bar (2-inch receiver)",2-tums receiver,603289617821190,https://www.temu.com/se/g-603289617821190.html,,0.0,ELIM,object,Receiver-standard finns inte på svenska bilar,215,snippet,,,,,,,,,,,—,False
-100.0,OK,?,True,,,dataset(V2.1),garage,2 Inch Trailer Hitch Mount Anti Rattle Stabilizer,2-tums receiver,601102027949537,https://www.temu.com/se/g-601102027949537.html,,0.0,ELIM,object,Receiver-standard,246,snippet,,,,,,,,,,,—,False
-120.0,KILL,?,True,,,v22/fas2/maskiner.json,maskiner,"Portable Chainsaw Sharpener, Chainsaw Sharpening Kit, Fast Chain Saw Sharpener Tool, Portable Hand Crank Chain Grinder",Kedjeslip / filsats till motorsågen (handvevad jigg),601100242284966,https://www.temu.com/se/g-601100242284966.html,,20.0,ELIM,object,FAIL,2309,snippet,8.32,,299.0,,,,,299.0,,Är sågkedjan slö?,"Redan testad och förlorad i kontot. Lärdomen är Temu-siffrorna: 4,7 av 5 på 2 309 recensioner och ändå en förlorare hos oss.",False
-125.0,KILL,?,True,,,dataset(V2.1),mc,Motorcycle Chain Cleaning Kit with Brush and Gear Cleaner - Lubricating Tool for Motorbike Chains,kedjerengöringskit (borste + rengörare + smörjverktyg),601099554948535,https://www.temu.com/se/g-601099554948535.html,,15.0,ELIM,object,kit/N-i-1 och underhållsförbrukning — utesluts av fingeravtrycket steg 0,2335,snippet,,,,Biltema/Jula (kedjeborste),,,,,,,kit utan payoff i bild,False
-140.0,KILL,?,True,,,dataset(V2.1),garage,"Hitch LED Light, 4-inch, for 2-inch receiver",2-tums hitch receiver (USA),601099977876775,https://www.temu.com/se/g-601099977876775.html,,0.0,ELIM,object,"Svenska bilar har 50 mm kula, inte fyrkantsreceiver. 1 268 recensioner är USA",1268,snippet,,,,,,,,,,,—,False
