kluster,goods_id,title,temu_price_sek,rating,review_count,object,eliminated_at,tier,structure_match,category_novelty,video_checked,hook,se_price_est,confidence,url_se,gate_object,gate_presence,gate_shelf,gate_material,gate_economics,gate_variant,gate_hook,gate_audience
bat,601099584417825,,,,,Presenning över båt på trailer/bockar (vinterförvaring),shelf,ELIM,70,60,False,Samlas det vatten på båtpresenningen?,,MEDIUM,https://www.temu.com/se/g-601099584417825.html,PASS,PASS,FAIL,UNCERTAIN,UNCERTAIN,PASS,PASS,PASS
bat,603262161892743,,,,,Presenning över båt på trailer/bockar,shelf,ELIM,60,60,False,Samlas det vatten på båtpresenningen?,,LOW,https://www.temu.com/se/g-603262161892743.html,PASS,PASS,FAIL,UNCERTAIN,UNCERTAIN,UNCERTAIN,PASS,PASS
bat,601099668451164,,,,,Presenning över båt,shelf,ELIM,60,60,False,Samlas det vatten på båtpresenningen?,,LOW,https://www.temu.com/se/g-601099668451164.html,PASS,PASS,FAIL,UNCERTAIN,UNCERTAIN,PASS,PASS,PASS
bat,601100312972322,,,,,Utombordare med power-trim på trailerbåt,,C (latent behov),55,70,False,Står din utombordare på trailern i vinter?,,LOW,https://www.temu.com/se/g-601100312972322.html,PASS,PASS,PASS,UNCERTAIN,UNCERTAIN,UNCERTAIN,PASS,PASS
bat,601100200308437,,,,,Utombordare med power-trim på trailerbåt,,C (latent behov),50,70,False,Står din utombordare på trailern i vinter?,,LOW,https://www.temu.com/se/g-601100200308437.html,PASS,PASS,PASS,UNCERTAIN,UNCERTAIN,UNCERTAIN,PASS,PASS
bat,601099889254596,"En bågskydd för utombordsmotorer, universella marinmotorfästen och bogserbåtsmotorlås, gummifästen för båtmotorer, utombordsmotorfästen för bogserbåtar och marintillbehör",299.35,4.7,52,Utombordare på trailerbåt,material,C,35,70,False,Står din utombordare på trailern i vinter?,1079,HIGH,https://www.temu.com/se/g-601099889254596.html,PASS,PASS,PASS,FAIL,FAIL,PASS,PASS,PASS
bat,601099611345347,,,,,Propellern på en utombordare som står på trailer/bockar,,"C (want, inte need)",45,55,False,Står båten på trailern i vinter?,,LOW,https://www.temu.com/se/g-601099611345347.html,PASS,UNCERTAIN,PASS,UNCERTAIN,UNCERTAIN,UNCERTAIN,PASS,PASS
bat,601100875031411,,,,,Bunkar (mattklädda balkar) på båttrailern,,C (publik + mått),50,75,False,Svårt att dra upp båten på trailern?,,LOW,https://www.temu.com/se/g-601100875031411.html,PASS,PASS,UNCERTAIN,UNCERTAIN,UNCERTAIN,UNCERTAIN,PASS,UNCERTAIN
bat,601102184182476,,,,,Båttrailer vid rampen,,B,55,70,False,Svårt att träffa trailern vid upptagning?,,LOW,https://www.temu.com/se/g-601102184182476.html,PASS,PASS,PASS,UNCERTAIN,UNCERTAIN,PASS,PASS,PASS
bat,601100131470883,,,,,Båttrailer,,B (dubblett),50,70,False,Svårt att träffa trailern vid upptagning?,,LOW,https://www.temu.com/se/g-601100131470883.html,PASS,PASS,PASS,UNCERTAIN,UNCERTAIN,PASS,PASS,PASS
bat,605544031069820,,,,,Befintliga styrstolpar på båttrailern,audience,C,30,70,False,Har du styrstolpar på båttrailern?,,MEDIUM,https://www.temu.com/se/g-605544031069820.html,PASS,UNCERTAIN,PASS,UNCERTAIN,UNCERTAIN,PASS,PASS,FAIL
bat,601099608041027,,,,,Utombordare som tas av båten vid upptagningen,shelf,ELIM,30,65,False,Var ska utombordaren stå i vinter?,,HIGH,https://www.temu.com/se/g-601099608041027.html,UNCERTAIN,PASS,FAIL,UNCERTAIN,UNCERTAIN,UNCERTAIN,PASS,PASS
bat,601099651895693,,,,,Löstagbar utombordare,shelf,ELIM,30,65,False,Var ska utombordaren stå i vinter?,,HIGH,https://www.temu.com/se/g-601099651895693.html,UNCERTAIN,PASS,FAIL,UNCERTAIN,UNCERTAIN,UNCERTAIN,PASS,PASS
bat,601099579132889,,,,,Löstagbar utombordare,shelf,ELIM,30,65,False,Var ska utombordaren stå i vinter?,,HIGH,https://www.temu.com/se/g-601099579132889.html,UNCERTAIN,PASS,FAIL,UNCERTAIN,UNCERTAIN,UNCERTAIN,PASS,PASS
bat,601099547922853,,,,,Hjulnaven på båttrailern,variant,C,35,75,False,Doppar du båttrailern i sjön?,,MEDIUM,https://www.temu.com/se/g-601099547922853.html,PASS,PASS,PASS,UNCERTAIN,UNCERTAIN,FAIL,PASS,PASS
bat,601099616420647,,,,,Kajak/kanot som ligger ute,,C (överdrag + marketplace),60,35,False,Ligger kajaken ute i vinter?,,LOW,https://www.temu.com/se/g-601099616420647.html,PASS,PASS,PASS,UNCERTAIN,UNCERTAIN,PASS,PASS,PASS
bat,601099891730383,,,,,Vattenskoter på trailer,audience,C,35,40,False,Står vattenskotern ute i vinter?,,MEDIUM,https://www.temu.com/se/g-601099891730383.html,PASS,PASS,PASS,UNCERTAIN,UNCERTAIN,UNCERTAIN,PASS,FAIL
bat,601100400104656,,,,,Kajak,shelf,ELIM,30,60,False,"Tung att bära, kajaken?",,HIGH,https://www.temu.com/se/g-601100400104656.html,PASS,PASS,FAIL,UNCERTAIN,UNCERTAIN,PASS,PASS,PASS
bat,601099582105476,,,,,Båtstolar (pedestal/captain) i öppen båt,shelf,ELIM,30,45,False,Möglar båtstolarna i vinter?,,MEDIUM,https://www.temu.com/se/g-601099582105476.html,PASS,PASS,FAIL,UNCERTAIN,UNCERTAIN,FAIL,PASS,UNCERTAIN
bat,601099659168136,,,,,Båttrailerns kulkoppling,shelf,ELIM,25,60,False,Står båttrailern olåst i vinter?,,HIGH,https://www.temu.com/se/g-601099659168136.html,PASS,PASS,FAIL,UNCERTAIN,UNCERTAIN,FAIL,PASS,PASS
bat,601100094895279,,,,,Förtöjning vid brygga,presence,ELIM,30,15,False,Rycker det i förtöjningen?,,HIGH,https://www.temu.com/se/g-601100094895279.html,PASS,FAIL,UNCERTAIN,UNCERTAIN,UNCERTAIN,PASS,PASS,PASS
bat,601100138956507,,,,,Bryggkant,presence,ELIM,25,55,False,Skrapar båten mot bryggan?,,HIGH,https://www.temu.com/se/g-601100138956507.html,PASS,FAIL,FAIL,UNCERTAIN,UNCERTAIN,UNCERTAIN,PASS,PASS
bat,601099596740532,,,,,Brygga,presence,ELIM,20,50,False,Svårt att ta sig upp på bryggan?,,HIGH,https://www.temu.com/se/g-601099596740532.html,PASS,FAIL,FAIL,UNCERTAIN,UNCERTAIN,UNCERTAIN,PASS,PASS
bat,601099876638963,,,,,Rorkultsmotor,presence,ELIM,35,70,False,Når du inte rorkulten?,,HIGH,https://www.temu.com/se/g-601099876638963.html,PASS,FAIL,UNCERTAIN,UNCERTAIN,UNCERTAIN,PASS,PASS,PASS
bat,601099575470280,,,,,Båttrailer,shelf,ELIM,25,60,False,Slocknar trailerbelysningen efter sjösättningen?,,HIGH,https://www.temu.com/se/g-601099575470280.html,PASS,PASS,FAIL,UNCERTAIN,UNCERTAIN,UNCERTAIN,PASS,PASS
bat,601099904233226,,,,,Trailerbunkar,variant,C,25,70,False,Sliten matta på trailerbunkarna?,,MEDIUM,https://www.temu.com/se/g-601099904233226.html,PASS,PASS,UNCERTAIN,UNCERTAIN,UNCERTAIN,FAIL,PASS,UNCERTAIN
bat,601099614786727,,,,,Kajak i garage/under altan,object,ELIM,30,55,False,Var ska kajaken hänga i vinter?,,HIGH,https://www.temu.com/se/g-601099614786727.html,FAIL,PASS,UNCERTAIN,UNCERTAIN,UNCERTAIN,PASS,PASS,PASS
bat,602380619876633,,,,,Kajuta/båt under presenning,object,ELIM,15,70,False,Luktar det mögel i kajutan?,,HIGH,https://www.temu.com/se/g-602380619876633.html,FAIL,PASS,FAIL,UNCERTAIN,UNCERTAIN,PASS,PASS,PASS
bat,601099512967760,,,,,Båtbatteri,object,ELIM,15,60,False,Ärgar polerna på båtbatteriet?,,HIGH,https://www.temu.com/se/g-601099512967760.html,FAIL,PASS,FAIL,UNCERTAIN,UNCERTAIN,PASS,PASS,PASS
bat,601099529754667,,,,,Kapell med tryckknappar,,C (< 199 kr),35,65,False,Når kapellknapparna inte längre?,,MEDIUM,https://www.temu.com/se/g-601099529754667.html,PASS,UNCERTAIN,UNCERTAIN,UNCERTAIN,UNCERTAIN,PASS,PASS,PASS
bat,601099517756820,,,,,Bränsle till utombordaren,object,ELIM,15,60,False,Var förvarar du båtbensinen i vinter?,,HIGH,https://www.temu.com/se/g-601099517756820.html,FAIL,PASS,FAIL,UNCERTAIN,UNCERTAIN,PASS,UNCERTAIN,PASS
djur,601101118338671,,,,,utekatten + trappen/altanen/uthuset,,B,78,85,False,Har du en utekatt?,599,MEDIUM,https://www.temu.com/se/g-601101118338671.html,PASS,PASS,PASS,UNCERTAIN,UNCERTAIN,PASS,PASS,PASS
djur,601102077704284,,,,,utekatten + trappen/altanen/uthuset,,B (dubblett),70,85,False,Har du en utekatt?,599,MEDIUM,https://www.temu.com/se/g-601102077704284.html,PASS,PASS,PASS,UNCERTAIN,UNCERTAIN,PASS,PASS,PASS
djur,601099539458313,,,,,utekatten + trappen/altanen/uthuset,,B (dubblett),72,85,False,Har du en utekatt?,599,MEDIUM,https://www.temu.com/se/g-601099539458313.html,PASS,PASS,PASS,UNCERTAIN,UNCERTAIN,PASS,PASS,PASS
djur,601104350112825,,,,,utekatten + trappen/altanen/uthuset,,B (dubblett),68,85,False,Har du en utekatt?,599,LOW,https://www.temu.com/se/g-601104350112825.html,PASS,PASS,PASS,UNCERTAIN,UNCERTAIN,PASS,PASS,PASS
djur,601104350023541,,,,,utekatten + trappen/altanen/uthuset,,B (dubblett),66,85,False,Har du en utekatt?,599,LOW,https://www.temu.com/se/g-601104350023541.html,PASS,PASS,PASS,UNCERTAIN,UNCERTAIN,PASS,PASS,PASS
djur,601105519310315,,,,,utekatten + trappen/altanen/uthuset,,B (dubblett),66,85,False,Har du en utekatt?,599,LOW,https://www.temu.com/se/g-601105519310315.html,PASS,PASS,PASS,UNCERTAIN,UNCERTAIN,PASS,PASS,PASS
djur,606210405331698,,,,,utekatt — upphöjd koja med klar flapdörr,shelf,ELIM,40,70,False,,,MEDIUM,https://www.temu.com/se/g-606210405331698.html,PASS,PASS,FAIL,UNCERTAIN,UNCERTAIN,UNCERTAIN,UNCERTAIN,UNCERTAIN
djur,601103258707324,,,,,utekatt — träkoja med stege,economics,ELIM,30,60,False,,,HIGH,https://www.temu.com/se/g-601103258707324.html,PASS,PASS,UNCERTAIN,UNCERTAIN,FAIL,UNCERTAIN,UNCERTAIN,UNCERTAIN
djur,603019672432129,,,,,utekatt — eluppvärmd koja,object,ELIM,25,80,False,,,HIGH,https://www.temu.com/se/g-603019672432129.html,FAIL,UNCERTAIN,UNCERTAIN,UNCERTAIN,UNCERTAIN,UNCERTAIN,UNCERTAIN,UNCERTAIN
djur,601101857427426,,,,,utekatt — 'shelter with air conditioning and refrigerator',object,ELIM,0,0,False,,,HIGH,https://www.temu.com/se/g-601101857427426.html,FAIL,UNCERTAIN,UNCERTAIN,UNCERTAIN,UNCERTAIN,UNCERTAIN,UNCERTAIN,UNCERTAIN
djur,601099578348331,,,,,bilens baksäte + hunden (jakthund/stor hund),,B,62,60,False,Åker hunden i baksätet?,699,MEDIUM,https://www.temu.com/se/g-601099578348331.html,PASS,PASS,PASS,UNCERTAIN,UNCERTAIN,UNCERTAIN,PASS,PASS
djur,601101953587389,,,,,bilens baksäte + hunden (jakthund/stor hund),,B (dubblett),60,60,False,Åker hunden i baksätet?,699,MEDIUM,https://www.temu.com/se/g-601101953587389.html,PASS,PASS,PASS,UNCERTAIN,UNCERTAIN,UNCERTAIN,PASS,PASS
djur,601102889652570,,,,,bilens baksäte + hunden (jakthund/stor hund),,B (dubblett),55,60,False,Åker hunden i baksätet?,699,LOW,https://www.temu.com/se/g-601102889652570.html,PASS,PASS,PASS,UNCERTAIN,UNCERTAIN,UNCERTAIN,PASS,PASS
djur,606051709617623,,,,,bilens baksäte + hunden (jakthund/stor hund),,B (dubblett),55,60,False,Åker hunden i baksätet?,699,LOW,https://www.temu.com/se/g-606051709617623.html,PASS,PASS,PASS,UNCERTAIN,UNCERTAIN,UNCERTAIN,PASS,PASS
djur,606422871955299,,,,,bilens baksäte + hunden (jakthund/stor hund),,B (dubblett),45,60,False,Åker hunden i baksätet?,699,LOW,https://www.temu.com/se/g-606422871955299.html,PASS,PASS,PASS,UNCERTAIN,UNCERTAIN,UNCERTAIN,PASS,PASS
djur,601102892618171,,,,,bilens baksäte + hunden (jakthund/stor hund),,B (dubblett),58,60,False,Åker hunden i baksätet?,699,LOW,https://www.temu.com/se/g-601102892618171.html,PASS,PASS,PASS,UNCERTAIN,UNCERTAIN,UNCERTAIN,PASS,PASS
djur,601102323006659,,,,,bilens baksäte — 'back seat extender … hammock',shelf,ELIM,30,40,False,,,LOW,https://www.temu.com/se/g-601102323006659.html,PASS,PASS,FAIL,UNCERTAIN,UNCERTAIN,UNCERTAIN,UNCERTAIN,UNCERTAIN
djur,601100567596113,,,,,bilens baksäte — seat cover/extender heavy duty,shelf,ELIM,25,30,False,,,MEDIUM,https://www.temu.com/se/g-601100567596113.html,PASS,PASS,FAIL,UNCERTAIN,UNCERTAIN,UNCERTAIN,UNCERTAIN,UNCERTAIN
djur,601099719204144,,,,,bilens baksäte — sätesskydd med mittkonsolkudde,shelf,ELIM,20,20,False,,,HIGH,https://www.temu.com/se/g-601099719204144.html,PASS,PASS,FAIL,UNCERTAIN,UNCERTAIN,UNCERTAIN,UNCERTAIN,UNCERTAIN
djur,601105260939830,,,,,hunden efter höstpromenaden + hallen/bilen,shelf,ELIM,48,35,False,Blöt hund efter varje promenad?,349,MEDIUM,https://www.temu.com/se/g-601105260939830.html,PASS,PASS,FAIL,UNCERTAIN,UNCERTAIN,UNCERTAIN,PASS,PASS
djur,601099574621568,,,,,hunden efter höstpromenaden + hallen/bilen,,B,42,35,False,Blöt hund efter varje promenad?,349,MEDIUM,https://www.temu.com/se/g-601099574621568.html,PASS,PASS,UNCERTAIN,UNCERTAIN,UNCERTAIN,UNCERTAIN,PASS,PASS
djur,601100302415687,,,,,hunden efter höstpromenaden + hallen/bilen,,B,42,35,False,Blöt hund efter varje promenad?,349,LOW,https://www.temu.com/se/g-601100302415687.html,PASS,PASS,UNCERTAIN,UNCERTAIN,UNCERTAIN,UNCERTAIN,PASS,PASS
djur,601102028678747,,,,,hunden efter höstpromenaden + hallen/bilen,,B,40,35,False,Blöt hund efter varje promenad?,349,LOW,https://www.temu.com/se/g-601102028678747.html,PASS,PASS,UNCERTAIN,UNCERTAIN,UNCERTAIN,UNCERTAIN,PASS,PASS
djur,601101956531898,,,,,"hund/katt — 'bathrobe for small medium dogs, cats'",object,ELIM,15,30,False,,,MEDIUM,https://www.temu.com/se/g-601101956531898.html,FAIL,UNCERTAIN,UNCERTAIN,UNCERTAIN,UNCERTAIN,UNCERTAIN,UNCERTAIN,UNCERTAIN
djur,601105490445990,,,,,hundgården/hundkojan på tomten,,B,58,75,False,Sover hunden ute i höst?,799,MEDIUM,https://www.temu.com/se/g-601105490445990.html,PASS,PASS,PASS,UNCERTAIN,UNCERTAIN,UNCERTAIN,PASS,PASS
djur,601101524039931,,,,,hundens tassar vid dörren — uppladdningsbar tvättkopp,shelf,ELIM,25,20,False,,,HIGH,https://www.temu.com/se/g-601101524039931.html,PASS,PASS,FAIL,UNCERTAIN,UNCERTAIN,UNCERTAIN,UNCERTAIN,UNCERTAIN
djur,606507848543081,,,,,hundens tassar — '5-in-1 grooming kit',object,ELIM,10,10,False,,,HIGH,https://www.temu.com/se/g-606507848543081.html,FAIL,UNCERTAIN,UNCERTAIN,UNCERTAIN,UNCERTAIN,UNCERTAIN,UNCERTAIN,UNCERTAIN
djur,601101107912093,,,,,hundens tassar — tvättkopp,shelf,ELIM,20,15,False,,,HIGH,https://www.temu.com/se/g-601101107912093.html,PASS,PASS,FAIL,UNCERTAIN,UNCERTAIN,UNCERTAIN,UNCERTAIN,UNCERTAIN
djur,606194114598443,,,,,hundens tassar — tvättkopp,shelf,ELIM,20,15,False,,,HIGH,https://www.temu.com/se/g-606194114598443.html,PASS,PASS,FAIL,UNCERTAIN,UNCERTAIN,UNCERTAIN,UNCERTAIN,UNCERTAIN
djur,601103437809077,,,,,ytterdörren — 3-flaps hundlucka,shelf,ELIM,20,30,False,,,MEDIUM,https://www.temu.com/se/g-601103437809077.html,PASS,PASS,FAIL,UNCERTAIN,UNCERTAIN,UNCERTAIN,UNCERTAIN,UNCERTAIN
djur,601099644426506,,,,,hunden — reflexsele,object,ELIM,10,5,False,,,HIGH,https://www.temu.com/se/g-601099644426506.html,FAIL,UNCERTAIN,UNCERTAIN,UNCERTAIN,UNCERTAIN,UNCERTAIN,UNCERTAIN,UNCERTAIN
djur,601099546659893,,,,,hunden — reflexsele,object,ELIM,10,5,False,,,HIGH,https://www.temu.com/se/g-601099546659893.html,FAIL,UNCERTAIN,UNCERTAIN,UNCERTAIN,UNCERTAIN,UNCERTAIN,UNCERTAIN,UNCERTAIN
djur,601101449940346,,,,,hunden — 'military style' reflexsele,object,ELIM,5,5,False,,,HIGH,https://www.temu.com/se/g-601101449940346.html,FAIL,UNCERTAIN,UNCERTAIN,UNCERTAIN,UNCERTAIN,UNCERTAIN,UNCERTAIN,UNCERTAIN
djur,601100240815505,,,,,hundsäng inomhus — termostatisk,object,ELIM,5,10,False,,,HIGH,https://www.temu.com/se/g-601100240815505.html,FAIL,UNCERTAIN,UNCERTAIN,UNCERTAIN,UNCERTAIN,UNCERTAIN,UNCERTAIN,UNCERTAIN
djur,601103966710621,,,,,hundsäng — eluppvärmd,object,ELIM,5,10,False,,,HIGH,https://www.temu.com/se/g-601103966710621.html,FAIL,UNCERTAIN,UNCERTAIN,UNCERTAIN,UNCERTAIN,UNCERTAIN,UNCERTAIN,UNCERTAIN
djur,601105519571759,,,,,självvärmande dyna 2-pack,object,ELIM,5,5,False,,,HIGH,https://www.temu.com/se/g-601105519571759.html,FAIL,UNCERTAIN,UNCERTAIN,UNCERTAIN,UNCERTAIN,UNCERTAIN,UNCERTAIN,UNCERTAIN
djur,606067077576680,,,,,självvärmande dyna 2-pack,object,ELIM,5,5,False,,,HIGH,https://www.temu.com/se/g-606067077576680.html,FAIL,UNCERTAIN,UNCERTAIN,UNCERTAIN,UNCERTAIN,UNCERTAIN,UNCERTAIN,UNCERTAIN
djur,605587903497387,,,,,hundpool hopfällbar,presence,ELIM,15,20,False,,,HIGH,https://www.temu.com/se/g-605587903497387.html,PASS,FAIL,UNCERTAIN,UNCERTAIN,UNCERTAIN,UNCERTAIN,UNCERTAIN,UNCERTAIN
djur,606513871565427,,,,,hundpool hopfällbar,presence,ELIM,15,20,False,,,HIGH,https://www.temu.com/se/g-606513871565427.html,PASS,FAIL,UNCERTAIN,UNCERTAIN,UNCERTAIN,UNCERTAIN,UNCERTAIN,UNCERTAIN
djur,601099615823125,,,,,hundgård i metall med tak,economics,ELIM,10,20,False,,,HIGH,https://www.temu.com/se/g-601099615823125.html,PASS,PASS,UNCERTAIN,UNCERTAIN,FAIL,UNCERTAIN,UNCERTAIN,UNCERTAIN
djur,601099634343424,,,,,hundgård i metall med tak,economics,ELIM,10,20,False,,,HIGH,https://www.temu.com/se/g-601099634343424.html,PASS,PASS,UNCERTAIN,UNCERTAIN,FAIL,UNCERTAIN,UNCERTAIN,UNCERTAIN
djur,601099685682824,,,,,hundgård i metall med tak,economics,ELIM,10,20,False,,,HIGH,https://www.temu.com/se/g-601099685682824.html,PASS,PASS,UNCERTAIN,UNCERTAIN,FAIL,UNCERTAIN,UNCERTAIN,UNCERTAIN
djur,601099980073618,,,,,hundgård i metall med tak,economics,ELIM,10,20,False,,,HIGH,https://www.temu.com/se/g-601099980073618.html,PASS,PASS,UNCERTAIN,UNCERTAIN,FAIL,UNCERTAIN,UNCERTAIN,UNCERTAIN
djur,601099583683673,,,,,hundgård i metall med tak,economics,ELIM,10,20,False,,,HIGH,https://www.temu.com/se/g-601099583683673.html,PASS,PASS,UNCERTAIN,UNCERTAIN,FAIL,UNCERTAIN,UNCERTAIN,UNCERTAIN
djur,606484561816055,,,,,vattenskål inomhus (slow feeder),object,ELIM,5,5,False,,,HIGH,https://www.temu.com/se/g-606484561816055.html,FAIL,UNCERTAIN,UNCERTAIN,UNCERTAIN,UNCERTAIN,UNCERTAIN,UNCERTAIN,UNCERTAIN
djur,603266490408979,,,,,hönshuset/hönsgårdens vattenautomat,,C (> 1 000 + spänning),45,80,False,Fryser hönsens vatten på natten?,,LOW,https://www.temu.com/se/g-603266490408979.html,PASS,UNCERTAIN,UNCERTAIN,UNCERTAIN,UNCERTAIN,UNCERTAIN,PASS,PASS
djur,601103331613427,,,,,hönshusets lucka,,C (tre flaggor),50,55,False,Vem stänger hönsluckan när det är mörkt?,799,MEDIUM,https://www.temu.com/se/g-601103331613427.html,PASS,PASS,PASS,UNCERTAIN,UNCERTAIN,UNCERTAIN,PASS,PASS
djur,601100041729214,,,,,hönshusets lucka (solcell + ljussensor),,C (tre flaggor),45,55,False,Vem stänger hönsluckan när det är mörkt?,799,LOW,https://www.temu.com/se/g-601100041729214.html,PASS,PASS,PASS,UNCERTAIN,UNCERTAIN,UNCERTAIN,PASS,PASS
djur,601100375885392,,,,,hönshusets värprede,,C,40,60,False,Trampar hönsen sönder äggen?,699,LOW,https://www.temu.com/se/g-601100375885392.html,PASS,PASS,UNCERTAIN,UNCERTAIN,UNCERTAIN,PASS,PASS,PASS
djur,602525247862818,,,,,hönsgårdens foderautomat,economics,C,35,45,False,Äter råttorna hönsens foder?,,MEDIUM,https://www.temu.com/se/g-602525247862818.html,PASS,PASS,UNCERTAIN,UNCERTAIN,FAIL,PASS,PASS,PASS
djur,601102491328358,,,,,hönshus komplett walk-in,economics,ELIM,5,10,False,,,HIGH,https://www.temu.com/se/g-601102491328358.html,PASS,PASS,UNCERTAIN,UNCERTAIN,FAIL,UNCERTAIN,UNCERTAIN,UNCERTAIN
djur,603266893058356,,,,,hönshus — 250 W värmepanel,object,ELIM,10,40,False,,,HIGH,https://www.temu.com/se/g-603266893058356.html,FAIL,UNCERTAIN,UNCERTAIN,UNCERTAIN,UNCERTAIN,UNCERTAIN,UNCERTAIN,UNCERTAIN
djur,601101977788938,,,,,hönshus — 8 st automatiska vattenkoppar,object,ELIM,10,20,False,,,HIGH,https://www.temu.com/se/g-601101977788938.html,FAIL,UNCERTAIN,UNCERTAIN,UNCERTAIN,UNCERTAIN,UNCERTAIN,UNCERTAIN,UNCERTAIN
djur,606468371760901,,,,,hönshus — 10 st vattenkoppar-kit,object,ELIM,10,20,False,,,HIGH,https://www.temu.com/se/g-606468371760901.html,FAIL,UNCERTAIN,UNCERTAIN,UNCERTAIN,UNCERTAIN,UNCERTAIN,UNCERTAIN,UNCERTAIN
djur,601100359628804,,,,,hönshus — vattenkoppar + PVC-rör komplett set,object,ELIM,10,20,False,,,HIGH,https://www.temu.com/se/g-601100359628804.html,FAIL,UNCERTAIN,UNCERTAIN,UNCERTAIN,UNCERTAIN,UNCERTAIN,UNCERTAIN,UNCERTAIN
djur,601101121104330,,,,,hönshus — hängande PVC-rörsautomat 17 tum,shelf,ELIM,15,25,False,,,MEDIUM,https://www.temu.com/se/g-601101121104330.html,PASS,PASS,FAIL,UNCERTAIN,UNCERTAIN,UNCERTAIN,UNCERTAIN,UNCERTAIN
djur,601099913447058,,,,,äggkorg i tråd 4-pack,object,ELIM,5,5,False,,,HIGH,https://www.temu.com/se/g-601099913447058.html,FAIL,UNCERTAIN,UNCERTAIN,UNCERTAIN,UNCERTAIN,UNCERTAIN,UNCERTAIN,UNCERTAIN
djur,605827230441960,,,,,äggkorg i tyg 9 fickor,object,ELIM,5,5,False,,,HIGH,https://www.temu.com/se/g-605827230441960.html,FAIL,UNCERTAIN,UNCERTAIN,UNCERTAIN,UNCERTAIN,UNCERTAIN,UNCERTAIN,UNCERTAIN
djur,601101661727323,,,,,hönsgård/bärbuskar — fågelnät 50×50 ft,shelf,ELIM,15,10,False,,,HIGH,https://www.temu.com/se/g-601101661727323.html,PASS,PASS,FAIL,UNCERTAIN,UNCERTAIN,UNCERTAIN,UNCERTAIN,UNCERTAIN
djur,605539853538220,,,,,hönsgård/bärbuskar — fågelnät 50×50 ft,shelf,ELIM,15,10,False,,,HIGH,https://www.temu.com/se/g-605539853538220.html,PASS,PASS,FAIL,UNCERTAIN,UNCERTAIN,UNCERTAIN,UNCERTAIN,UNCERTAIN
djur,601100590223404,,,,,trädgård — grönt fågelnät mot rådjur/ekorre,shelf,ELIM,10,10,False,,,HIGH,https://www.temu.com/se/g-601100590223404.html,PASS,PASS,FAIL,UNCERTAIN,UNCERTAIN,UNCERTAIN,UNCERTAIN,UNCERTAIN
djur,601101126233251,,,,,'mini farm fence' leksak,object,ELIM,0,0,False,,,HIGH,https://www.temu.com/se/g-601101126233251.html,FAIL,UNCERTAIN,UNCERTAIN,UNCERTAIN,UNCERTAIN,UNCERTAIN,UNCERTAIN,UNCERTAIN
djur,606387388178611,,,,,fågelmatarstolpen på tomten,,C (< 300 + fel objekt),60,85,False,Tömmer ekorren fågelmataren?,299,MEDIUM,https://www.temu.com/se/g-606387388178611.html,PASS,PASS,PASS,UNCERTAIN,UNCERTAIN,UNCERTAIN,PASS,PASS
djur,606361081495003,,,,,fågelmatarstation — stolpe 92 tum med baffel och krokar,,C,35,70,False,Har du en fågelmatare?,499,LOW,https://www.temu.com/se/g-606361081495003.html,UNCERTAIN,PASS,UNCERTAIN,UNCERTAIN,UNCERTAIN,PASS,UNCERTAIN,PASS
djur,601099648898509,,,,,fönstret — fågelmatare med sugkoppar,shelf,ELIM,20,15,False,,,HIGH,https://www.temu.com/se/g-601099648898509.html,PASS,PASS,FAIL,UNCERTAIN,UNCERTAIN,UNCERTAIN,UNCERTAIN,UNCERTAIN
djur,601100093015647,,,,,fönstret — fågelmatare med sugkoppar,shelf,ELIM,20,15,False,,,HIGH,https://www.temu.com/se/g-601100093015647.html,PASS,PASS,FAIL,UNCERTAIN,UNCERTAIN,UNCERTAIN,UNCERTAIN,UNCERTAIN
djur,601102745012781,,,,,fönstret — fågelmatare med sugkoppar,shelf,ELIM,20,15,False,,,HIGH,https://www.temu.com/se/g-601102745012781.html,PASS,PASS,FAIL,UNCERTAIN,UNCERTAIN,UNCERTAIN,UNCERTAIN,UNCERTAIN
djur,605765691617199,,,,,fönstret — fågelmatare med sugkoppar,shelf,ELIM,20,15,False,,,HIGH,https://www.temu.com/se/g-605765691617199.html,PASS,PASS,FAIL,UNCERTAIN,UNCERTAIN,UNCERTAIN,UNCERTAIN,UNCERTAIN
djur,601105384763857,,,,,fågelbad/vattenskål — 10 W USB-värmestav,object,ELIM,15,50,False,,,HIGH,https://www.temu.com/se/g-601105384763857.html,FAIL,UNCERTAIN,UNCERTAIN,UNCERTAIN,UNCERTAIN,UNCERTAIN,UNCERTAIN,UNCERTAIN
djur,605512758335277,,,,,burfågel — automatisk badpump,object,ELIM,0,0,False,,,HIGH,https://www.temu.com/se/g-605512758335277.html,FAIL,UNCERTAIN,UNCERTAIN,UNCERTAIN,UNCERTAIN,UNCERTAIN,UNCERTAIN,UNCERTAIN
djur,601100216234049,,,,,förrådet/garaget/uthuset + en hink,shelf,ELIM,68,90,False,Möss i förrådet nu i höst?,299,MEDIUM,https://www.temu.com/se/g-601100216234049.html,PASS,PASS,FAIL,UNCERTAIN,UNCERTAIN,UNCERTAIN,PASS,PASS
djur,601099584111541,,,,,huset — elektronisk musfälla (högspänning),shelf,ELIM,30,20,False,,,HIGH,https://www.temu.com/se/g-601099584111541.html,PASS,PASS,FAIL,UNCERTAIN,UNCERTAIN,UNCERTAIN,UNCERTAIN,UNCERTAIN
djur,601100124647313,,,,,huset — uppladdningsbar elektronisk musfälla,shelf,ELIM,30,20,False,,,HIGH,https://www.temu.com/se/g-601100124647313.html,PASS,PASS,FAIL,UNCERTAIN,UNCERTAIN,UNCERTAIN,UNCERTAIN,UNCERTAIN
djur,606092578885951,,,,,huset — elektronisk musfälla 2 800 V ute/inne,shelf,ELIM,30,20,False,,,HIGH,https://www.temu.com/se/g-606092578885951.html,PASS,PASS,FAIL,UNCERTAIN,UNCERTAIN,UNCERTAIN,UNCERTAIN,UNCERTAIN
djur,601100206807893,,,,,levandefälla mus 2-pack,shelf,ELIM,15,10,False,,,HIGH,https://www.temu.com/se/g-601100206807893.html,PASS,PASS,FAIL,UNCERTAIN,UNCERTAIN,UNCERTAIN,UNCERTAIN,UNCERTAIN
djur,601099753230816,,,,,rostfri musfälla 2-pack,shelf,ELIM,10,5,False,,,HIGH,https://www.temu.com/se/g-601099753230816.html,PASS,PASS,FAIL,UNCERTAIN,UNCERTAIN,UNCERTAIN,UNCERTAIN,UNCERTAIN
djur,605593087614567,,,,,gammaldags dubbel slagfälla,shelf,ELIM,10,5,False,,,HIGH,https://www.temu.com/se/g-605593087614567.html,PASS,PASS,FAIL,UNCERTAIN,UNCERTAIN,UNCERTAIN,UNCERTAIN,UNCERTAIN
djur,601099562128023,,,,,gräsmattan — mullvads-/sorkfälla (plunger),,C,40,55,False,Mullvadshögar i gräsmattan?,299,LOW,https://www.temu.com/se/g-601099562128023.html,PASS,PASS,UNCERTAIN,UNCERTAIN,UNCERTAIN,PASS,PASS,UNCERTAIN
djur,601103477272901,,,,,burfälla tvättbjörn/råtta,shelf,ELIM,15,15,False,,,HIGH,https://www.temu.com/se/g-601103477272901.html,PASS,PASS,FAIL,UNCERTAIN,UNCERTAIN,UNCERTAIN,UNCERTAIN,UNCERTAIN
djur,601099729458859,,,,,rabatt — dekorstaket metall 17×12 tum,object,ELIM,5,5,False,,,HIGH,https://www.temu.com/se/g-601099729458859.html,FAIL,UNCERTAIN,UNCERTAIN,UNCERTAIN,UNCERTAIN,UNCERTAIN,UNCERTAIN,UNCERTAIN
djur,601100571809490,,,,,stallet — flugfälla med bete,presence,ELIM,20,40,False,,,HIGH,https://www.temu.com/se/g-601100571809490.html,PASS,FAIL,UNCERTAIN,UNCERTAIN,UNCERTAIN,UNCERTAIN,UNCERTAIN,UNCERTAIN
djur,601101102964681,,,,,stallet — flugfälla med bete,presence,ELIM,20,40,False,,,HIGH,https://www.temu.com/se/g-601101102964681.html,PASS,FAIL,UNCERTAIN,UNCERTAIN,UNCERTAIN,UNCERTAIN,UNCERTAIN,UNCERTAIN
djur,601100401803699,,,,,insektsdödare/bug zapper,presence,ELIM,0,0,False,,,HIGH,https://www.temu.com/se/g-601100401803699.html,PASS,FAIL,UNCERTAIN,UNCERTAIN,UNCERTAIN,UNCERTAIN,UNCERTAIN,UNCERTAIN
djur,601102255051201,,,,,insektsdödare/bug zapper,presence,ELIM,0,0,False,,,HIGH,https://www.temu.com/se/g-601102255051201.html,PASS,FAIL,UNCERTAIN,UNCERTAIN,UNCERTAIN,UNCERTAIN,UNCERTAIN,UNCERTAIN
djur,605756682260633,,,,,insektsdödare/bug zapper,presence,ELIM,0,0,False,,,HIGH,https://www.temu.com/se/g-605756682260633.html,PASS,FAIL,UNCERTAIN,UNCERTAIN,UNCERTAIN,UNCERTAIN,UNCERTAIN,UNCERTAIN
djur,605758494222503,,,,,insektsdödare/bug zapper,presence,ELIM,0,0,False,,,HIGH,https://www.temu.com/se/g-605758494222503.html,PASS,FAIL,UNCERTAIN,UNCERTAIN,UNCERTAIN,UNCERTAIN,UNCERTAIN,UNCERTAIN
djur,601100075238601,,,,,sökbrus — 12 V bilvärmare,object,ELIM,0,0,False,,,HIGH,https://www.temu.com/se/g-601100075238601.html,FAIL,UNCERTAIN,UNCERTAIN,UNCERTAIN,UNCERTAIN,UNCERTAIN,UNCERTAIN,UNCERTAIN
djur,606517042492978,,,,,sökbrus — akvarievärmare 25 W,object,ELIM,0,0,False,,,HIGH,https://www.temu.com/se/g-606517042492978.html,FAIL,UNCERTAIN,UNCERTAIN,UNCERTAIN,UNCERTAIN,UNCERTAIN,UNCERTAIN,UNCERTAIN
djur,601099543975416,,,,,sökbrus — serveringsbricka,object,ELIM,0,0,False,,,HIGH,https://www.temu.com/se/g-601099543975416.html,FAIL,UNCERTAIN,UNCERTAIN,UNCERTAIN,UNCERTAIN,UNCERTAIN,UNCERTAIN,UNCERTAIN
djur,606111503604667,,,,,sökbrus — serveringsskedar,object,ELIM,0,0,False,,,HIGH,https://www.temu.com/se/g-606111503604667.html,FAIL,UNCERTAIN,UNCERTAIN,UNCERTAIN,UNCERTAIN,UNCERTAIN,UNCERTAIN,UNCERTAIN
djur,601099794657398,,,,,sökbrus — kylbox camping,object,ELIM,0,0,False,,,HIGH,https://www.temu.com/se/g-601099794657398.html,FAIL,UNCERTAIN,UNCERTAIN,UNCERTAIN,UNCERTAIN,UNCERTAIN,UNCERTAIN,UNCERTAIN
djur,601100206740536,,,,,sökbrus — kylbox,object,ELIM,0,0,False,,,HIGH,https://www.temu.com/se/g-601100206740536.html,FAIL,UNCERTAIN,UNCERTAIN,UNCERTAIN,UNCERTAIN,UNCERTAIN,UNCERTAIN,UNCERTAIN
djur,606274024505573,,,,,sökbrus — campingtoalett,object,ELIM,0,0,False,,,HIGH,https://www.temu.com/se/g-606274024505573.html,FAIL,UNCERTAIN,UNCERTAIN,UNCERTAIN,UNCERTAIN,UNCERTAIN,UNCERTAIN,UNCERTAIN
djur,606320866517804,,,,,sökbrus — kaninbur inomhus,object,ELIM,0,0,False,,,HIGH,https://www.temu.com/se/g-606320866517804.html,FAIL,UNCERTAIN,UNCERTAIN,UNCERTAIN,UNCERTAIN,UNCERTAIN,UNCERTAIN,UNCERTAIN
djur,601099516140942,,,,,sökbrus — betesbur fiske,object,ELIM,0,0,False,,,HIGH,https://www.temu.com/se/g-601099516140942.html,FAIL,UNCERTAIN,UNCERTAIN,UNCERTAIN,UNCERTAIN,UNCERTAIN,UNCERTAIN,UNCERTAIN
djur,601099949381051,,,,,sökbrus — handduksställ,object,ELIM,0,0,False,,,HIGH,https://www.temu.com/se/g-601099949381051.html,FAIL,UNCERTAIN,UNCERTAIN,UNCERTAIN,UNCERTAIN,UNCERTAIN,UNCERTAIN,UNCERTAIN
djur,601100004505025,,,,,sökbrus — filtstege,object,ELIM,0,0,False,,,HIGH,https://www.temu.com/se/g-601100004505025.html,FAIL,UNCERTAIN,UNCERTAIN,UNCERTAIN,UNCERTAIN,UNCERTAIN,UNCERTAIN,UNCERTAIN
djur,601104658956224,,,,,sökbrus — filtstege trä,object,ELIM,0,0,False,,,HIGH,https://www.temu.com/se/g-601104658956224.html,FAIL,UNCERTAIN,UNCERTAIN,UNCERTAIN,UNCERTAIN,UNCERTAIN,UNCERTAIN,UNCERTAIN
djur,605543880089583,,,,,sökbrus — vattenflaska smådjur 300 ml,object,ELIM,0,0,False,,,HIGH,https://www.temu.com/se/g-605543880089583.html,FAIL,UNCERTAIN,UNCERTAIN,UNCERTAIN,UNCERTAIN,UNCERTAIN,UNCERTAIN,UNCERTAIN
djur,601100199448900,,,,,sökbrus — badbalja barn,object,ELIM,0,0,False,,,HIGH,https://www.temu.com/se/g-601100199448900.html,FAIL,UNCERTAIN,UNCERTAIN,UNCERTAIN,UNCERTAIN,UNCERTAIN,UNCERTAIN,UNCERTAIN
djur,601103147362670,,,,,sökbrus — termosflaska,object,ELIM,0,0,False,,,HIGH,https://www.temu.com/se/g-601103147362670.html,FAIL,UNCERTAIN,UNCERTAIN,UNCERTAIN,UNCERTAIN,UNCERTAIN,UNCERTAIN,UNCERTAIN
djur,601099528883503,,,,,sökbrus — kryddställ,object,ELIM,0,0,False,,,HIGH,https://www.temu.com/se/g-601099528883503.html,FAIL,UNCERTAIN,UNCERTAIN,UNCERTAIN,UNCERTAIN,UNCERTAIN,UNCERTAIN,UNCERTAIN
djur,601100670270008,,,,,sökbrus — saltkar,object,ELIM,0,0,False,,,HIGH,https://www.temu.com/se/g-601100670270008.html,FAIL,UNCERTAIN,UNCERTAIN,UNCERTAIN,UNCERTAIN,UNCERTAIN,UNCERTAIN,UNCERTAIN
djur,601105214968664,,,,,sökbrus — köksställ,object,ELIM,0,0,False,,,HIGH,https://www.temu.com/se/g-601105214968664.html,FAIL,UNCERTAIN,UNCERTAIN,UNCERTAIN,UNCERTAIN,UNCERTAIN,UNCERTAIN,UNCERTAIN
djur,606032835267682,,,,,sökbrus — saltkar keramik,object,ELIM,0,0,False,,,HIGH,https://www.temu.com/se/g-606032835267682.html,FAIL,UNCERTAIN,UNCERTAIN,UNCERTAIN,UNCERTAIN,UNCERTAIN,UNCERTAIN,UNCERTAIN
djur,601100784585507,,,,,"hönshusets lucka (solcell, stor öppning, pivot)",,C (tre flaggor),45,55,False,Vem stänger hönsluckan när det är mörkt?,799,LOW,https://www.temu.com/se/g-601100784585507.html,PASS,PASS,PASS,UNCERTAIN,UNCERTAIN,UNCERTAIN,PASS,PASS
djur,601103529967549,,,,,hönshus — lucka + värmeplatta 3-i-1,object,ELIM,10,40,False,,,HIGH,https://www.temu.com/se/g-601103529967549.html,FAIL,UNCERTAIN,UNCERTAIN,UNCERTAIN,UNCERTAIN,UNCERTAIN,UNCERTAIN,UNCERTAIN
djur,605905462635892,,,,,hönsgård — PP-nätrulle,shelf,ELIM,10,5,False,,,HIGH,https://www.temu.com/se/g-605905462635892.html,PASS,PASS,FAIL,UNCERTAIN,UNCERTAIN,UNCERTAIN,UNCERTAIN,UNCERTAIN
djur,605588440370064,,,,,äggkorgar flätade 2 set,object,ELIM,5,5,False,,,HIGH,https://www.temu.com/se/g-605588440370064.html,FAIL,UNCERTAIN,UNCERTAIN,UNCERTAIN,UNCERTAIN,UNCERTAIN,UNCERTAIN,UNCERTAIN
djur,601099639534098,,,,,skuggväv 70 % 10×20 ft,object,ELIM,0,0,False,,,HIGH,https://www.temu.com/se/g-601099639534098.html,FAIL,UNCERTAIN,UNCERTAIN,UNCERTAIN,UNCERTAIN,UNCERTAIN,UNCERTAIN,UNCERTAIN
djur,601103678697311,,,,,klar presenning 16 mil,shelf,ELIM,10,5,False,,,HIGH,https://www.temu.com/se/g-601103678697311.html,PASS,PASS,FAIL,UNCERTAIN,UNCERTAIN,UNCERTAIN,UNCERTAIN,UNCERTAIN
djur,601105212001796,,,,,hundgård i metall med tak och roterande skål,economics,ELIM,10,20,False,,,HIGH,https://www.temu.com/se/g-601105212001796.html,PASS,PASS,UNCERTAIN,UNCERTAIN,FAIL,UNCERTAIN,UNCERTAIN,UNCERTAIN
djur,607351507675233,,,,,bilens bagagerum — hundmatta/cargo liner,shelf,ELIM,30,15,False,,,MEDIUM,https://www.temu.com/se/g-607351507675233.html,PASS,PASS,FAIL,UNCERTAIN,UNCERTAIN,UNCERTAIN,UNCERTAIN,UNCERTAIN
djur,601099846932409,,,,,hunden — reflexsele med namnlapp,object,ELIM,5,5,False,,,HIGH,https://www.temu.com/se/g-601099846932409.html,FAIL,UNCERTAIN,UNCERTAIN,UNCERTAIN,UNCERTAIN,UNCERTAIN,UNCERTAIN,UNCERTAIN
djur,601103406837387,,,,,hunden — reflexsele med handtag,object,ELIM,5,5,False,,,HIGH,https://www.temu.com/se/g-601103406837387.html,FAIL,UNCERTAIN,UNCERTAIN,UNCERTAIN,UNCERTAIN,UNCERTAIN,UNCERTAIN,UNCERTAIN
djur,601100789960736,,,,,häst — 'hoof trimming tool / nail clippers / ear pick',object,ELIM,0,0,False,,,HIGH,https://www.temu.com/se/g-601100789960736.html,FAIL,UNCERTAIN,UNCERTAIN,UNCERTAIN,UNCERTAIN,UNCERTAIN,UNCERTAIN,UNCERTAIN
djur,601103073557161,,,,,hund — avokadoformad bajspåshållare,object,ELIM,0,5,False,,,HIGH,https://www.temu.com/se/g-601103073557161.html,FAIL,UNCERTAIN,UNCERTAIN,UNCERTAIN,UNCERTAIN,UNCERTAIN,UNCERTAIN,UNCERTAIN
djur,605499806325729,,,,,häst — 9-delars ryktkit i väska,object,ELIM,5,10,False,,,HIGH,https://www.temu.com/se/g-605499806325729.html,FAIL,UNCERTAIN,UNCERTAIN,UNCERTAIN,UNCERTAIN,UNCERTAIN,UNCERTAIN,UNCERTAIN
djur,601104839338183,,,,,hund — träbur/möbel inomhus,object,ELIM,0,10,False,,,HIGH,https://www.temu.com/se/g-601104839338183.html,FAIL,UNCERTAIN,UNCERTAIN,UNCERTAIN,UNCERTAIN,UNCERTAIN,UNCERTAIN,UNCERTAIN
djur,601102592456938,,,,,filtstege,object,ELIM,0,0,False,,,HIGH,https://www.temu.com/se/g-601102592456938.html,FAIL,UNCERTAIN,UNCERTAIN,UNCERTAIN,UNCERTAIN,UNCERTAIN,UNCERTAIN,UNCERTAIN
djur,601102977601210,,,,,innerdörr — kattlucka för katter < 20 lb,object,ELIM,10,10,False,,,HIGH,https://www.temu.com/se/g-601102977601210.html,FAIL,UNCERTAIN,UNCERTAIN,UNCERTAIN,UNCERTAIN,UNCERTAIN,UNCERTAIN,UNCERTAIN
djur,606357239511926,,,,,"fågelmatare i metall, stor volym",shelf,ELIM,15,5,False,,,HIGH,https://www.temu.com/se/g-606357239511926.html,PASS,PASS,FAIL,UNCERTAIN,UNCERTAIN,UNCERTAIN,UNCERTAIN,UNCERTAIN
djur,601101815842005,,,,,grönsakslandet — 15 st metallpaneler 30×30 cm kaninskydd,presence,ELIM,20,40,False,,,MEDIUM,https://www.temu.com/se/g-601101815842005.html,PASS,FAIL,UNCERTAIN,UNCERTAIN,UNCERTAIN,UNCERTAIN,UNCERTAIN,UNCERTAIN
djur,601105246491113,,,,,finmaskigt galvaniserat nät (hardware cloth) på rulle,shelf,ELIM,10,5,False,,,HIGH,https://www.temu.com/se/g-601105246491113.html,PASS,PASS,FAIL,UNCERTAIN,UNCERTAIN,UNCERTAIN,UNCERTAIN,UNCERTAIN
djur,606486709266577,,,,,sexkantsnät PVC-belagt,shelf,ELIM,10,5,False,,,HIGH,https://www.temu.com/se/g-606486709266577.html,PASS,PASS,FAIL,UNCERTAIN,UNCERTAIN,UNCERTAIN,UNCERTAIN,UNCERTAIN
djur,606115999905952,,,,,fruktnätpåsar 60/100 st,object,ELIM,0,0,False,,,HIGH,https://www.temu.com/se/g-606115999905952.html,FAIL,UNCERTAIN,UNCERTAIN,UNCERTAIN,UNCERTAIN,UNCERTAIN,UNCERTAIN,UNCERTAIN
djur,606236795868547,,,,,fruktnätpåsar 60/100 st,object,ELIM,0,0,False,,,HIGH,https://www.temu.com/se/g-606236795868547.html,FAIL,UNCERTAIN,UNCERTAIN,UNCERTAIN,UNCERTAIN,UNCERTAIN,UNCERTAIN,UNCERTAIN
djur,601101236630924,,,,,fågelpiggar 4 st,shelf,ELIM,5,5,False,,,HIGH,https://www.temu.com/se/g-601101236630924.html,PASS,PASS,FAIL,UNCERTAIN,UNCERTAIN,UNCERTAIN,UNCERTAIN,UNCERTAIN
djur,601100832469026,,,,,utekranen — automatisk vattenskål på slangkoppling (hund/boskap),presence,ELIM,25,60,False,,,HIGH,https://www.temu.com/se/g-601100832469026.html,PASS,FAIL,UNCERTAIN,UNCERTAIN,UNCERTAIN,UNCERTAIN,UNCERTAIN,UNCERTAIN
djur,601103076195508,,,,,50 st burkoppar,object,ELIM,0,5,False,,,HIGH,https://www.temu.com/se/g-601103076195508.html,FAIL,UNCERTAIN,UNCERTAIN,UNCERTAIN,UNCERTAIN,UNCERTAIN,UNCERTAIN,UNCERTAIN
garage,601099579267397,"1pc Car Charging Magnetic Cover — Electric Outdoor EV Charger Plug (regnskydd laddport + laddhandtag, magnet)",,,7,Elbilens laddport med isatt laddhandtag (bilen står ute på uppfarten/carporten och laddar över natten),shelf,ELIM,72,90,False,Laddar du elbilen ute i regnet?,349,MEDIUM,https://www.temu.com/se/g-601099579267397.html,PASS,PASS,FAIL,UNCERTAIN,PASS,UNCERTAIN,PASS,PASS
garage,601099874504144,"Universal Car Charging Magnetic Cover — Electric Outdoor EV Charger Plug, dustproof/rainproof",,,6,Elbilens laddport med isatt laddhandtag,shelf,ELIM,70,90,False,Laddar du elbilen ute i regnet?,499,MEDIUM,https://www.temu.com/se/g-601099874504144.html,PASS,PASS,FAIL,UNCERTAIN,PASS,UNCERTAIN,PASS,PASS
garage,601105717142938,"EV Charger Port Cover — Outdoor Waterproof Winter Snow Rain UV, Magnetic Attachment (steel-bodied EVs)",,,,Elbilens laddport,economics,C,55,90,False,Laddar du elbilen ute i regnet?,779,MEDIUM,https://www.temu.com/se/g-601105717142938.html,PASS,PASS,PASS,UNCERTAIN,UNCERTAIN,UNCERTAIN,PASS,PASS
garage,601102247242522,"EV Charger Plug Port Cover Magnetic, waterproof/dustproof, yellow",,,,Elbilens laddport,,C,50,90,False,Laddar du elbilen ute i regnet?,609,LOW,https://www.temu.com/se/g-601102247242522.html,PASS,PASS,PASS,UNCERTAIN,UNCERTAIN,UNCERTAIN,PASS,PASS
garage,605881504744584,"4pcs Set: charging port rain cover PVC, foldable, hook-and-loop + storage bag",,,,Elbilens laddport,negative_space,ELIM,35,90,False,Laddar du elbilen ute i regnet?,349,MEDIUM,https://www.temu.com/se/g-605881504744584.html,PASS,PASS,PASS,UNCERTAIN,UNCERTAIN,PASS,PASS,PASS
garage,601099833079073,"Universal Weatherproof Charging Station Cover, wall-mounted EV charger protection, snow-resistant",,,,Laddboxen (wallbox) på husväggen,presence,ELIM,25,90,False,,969,HIGH,https://www.temu.com/se/g-601099833079073.html,PASS,FAIL,UNCERTAIN,UNCERTAIN,UNCERTAIN,,,
garage,601104594451437,Electric Vehicle Charger Port Cover Type 2 Protective Cover (dammskydd i bilens port när den inte laddar),,,,Elbilens laddport (tom),presence,ELIM,15,85,False,,349,HIGH,https://www.temu.com/se/g-601104594451437.html,PASS,FAIL,UNCERTAIN,UNCERTAIN,UNCERTAIN,,,
garage,601103644234234,"EV Charger Cable Retractor, wall-mounted retractable cable reel, heavy duty, cables up to 0.63 in / 1622 mm",,,,Laddkabeln (5–7 m Typ 2) mellan laddbox och bil,shelf,ELIM,55,90,False,Ligger laddkabeln på garagegolvet?,,LOW,https://www.temu.com/se/g-601103644234234.html,PASS,PASS,FAIL,UNCERTAIN,UNCERTAIN,UNCERTAIN,PASS,PASS
garage,601099595139431,"1pc Wall Mount Connector Holder for Type 2 EV Charging Cable, universal, with installation kit",,,,Laddhandtaget/laddkabeln,shelf,ELIM,30,85,False,,,MEDIUM,https://www.temu.com/se/g-601099595139431.html,PASS,PASS,FAIL,UNCERTAIN,UNCERTAIN,,,
garage,601099620819177,"2set EV Charger Holder Wall Mount, Type 2 charging cable holder with hook, EU, outdoor/indoor",,,,Laddhandtaget,shelf,ELIM,30,85,False,,,MEDIUM,https://www.temu.com/se/g-601099620819177.html,PASS,PASS,FAIL,UNCERTAIN,UNCERTAIN,,,
garage,601099899872053,"EV charger holder, waterproof charging plug cable hanger with protector, no drill (ie)",,,,Laddhandtaget,shelf,ELIM,35,85,False,,,LOW,https://www.temu.com/se/g-601099899872053.html,PASS,PASS,UNCERTAIN,UNCERTAIN,UNCERTAIN,,,
garage,605918834055749,"Wall-Mounted Holder for EV, SAE (J1772) connector, cable hanger + rain cover",,,,Laddhandtag J1772 (USA-standard),object,ELIM,0,85,False,,1079,HIGH,https://www.temu.com/se/g-605918834055749.html,FAIL,,,UNCERTAIN,UNCERTAIN,,,
garage,601099574536303,"Ev Charger Holder Set, SAE J1772 nozzle holster dock with J-hook",,,,J1772-handtag,object,ELIM,0,85,False,,,HIGH,https://www.temu.com/se/g-601099574536303.html,FAIL,,,UNCERTAIN,UNCERTAIN,,,
garage,606521656214848,Magnetic Car Charging Port Cover,,,,Elbilens laddport,economics,ELIM,30,90,False,,1469,HIGH,https://www.temu.com/se/g-606521656214848.html,PASS,PASS,PASS,UNCERTAIN,FAIL,,,
garage,601099714039172,"Heavy duty stainless lift, overhead ceiling-mounted hoist with pulley system, 100 lb capacity (garage storage)",,,,Takboxen (tas av bilen i oktober) — sekundärt cykel/kajak,shelf,ELIM,62,80,False,Står takboxen i vägen i garaget?,,LOW,https://www.temu.com/se/g-601099714039172.html,PASS,PASS,FAIL,UNCERTAIN,UNCERTAIN,PASS,PASS,PASS
garage,606866444784512,"Garage Ceiling Lift Storage Hanger, load 45 lbs — bicycles, kayaks, storage boxes, snowboards (se-en-listning)",,,,Takboxen / cykeln / kajaken,shelf,ELIM,60,80,False,Står takboxen i vägen i garaget?,,LOW,https://www.temu.com/se/g-606866444784512.html,PASS,PASS,FAIL,UNCERTAIN,UNCERTAIN,PASS,PASS,PASS
garage,601099689183551,"Seasonal Tire Cover, 4-Tire Storage Bag",,,7,De fyra avtagna däcken (sommardäcken i oktober),shelf,ELIM,30,75,False,,649,HIGH,https://www.temu.com/se/g-601099689183551.html,UNCERTAIN,PASS,FAIL,UNCERTAIN,UNCERTAIN,,,
garage,606429985482636,"Cylindrical Tire Cover, car four-tire storage bag (ett fodral över hela stapeln)",,,,Däckstapeln i garaget,,C,38,75,False,Står sommardäcken bara på golvet?,369,MEDIUM,https://www.temu.com/se/g-606429985482636.html,UNCERTAIN,PASS,UNCERTAIN,UNCERTAIN,UNCERTAIN,UNCERTAIN,PASS,PASS
garage,601101808893760,"25 Inch Tire Cover, silvery-coated 4-tire storage bag",,,3,Däckstapeln,shelf,ELIM,28,75,False,,349,MEDIUM,https://www.temu.com/se/g-601101808893760.html,UNCERTAIN,PASS,FAIL,UNCERTAIN,UNCERTAIN,,,
garage,601099572406039,"Tire Rack Garage Storage, heavy duty adjustable wall-mounted, 300 lbs",,,,Fyra däck + garagevägg,shelf,ELIM,25,75,False,,,MEDIUM,https://www.temu.com/se/g-601099572406039.html,UNCERTAIN,PASS,FAIL,UNCERTAIN,UNCERTAIN,,,
garage,601099731779728,"2-6pcs wall-mounted garage hooks, tire storage system / ladder hooks",,,,Däck/stege + garagevägg,shelf,ELIM,20,70,False,,,MEDIUM,https://www.temu.com/se/g-601099731779728.html,UNCERTAIN,PASS,FAIL,UNCERTAIN,UNCERTAIN,,,
garage,601099624394912,"4pcs 14-inch extra large heavy duty garage hooks (tire, chair, ladder, garden tools)",,,,Garagevägg,shelf,ELIM,15,70,False,,,MEDIUM,https://www.temu.com/se/g-601099624394912.html,UNCERTAIN,UNCERTAIN,FAIL,UNCERTAIN,UNCERTAIN,,,
garage,605744871088517,16pcs tire marking labels FL/FR/RL/RR for tire change,,,,Däcken vid bytet,object,ELIM,10,75,False,,,HIGH,https://www.temu.com/se/g-605744871088517.html,FAIL,,,UNCERTAIN,UNCERTAIN,,,
garage,601102179669220,"Car trailer ball head cover, 50 mm, plastic, green/bronze",,,5,Dragkrokskulan (50 mm),shelf,ELIM,20,80,False,,349,HIGH,https://www.temu.com/se/g-601102179669220.html,PASS,PASS,FAIL,UNCERTAIN,UNCERTAIN,,,
garage,606422737766625,Gothic Skull Tow Hook Cover — 50 mm universal trailer hook cap,,,2,Dragkrokskulan,economics,C,22,80,False,Har din dragkrok personlighet?,349,MEDIUM,https://www.temu.com/se/g-606422737766625.html,PASS,UNCERTAIN,PASS,UNCERTAIN,FAIL,PASS,UNCERTAIN,FAIL
garage,601099977876775,"Hitch LED Light, 4-inch, for 2-inch receiver",,,1268,2-tums hitch receiver (USA),object,ELIM,0,80,False,,699,HIGH,https://www.temu.com/se/g-601099977876775.html,FAIL,,,UNCERTAIN,UNCERTAIN,,,
garage,603289617821190,"Universal 36""W trailer towing hitch step bar (2-inch receiver)",,,215,2-tums receiver,object,ELIM,0,80,False,,1599,HIGH,https://www.temu.com/se/g-603289617821190.html,FAIL,,,UNCERTAIN,UNCERTAIN,,,
garage,601102027949537,2 Inch Trailer Hitch Mount Anti Rattle Stabilizer,,,246,2-tums receiver,object,ELIM,0,80,False,,349,HIGH,https://www.temu.com/se/g-601102027949537.html,FAIL,,,UNCERTAIN,UNCERTAIN,,,
garage,601099531606611,Garage Floor Mat 36×36 / 36×48 / 36×72 / 78.7×102.3 (oljematta under bilen),,,525,Garagegolvet under en bil som droppar olja,economics,ELIM,30,80,False,Droppar bilen olja på garagegolvet?,999,MEDIUM,https://www.temu.com/se/g-601099531606611.html,UNCERTAIN,PASS,UNCERTAIN,UNCERTAIN,FAIL,FAIL,PASS,UNCERTAIN
garage,601101639123846,1pc 36×60 Inch Oil Spill Mat for Driveway,,,112,Uppfarten/garagegolvet,economics,ELIM,28,80,False,,1369,MEDIUM,https://www.temu.com/se/g-601101639123846.html,UNCERTAIN,PASS,UNCERTAIN,UNCERTAIN,FAIL,,,
garage,601105263583062,Oil-Absorbing Garage Floor Mat Set with Brush,,,222,Garagegolvet,object,ELIM,15,80,False,,639,HIGH,https://www.temu.com/se/g-601105263583062.html,FAIL,,,UNCERTAIN,UNCERTAIN,,,
garage,601099633703738,"Self-adhesive car door garage wall protector, thickened foam bumper",,,,Garagevägg + bildörr,economics,ELIM,20,80,False,,549,MEDIUM,https://www.temu.com/se/g-601099633703738.html,UNCERTAIN,PASS,UNCERTAIN,UNCERTAIN,FAIL,,,
garage,601099875439940,"Set of 4 Garage Wall Protectors, door and bumper pads",,,,Garagevägg,economics,ELIM,18,80,False,,689,MEDIUM,https://www.temu.com/se/g-601099875439940.html,UNCERTAIN,PASS,UNCERTAIN,UNCERTAIN,FAIL,,,
grasklippare,601103248788835,"Universal leaf blower gutter attachment, telescopic hose, 11 ft",,,,Lövblås (handhållen/batteri) + hängränna,,B,68,90,False,Har du en lövblås? Slipp stegen.,449,LOW,https://www.temu.com/se/g-601103248788835.html,PASS,PASS,PASS,UNCERTAIN,UNCERTAIN,UNCERTAIN,PASS,PASS
grasklippare,601103296007046,"Gutter cleaning kit, supportive structure, 11 ft reach, fits most blower brands, 4 adapters",,,,Lövblås (handhållen/batteri) + hängränna,,B,68,90,False,Har du en lövblås? Slipp stegen.,449,LOW,https://www.temu.com/se/g-601103296007046.html,PASS,PASS,PASS,UNCERTAIN,UNCERTAIN,UNCERTAIN,PASS,PASS
grasklippare,601100183382557,"Robotic lawnmower non-slip spikes set, metal, compatible with SA/SC/SE/R/MR/Classic/NX (Robomow?)",,,,Robotgräsklippare (står ute hela säsongen),,B,60,90,False,Fastnar robotklipparen i blött gräs?,349,LOW,https://www.temu.com/se/g-601100183382557.html,PASS,PASS,PASS,UNCERTAIN,UNCERTAIN,UNCERTAIN,PASS,PASS
grasklippare,601099514177508,"Stainless steel robotic lawnmower spikes, wheel size 225 mm, 12 screws (Worx L / Landroid)",,,,Robotgräsklippare (står ute hela säsongen),,B,60,90,False,Fastnar robotklipparen i blött gräs?,349,LOW,https://www.temu.com/se/g-601099514177508.html,PASS,PASS,PASS,UNCERTAIN,UNCERTAIN,UNCERTAIN,PASS,PASS
grasklippare,601101022004142,2 pcs rubber anti-slip wheels for lawn mower robot compatible with A1 (Dreame),,,,Robotgräsklippare (står ute hela säsongen),,B,60,90,False,Fastnar robotklipparen i blött gräs?,349,LOW,https://www.temu.com/se/g-601101022004142.html,PASS,PASS,PASS,UNCERTAIN,UNCERTAIN,UNCERTAIN,PASS,PASS
grasklippare,601099948568436,"Outdoor shade cover for robotic lawn mowers, portable garage roof, polycarbonate canopy",,,,Robotgräsklippare + laddstation (står ute),shelf,ELIM,40,85,False,Står din robotklippare ute i regnet?,,MEDIUM,https://www.temu.com/se/g-601099948568436.html,PASS,PASS,FAIL,UNCERTAIN,,UNCERTAIN,PASS,PASS
grasklippare,604291880306323,"Lawn mower garage folding canopy, carport 73x57x40, metal powder-coated roof",,,,Robotgräsklippare + laddstation (står ute),shelf,ELIM,40,85,False,Står din robotklippare ute i regnet?,,MEDIUM,https://www.temu.com/se/g-604291880306323.html,PASS,PASS,FAIL,UNCERTAIN,,UNCERTAIN,PASS,PASS
grasklippare,601100160198616,"Weatherproof robot lawn mower garage, black 31.5x39.8x18.1 in, aluminium/PC, anchors included",,,,Robotgräsklippare + laddstation (står ute),shelf,ELIM,40,85,False,Står din robotklippare ute i regnet?,,MEDIUM,https://www.temu.com/se/g-601100160198616.html,PASS,PASS,FAIL,UNCERTAIN,,UNCERTAIN,PASS,PASS
grasklippare,604023444871530,"Folding garage for robot lawn mowers, UV protection",,,,Robotgräsklippare + laddstation (står ute),shelf,ELIM,40,85,False,Står din robotklippare ute i regnet?,,MEDIUM,https://www.temu.com/se/g-604023444871530.html,PASS,PASS,FAIL,UNCERTAIN,,UNCERTAIN,PASS,PASS
grasklippare,601099600965852,"Lawn mower garage roof cover, robot mower shelter, rain cover sunshade",,,,Robotgräsklippare + laddstation (står ute),shelf,ELIM,40,85,False,Står din robotklippare ute i regnet?,,MEDIUM,https://www.temu.com/se/g-601099600965852.html,PASS,PASS,FAIL,UNCERTAIN,,UNCERTAIN,PASS,PASS
grasklippare,601099620225730,"Poly rattan outdoor lawn robot shelter, weather resistant",,,,Robotgräsklippare + laddstation (står ute),shelf,ELIM,40,85,False,Står din robotklippare ute i regnet?,,MEDIUM,https://www.temu.com/se/g-601099620225730.html,PASS,PASS,FAIL,UNCERTAIN,,UNCERTAIN,PASS,PASS
grasklippare,601099514395587,20 pcs waterproof gel-filled 3-wire connectors for robotic lawn mower boundary wire,,,,Robotgräsklipparens begränsningskabel,object,ELIM,15,80,False,Har roboten tappat slingan?,,HIGH,https://www.temu.com/se/g-601099514395587.html,FAIL,PASS,FAIL,UNCERTAIN,,PASS,PASS,PASS
grasklippare,601099599310345,45 * ersättningsblad för Automobile * Robotgräsklippare,170.17,4.8,118,Robotgräsklipparens knivar,object,ELIM,20,80,False,Dags att byta robotens knivar?,,HIGH,https://www.temu.com/se/g-601099599310345.html,FAIL,PASS,FAIL,UNCERTAIN,,PASS,PASS,PASS
grasklippare,601099715207840,"Universal snow plow kit, heavy-duty steel blade, adjustable, complete mounting package",,,,"Åkgräsklippare/trädgårdstraktor (används sep–okt, plogar nov–mars)",variant,C,35,85,False,Har du en trädgårdstraktor? Ploga med den.,,LOW,https://www.temu.com/se/g-601099715207840.html,PASS,UNCERTAIN,UNCERTAIN,UNCERTAIN,UNCERTAIN,FAIL,PASS,PASS
grasklippare,601099603830063,"Dump cart tow-behind, 350 lb steel, black, for lawn tractor/UTV",,,,Åkgräsklippare (dragkrok),shelf,ELIM,25,85,False,Kör du lövsäckarna med skottkärra?,,MEDIUM,https://www.temu.com/se/g-601099603830063.html,PASS,PASS,FAIL,UNCERTAIN,,PASS,PASS,PASS
grasklippare,601099640954950,350 lbs heavy-duty tow-behind dump cart for lawn/garden tractor,,,,Åkgräsklippare (dragkrok),shelf,ELIM,25,85,False,Kör du lövsäckarna med skottkärra?,,MEDIUM,https://www.temu.com/se/g-601099640954950.html,PASS,PASS,FAIL,UNCERTAIN,,PASS,PASS,PASS
grasklippare,601099865900714,"Trailer towing hitch for lawn mower/garden tractor 'Pro Hi Hitch', John Deere/Husqvarna",,,,Åkgräsklippare (bakre chassi),presence,ELIM,20,85,False,—,,MEDIUM,https://www.temu.com/se/g-601099865900714.html,PASS,FAIL,UNCERTAIN,UNCERTAIN,,FAIL,FAIL,PASS
grasklippare,601099675095010,"Zero-turn lawn mower trailer tow hitch, universal fit 42/50/54",,,,Åkgräsklippare (bakre chassi),presence,ELIM,20,85,False,—,,MEDIUM,https://www.temu.com/se/g-601099675095010.html,PASS,FAIL,UNCERTAIN,UNCERTAIN,,FAIL,FAIL,PASS
grasklippare,601099593324713,Bolt-on 2-inch hitch receiver tube for lawn tractor,,,,Åkgräsklippare (bakre chassi),presence,ELIM,20,85,False,—,,MEDIUM,https://www.temu.com/se/g-601099593324713.html,PASS,FAIL,UNCERTAIN,UNCERTAIN,,FAIL,FAIL,PASS
grasklippare,601099624750387,"48-inch tow-behind lawn sweeper, leaf collector hopper",,,,Åkgräsklippare (dragkrok) + gräsmattan,shelf,ELIM,30,85,False,Krattar du löven på tomten själv?,,MEDIUM,https://www.temu.com/se/g-601099624750387.html,PASS,PASS,FAIL,UNCERTAIN,,PASS,PASS,PASS
grasklippare,601100086553587,"42-inch tow-behind lawn sweeper, 12 cu ft, for garden tractors",,,,Åkgräsklippare (dragkrok) + gräsmattan,shelf,ELIM,30,85,False,Krattar du löven på tomten själv?,,MEDIUM,https://www.temu.com/se/g-601100086553587.html,PASS,PASS,FAIL,UNCERTAIN,,PASS,PASS,PASS
grasklippare,601099634319441,"Riding lawn mower lift jack, 890 lbs, telescopic, 45° tilt",,,,Åkgräsklippare (underhåll av klippdäck),shelf,ELIM,30,90,False,Tvättar du klippdäcket liggande på rygg?,,MEDIUM,https://www.temu.com/se/g-601099634319441.html,PASS,UNCERTAIN,FAIL,UNCERTAIN,,PASS,PASS,PASS
grasklippare,601099565993130,"Universal lawn mower blade sharpener, rotary drill attachment",,,,Gräsklipparkniv (klipparen står i förrådet),object,ELIM,10,30,False,—,,HIGH,https://www.temu.com/se/g-601099565993130.html,FAIL,FAIL,FAIL,UNCERTAIN,,PASS,FAIL,PASS
grasklippare,601099595795067,"Smart 12V/24V trickle charger 6A, car/motorcycle/lawn mower",,,,Åkgräsklipparens batteri (vinterförvaring),presence,ELIM,15,85,False,Startar traktorn i vår?,,HIGH,https://www.temu.com/se/g-601099595795067.html,UNCERTAIN,FAIL,FAIL,UNCERTAIN,,PASS,UNCERTAIN,PASS
grasklippare,601099701719415,"20-pack high-index plastic tire chains, winter car wheel anti-slip (garden/lawn)",,,,Bilhjul/traktorhjul,object,ELIM,10,90,False,—,,HIGH,https://www.temu.com/se/g-601099701719415.html,FAIL,FAIL,PASS,UNCERTAIN,,FAIL,FAIL,PASS
grasklippare,601099638494338,"2 pcs backpack blower straps, for Echo PB-265L/PB-403",,,,Ryggburen lövblås (Echo),object,ELIM,5,70,False,—,,HIGH,https://www.temu.com/se/g-601099638494338.html,FAIL,PASS,PASS,UNCERTAIN,,FAIL,FAIL,FAIL
grasklippare,601099887718525,"Backpack blower/sprayer rack, wall mount hanger for garage",,,,Garagevägg,object,ELIM,10,20,False,—,,HIGH,https://www.temu.com/se/g-601099887718525.html,FAIL,FAIL,FAIL,UNCERTAIN,,PASS,FAIL,PASS
grasklippare,601099638514486,"Leaf scoop hand rakes with claws, portable garden leaf collector",,,,Löven på tomten (universellt),shelf,ELIM,20,60,False,Plockar du löv med händerna?,,HIGH,https://www.temu.com/se/g-601099638514486.html,UNCERTAIN,PASS,FAIL,UNCERTAIN,,PASS,PASS,PASS
handmaskiner,601099512512218,Wood Splitting Drill Bit High Speed Steel Firewood Log Splitter Drill Bit Wood Punch Cone Driver Drill Bit Woodworking Tool With Connecting Rod For Electric Drill Power Tool,,,,Vedhögen på tomten + ägarens borrmaskin (klyvkon som skruvas in i stocken),,C (ankare under vårt pris),62,85,False,Klyver du fortfarande ved med yxa?,399,LOW,https://www.temu.com/se/g-601099512512218.html,PASS,PASS,UNCERTAIN,UNCERTAIN,UNCERTAIN,UNCERTAIN,PASS,PASS
handmaskiner,601099760920889,High Speed Firewood Drill Bit 42mm Screw Cone Splitter For Electric Drills Durable Carbon Steel Versatile Handles,,,,Ved + borrmaskin (42 mm klyvkon),,C (ankare under vårt pris),60,85,False,Klyver du fortfarande ved med yxa?,399,LOW,https://www.temu.com/se/g-601099760920889.html,PASS,PASS,UNCERTAIN,UNCERTAIN,UNCERTAIN,UNCERTAIN,PASS,PASS
handmaskiner,601099525606604,3pcs Firewood Log Splitter Drill Bit Removable Cones Wood Splitting Logs Bits Heavy Duty Electric Drills Screw Cone Driver Hex,,,,Ved + borrmaskin — 3-delars set med utbytbara koner,,C,50,85,False,Klyver du fortfarande ved med yxa?,,LOW,https://www.temu.com/se/g-601099525606604.html,UNCERTAIN,PASS,PASS,UNCERTAIN,UNCERTAIN,UNCERTAIN,PASS,PASS
handmaskiner,601099547786201,2pcs Firewood Log Splitter 32mm High Carbon Log Drill Bit With Hex Shank Titanium Coated Sturdy Wood Splitting Screw Cone For Electric Drill Camping,,,,Ved + borrmaskin — 2-pack 32 mm hexskaft,,C (ankare under vårt pris),62,85,False,Klyver du fortfarande ved med yxa?,399,LOW,https://www.temu.com/se/g-601099547786201.html,PASS,PASS,UNCERTAIN,UNCERTAIN,UNCERTAIN,PASS,PASS,PASS
handmaskiner,601099519754003,1pc Shoulder Strap Trimmer Strap Blower Straps Strap Universal For Weedeater Leaf Blower Multi Head System Grass Trimmer Shoulder Strap Adjustable Brush Cutter Harness Universal Leaf Blower Straps,,,,"Lövblåsen (handhållen, batteri/bensin 3–5 kg) — och trimmern",shelf,ELIM,70,15,False,Trött i armen av lövblåsen?,349,MEDIUM,https://www.temu.com/se/g-601099519754003.html,PASS,PASS,FAIL,UNCERTAIN,UNCERTAIN,PASS,PASS,PASS
handmaskiner,601099555571658,1pc Adjustable Universal Shoulder Strap For Trimmers Blowers 70cm Padded Garden Tool Harness Lawn Mower Shoulder Belt Accessory Secure Weed Eater Leaf Blower Strap,,,,Lövblås/trimmer — vadderad 70 cm rem,shelf,ELIM,68,15,False,Trött i armen av lövblåsen?,349,MEDIUM,https://www.temu.com/se/g-601099555571658.html,PASS,PASS,FAIL,UNCERTAIN,UNCERTAIN,PASS,PASS,PASS
handmaskiner,601099520763077,1pc Trimmer Strap Adjustable Universal Leaf Blower Shoulder Harness Strap String Trimmer Replacement Parts For Weeder Leaf Blower Multi Head System And All Types,,,,Lövblås/trimmer — universalrem,,C,65,15,False,Trött i armen av lövblåsen?,349,LOW,https://www.temu.com/se/g-601099520763077.html,PASS,PASS,UNCERTAIN,UNCERTAIN,UNCERTAIN,PASS,PASS,PASS
handmaskiner,601099516184801,1pc Trimmer Strap For Weed Eater Shoulder Strap Harness Upgraded Metal Clip Compatible With EGO String Trimmer Leaf Blower,,,,EGO-trimmer/lövblås — märkesbunden rem,variant,ELIM,35,15,False,Har du en EGO-lövblås?,,HIGH,https://www.temu.com/se/g-601099516184801.html,PASS,PASS,UNCERTAIN,UNCERTAIN,UNCERTAIN,FAIL,PASS,FAIL
handmaskiner,601099813074405,MTM Gutter Cleaning Kit For 30cc Leaf Blowers With Extension Adaptor Attachment,,,,"Hängrännor + bensinlövblås 30cc (MTM-märke, AU-listning)",variant,ELIM,30,90,False,Är hängrännorna fulla med löv igen?,,HIGH,https://www.temu.com/se/g-601099813074405.html,PASS,PASS,PASS,UNCERTAIN,UNCERTAIN,FAIL,PASS,FAIL
handmaskiner,601102604471037,CMXZVBE38640 2-1/2in Gutter Cleaning Attachment Kit Industrial-grade Shop Vacuum Accessory For Cleaning Or Blowing From Gutters Fits 2-1/2in Hose Diameter,,,,"Hängrännor + grovdammsugare (2,5-tums slang, amerikansk standard)",object,ELIM,20,90,False,Är hängrännorna fulla med löv igen?,,HIGH,https://www.temu.com/se/g-601102604471037.html,FAIL,PASS,UNCERTAIN,UNCERTAIN,UNCERTAIN,FAIL,PASS,FAIL
handmaskiner,601099606869339,1pc Gutter Scoop Flexible Roof Cleaning Tool For Dirt Debris Removal Multi-use For Eaves Garden And Leaf Gutters Plastic Material,,,,Hängrännor — plastskopa,shelf,ELIM,25,90,False,Är hängrännorna fulla med löv igen?,,HIGH,https://www.temu.com/se/g-601099606869339.html,PASS,PASS,FAIL,UNCERTAIN,FAIL,PASS,PASS,PASS
handmaskiner,601099541368579,1pc Adjustable String Trimmer Support Wheel Attachment 28mm 26mm Grass Cutter Parts Gas Petrol Electric Brush Cutter Strimmer,,,,Grästrimmern/röjsågen — stödhjul som klamras på skaftet (26/28 mm),presence,C,45,70,False,Ont i ryggen efter trimningen?,449,MEDIUM,https://www.temu.com/se/g-601099541368579.html,PASS,UNCERTAIN,PASS,UNCERTAIN,UNCERTAIN,FAIL,PASS,PASS
handmaskiner,601099553167011,1 Pack Universal Grass Trimmer Support Wheels Adjustable 26-28mm Lawn Mower Brush Cutter Strimmer Attachment Portable Weed Eater Stabilizer 12.8in Wide With 4.84in Durable Wheels,,,,Trimmer — dubbla stödhjul 26–28 mm,presence,C,45,70,False,Ont i ryggen efter trimningen?,449,MEDIUM,https://www.temu.com/se/g-601099553167011.html,PASS,UNCERTAIN,PASS,UNCERTAIN,UNCERTAIN,FAIL,PASS,PASS
handmaskiner,601099522684444,1 Set Lawn Mower Support Wheel New Adjustable Attachment Wheels 26mm 28mm Portable String Trimmer Wheel Mower Trimmer Auxiliary — Reducing Fatigue And Pain,,,,Trimmer — stödhjul 26/28 mm,presence,C,45,70,False,Ont i ryggen efter trimningen?,449,MEDIUM,https://www.temu.com/se/g-601099522684444.html,PASS,UNCERTAIN,PASS,UNCERTAIN,UNCERTAIN,FAIL,PASS,PASS
handmaskiner,601099578269133,Bilateral Wheels For Electric Grass Trimmer Enhance Work Efficiency Easy Installation Lawn Mower Accessories,,,,Eltrimmer — hjulpar,presence,C,40,70,False,Ont i ryggen efter trimningen?,,LOW,https://www.temu.com/se/g-601099578269133.html,PASS,UNCERTAIN,PASS,UNCERTAIN,UNCERTAIN,UNCERTAIN,PASS,PASS
handmaskiner,601099621198951,53 Inch Portable Survival Chainsaw Kit Double Sided Teeth Hand Rope Saw With 72 Sharp Blades High Speed Steel Manual Pocket Chain Saw For Wood Cutting Tree Pruning 15 Piece Set With Handles Straps Gloves Carrying Bag,,,,Höga grenar på tomtens träd — repsåg som kastas över grenen,object,ELIM,30,40,False,Har du grenar du inte når?,,HIGH,https://www.temu.com/se/g-601099621198951.html,FAIL,UNCERTAIN,UNCERTAIN,UNCERTAIN,UNCERTAIN,FAIL,PASS,PASS
handmaskiner,601099514794110,1set China Professional Manufacturer Chain Saw Wood Handheld Chain Saws Folding Pruning Chain Saw Cutter High Limb Chainsaw,,,,Grenar — hopfällbar handsåg,object,ELIM,15,0,False,,,HIGH,https://www.temu.com/se/g-601099514794110.html,FAIL,UNCERTAIN,FAIL,UNCERTAIN,UNCERTAIN,PASS,FAIL,PASS
handmaskiner,601100284784097,Cordless Pole Saw High Branch Saw With Brushless Chainsaw Pruner Shear 2m Telescopic Rod Battery And Charger Included,,,,Träd — batteristångsåg med batteri (hel maskin),shelf,ELIM,20,60,False,Har du grenar du inte når?,,HIGH,https://www.temu.com/se/g-601100284784097.html,UNCERTAIN,UNCERTAIN,FAIL,UNCERTAIN,FAIL,PASS,PASS,PASS
hus,601099637369908,"Ladder Stabilizer for Roof Gutter, Wing Span Wall Ladder Standoff, attaches with U-bolt, 485 lbs",,,,anliggande stege (ägd) mot husets takränna/fasad,,B,62,85,False,Står stegen mot takrännan när du rensar?,599,MEDIUM,https://www.temu.com/se/g-601099637369908.html,PASS,PASS,PASS,UNCERTAIN,UNCERTAIN,PASS,PASS,PASS
hus,601099608814085,Heavy Duty Ladder Stabilizer Accessory Roof Gutter Wing Wall Ladder Standoff,,,,anliggande stege (ägd) mot husets takränna/fasad,,B (dubblett),62,85,False,Står stegen mot takrännan när du rensar?,599,MEDIUM,https://www.temu.com/se/g-601099608814085.html,PASS,PASS,PASS,UNCERTAIN,UNCERTAIN,PASS,PASS,PASS
hus,601099758833312,"Heavy Duty Metal Ladder Stabilizer Roof Gutter Safety Standoff, wall extension support with wing",,,,anliggande stege (ägd) mot husets takränna/fasad,,B (dubblett),62,85,False,Står stegen mot takrännan när du rensar?,599,MEDIUM,https://www.temu.com/se/g-601099758833312.html,PASS,PASS,PASS,UNCERTAIN,UNCERTAIN,PASS,PASS,PASS
hus,601100623182916,"Heavy-duty Steel Ladder Stabilizer for Roof Gutters/Walls, adjustable, safety clamps, orange",,,,anliggande stege (ägd) mot husets takränna/fasad,,B (dubblett),62,85,False,Står stegen mot takrännan när du rensar?,599,MEDIUM,https://www.temu.com/se/g-601100623182916.html,PASS,PASS,PASS,UNCERTAIN,UNCERTAIN,PASS,PASS,PASS
hus,601099675920422,Modern Metal Ladder Stabilizer Anti-slip Roof Gutter Wall Ladder Standoff,,,,anliggande stege (ägd) mot husets takränna/fasad,,B (dubblett),62,85,False,Står stegen mot takrännan när du rensar?,599,MEDIUM,https://www.temu.com/se/g-601099675920422.html,PASS,PASS,PASS,UNCERTAIN,UNCERTAIN,PASS,PASS,PASS
hus,601100243969867,"Ladder Stabilizer for Roof, wall ladder standoff, non-slip rubber, adjustable",,,,anliggande stege (ägd) mot husets takränna/fasad,,B (dubblett),62,85,False,Står stegen mot takrännan när du rensar?,599,MEDIUM,https://www.temu.com/se/g-601100243969867.html,PASS,PASS,PASS,UNCERTAIN,UNCERTAIN,PASS,PASS,PASS
hus,601099601260136,"Ladder Stabilizer for Roof Gutters, Ladder Standoff, extension ladder accessories",,,,anliggande stege (ägd) mot husets takränna/fasad,,B (dubblett),62,85,False,Står stegen mot takrännan när du rensar?,599,MEDIUM,https://www.temu.com/se/g-601099601260136.html,PASS,PASS,PASS,UNCERTAIN,UNCERTAIN,PASS,PASS,PASS
hus,601099592830760,"Ladder Stabilizer Accessory for Roof Gutter, multiply ladder standoff, steel silver",,,,anliggande stege (ägd) mot husets takränna/fasad,,B (dubblett),62,85,False,Står stegen mot takrännan när du rensar?,599,MEDIUM,https://www.temu.com/se/g-601099592830760.html,PASS,PASS,PASS,UNCERTAIN,UNCERTAIN,PASS,PASS,PASS
hus,601100130932624,Ladder Stabilizer Roof Gutters Ladder Standoff Extension Ladder Accessories,,,,anliggande stege (ägd) mot husets takränna/fasad,,B (dubblett),62,85,False,Står stegen mot takrännan när du rensar?,599,MEDIUM,https://www.temu.com/se/g-601100130932624.html,PASS,PASS,PASS,UNCERTAIN,UNCERTAIN,PASS,PASS,PASS
hus,601100198525980,"17 inch Non-slip Gutter Ladder Safety Rest, durable plastic guard stabilizer for gutter protection, blue",,,,takrännan + anliggande stege,shelf,ELIM,58,88,False,Bucklar stegen takrännan varje höst?,699,LOW,https://www.temu.com/se/g-601100198525980.html,PASS,PASS,FAIL,UNCERTAIN,UNCERTAIN,PASS,PASS,PASS
hus,601100858917684,"2pcs 17 inch Gutter Ladder Safety Rest, non-slip gutter guard ladder stabilizer",,,,takrännan + anliggande stege,,B,58,88,False,Bucklar stegen takrännan varje höst?,699,LOW,https://www.temu.com/se/g-601100858917684.html,PASS,PASS,PASS,UNCERTAIN,UNCERTAIN,PASS,PASS,PASS
hus,601100859729434,"2pcs 17-inch Gutter Ladder Safety Rest non-slip gutter guard ladder stabilizer (US: $37.99, 4.8/5, 62 rec — ur Yahoo-utdrag)",,,,takrännan + anliggande stege,shelf,ELIM,58,88,False,Bucklar stegen takrännan varje höst?,699,LOW,https://www.temu.com/se/g-601100859729434.html,PASS,PASS,FAIL,UNCERTAIN,UNCERTAIN,PASS,PASS,PASS
hus,601099549065170,"1pc Solar House Number Light, LED doorplate, IP55, auto on/off, black, with screws (CA-listning; SE-pris ej läsbart)",,,,husets fasad/grind (universellt: alla hus har ett nummer),,C (provisorisk — material/pris ej hämtat),45,85,False,Hittar ambulansen ditt hus i mörkret?,,LOW,https://www.temu.com/se/g-601099549065170.html,PASS,UNCERTAIN,PASS,UNCERTAIN,UNCERTAIN,UNCERTAIN,PASS,PASS
hus,601099596922285,4pcs Leaf Gutter Downspout Filter Guard Mesh Anti-blocking,,,,"stuprör/takränna (fast på huset, står ute året om)",shelf,ELIM,35,80,False,Rinner takrännan över när det regnar?,,HIGH,https://www.temu.com/se/g-601099596922285.html,PASS,PASS,FAIL,UNCERTAIN,UNCERTAIN,UNCERTAIN,PASS,UNCERTAIN
hus,601099652248882,5-pack Metal Gutter Guards Downspout Filter Anti-blocking Leaf Strainer,,,,"stuprör/takränna (fast på huset, står ute året om)",shelf,ELIM,35,80,False,Rinner takrännan över när det regnar?,,HIGH,https://www.temu.com/se/g-601099652248882.html,PASS,PASS,FAIL,UNCERTAIN,UNCERTAIN,UNCERTAIN,PASS,UNCERTAIN
hus,601099543370352,5pcs Gutter Strainer Gutter Guard Filter Downspout Mesh,,,,"stuprör/takränna (fast på huset, står ute året om)",shelf,ELIM,35,80,False,Rinner takrännan över när det regnar?,,HIGH,https://www.temu.com/se/g-601099543370352.html,PASS,PASS,FAIL,UNCERTAIN,UNCERTAIN,UNCERTAIN,PASS,UNCERTAIN
hus,601099817227800,4pcs Aluminum Gutter Guard Mesh Leaf Trap for 2-4 inch Drains,,,,"stuprör/takränna (fast på huset, står ute året om)",shelf,ELIM,35,80,False,Rinner takrännan över när det regnar?,,HIGH,https://www.temu.com/se/g-601099817227800.html,PASS,PASS,FAIL,UNCERTAIN,UNCERTAIN,UNCERTAIN,PASS,UNCERTAIN
hus,601100989408772,"10 ft Gutter Cleaning Brush with Telescopic Pole, Long Reach",,,,takränna (fast på huset),shelf,ELIM,40,75,False,Rensar du takrännan från stegen i år?,,HIGH,https://www.temu.com/se/g-601100989408772.html,PASS,PASS,FAIL,UNCERTAIN,UNCERTAIN,UNCERTAIN,PASS,UNCERTAIN
hus,601099616714090,"Extendable Gutter Cleaning Brush 2ft–8ft Telescopic Ground-based Tool (EJ TILLGÄNGLIG FÖR KÖP på /se, WebFetch 2026-09-04)",,,,takränna (fast på huset),shelf,ELIM,40,75,False,Rensar du takrännan från stegen i år?,,HIGH,https://www.temu.com/se/g-601099616714090.html,PASS,PASS,FAIL,UNCERTAIN,UNCERTAIN,UNCERTAIN,PASS,UNCERTAIN
hus,601099586261313,Telescopic Gutter Cleaning Brush Extendable 2 ft–8.2 ft,,,,takränna (fast på huset),shelf,ELIM,40,75,False,Rensar du takrännan från stegen i år?,,HIGH,https://www.temu.com/se/g-601099586261313.html,PASS,PASS,FAIL,UNCERTAIN,UNCERTAIN,UNCERTAIN,PASS,UNCERTAIN
hus,601099933721077,11 ft Telescopic Gutter Cleaning Brush with Curved Hook + replacement heads,,,,takränna (fast på huset),shelf,ELIM,40,75,False,Rensar du takrännan från stegen i år?,,HIGH,https://www.temu.com/se/g-601099933721077.html,PASS,PASS,FAIL,UNCERTAIN,UNCERTAIN,UNCERTAIN,PASS,UNCERTAIN
hus,601099747808733,"8.2 ft Telescopic Gutter Cleaning Brush, adjustable angle, aluminium pole",,,,takränna (fast på huset),shelf,ELIM,40,75,False,Rensar du takrännan från stegen i år?,,HIGH,https://www.temu.com/se/g-601099747808733.html,PASS,PASS,FAIL,UNCERTAIN,UNCERTAIN,UNCERTAIN,PASS,UNCERTAIN
hus,601099620598265,Heavy Duty Telescopic Gutter Cleaning Tool with adjustable brush head,,,,takränna (fast på huset),shelf,ELIM,40,75,False,Rensar du takrännan från stegen i år?,,HIGH,https://www.temu.com/se/g-601099620598265.html,PASS,PASS,FAIL,UNCERTAIN,UNCERTAIN,UNCERTAIN,PASS,UNCERTAIN
hus,601099522761031,"Air Conditioner Drip Pan, PP water tray for indoor/outdoor split unit (EJ TILLGÄNGLIG FÖR KÖP på /se, WebFetch 2026-09-04)",,,,luftvärmepumpens utedel,shelf,ELIM,35,90,False,Blir det en isfläck under värmepumpen?,,MEDIUM,https://www.temu.com/se/g-601099522761031.html,PASS,UNCERTAIN,FAIL,UNCERTAIN,UNCERTAIN,UNCERTAIN,PASS,UNCERTAIN
hus,601099536987161,"Air Conditioning Drain Extension Pipe, outdoor thickened anti-corrosion drip hose",,,,luftvärmepumpens utedel,shelf,ELIM,35,90,False,Blir det en isfläck under värmepumpen?,,MEDIUM,https://www.temu.com/se/g-601099536987161.html,PASS,UNCERTAIN,FAIL,UNCERTAIN,UNCERTAIN,UNCERTAIN,PASS,UNCERTAIN
hus,601099541516375,"Outdoor Unit Air Conditioning Cover for Winter, waterproof windproof snowproof",,,,"luftvärmepumpens utedel (1 M+ svenska hus; står ute, går hela vintern)",presence,ELIM,25,90,False,Har du en luftvärmepump på väggen?,,HIGH,https://www.temu.com/se/g-601099541516375.html,PASS,FAIL,UNCERTAIN,UNCERTAIN,UNCERTAIN,UNCERTAIN,PASS,UNCERTAIN
hus,601099520504633,"Outdoor Unit Air Conditioner Cover 30x30x32 in, winter waterproof snowproof",,,,"luftvärmepumpens utedel (1 M+ svenska hus; står ute, går hela vintern)",presence,ELIM,25,90,False,Har du en luftvärmepump på väggen?,,HIGH,https://www.temu.com/se/g-601099520504633.html,PASS,FAIL,UNCERTAIN,UNCERTAIN,UNCERTAIN,UNCERTAIN,PASS,UNCERTAIN
hus,601103031854369,"Heavy Duty All-Weather Outdoor AC Unit Cover 28x28, open mesh top",,,,"luftvärmepumpens utedel (1 M+ svenska hus; står ute, går hela vintern)",presence,ELIM,25,90,False,Har du en luftvärmepump på väggen?,,HIGH,https://www.temu.com/se/g-601103031854369.html,PASS,FAIL,UNCERTAIN,UNCERTAIN,UNCERTAIN,UNCERTAIN,PASS,UNCERTAIN
hus,601099555142366,"Air Conditioner External Protective Cover, rainproof windproof anti-drip",,,,"luftvärmepumpens utedel (1 M+ svenska hus; står ute, går hela vintern)",presence,ELIM,25,90,False,Har du en luftvärmepump på väggen?,,HIGH,https://www.temu.com/se/g-601099555142366.html,PASS,FAIL,UNCERTAIN,UNCERTAIN,UNCERTAIN,UNCERTAIN,PASS,UNCERTAIN
hus,601099591137437,All-Weather Outdoor Air Conditioner Cover protects from rain sun dust,,,,"luftvärmepumpens utedel (1 M+ svenska hus; står ute, går hela vintern)",presence,ELIM,25,90,False,Har du en luftvärmepump på väggen?,,HIGH,https://www.temu.com/se/g-601099591137437.html,PASS,FAIL,UNCERTAIN,UNCERTAIN,UNCERTAIN,UNCERTAIN,PASS,UNCERTAIN
hus,601099638696156,"Outdoor Air Conditioner Sun Shade Cover, heat insulation and snow protection, metal mesh (UTSÅLD på /se, WebFetch 2026-09-04)",,,,"luftvärmepumpens utedel (1 M+ svenska hus; står ute, går hela vintern)",presence,ELIM,25,90,False,Har du en luftvärmepump på väggen?,,HIGH,https://www.temu.com/se/g-601099638696156.html,PASS,FAIL,UNCERTAIN,UNCERTAIN,UNCERTAIN,UNCERTAIN,PASS,UNCERTAIN
hus,601099539318755,"2pcs Adjustable Ladder Leveler with anti-slip rubber feet, up to 550 lb",,,,stege,variant,ELIM,40,85,False,Står stegen snett på gräsmattan?,,MEDIUM,https://www.temu.com/se/g-601099539318755.html,PASS,PASS,UNCERTAIN,UNCERTAIN,UNCERTAIN,FAIL,PASS,UNCERTAIN
hus,601101965167689,"Heavy Duty Ladder Stabilizer with anti-slip silicone pad, adjustable leveler 500 lb",,,,stege,variant,ELIM,40,85,False,Står stegen snett på gräsmattan?,,MEDIUM,https://www.temu.com/se/g-601101965167689.html,PASS,PASS,UNCERTAIN,UNCERTAIN,UNCERTAIN,FAIL,PASS,UNCERTAIN
hus,601099608236022,"Ladder Leveling Feet 2pcs 60 cm extension ladder leveler, screws and wrench included",,,,stege,variant,ELIM,40,85,False,Står stegen snett på gräsmattan?,,MEDIUM,https://www.temu.com/se/g-601099608236022.html,PASS,PASS,UNCERTAIN,UNCERTAIN,UNCERTAIN,FAIL,PASS,UNCERTAIN
hus,601099533453972,"2/4pcs Ladder Feet Cover, rubber non-slip for step ladders",,,,stege,variant,ELIM,40,85,False,Står stegen snett på gräsmattan?,,MEDIUM,https://www.temu.com/se/g-601099533453972.html,PASS,PASS,UNCERTAIN,UNCERTAIN,UNCERTAIN,FAIL,PASS,UNCERTAIN
hus,601099647114403,"Flexible Rain Gutter Downspout Extensions 2-pack, 21–60 in, brown",,,,stuprör,shelf,ELIM,30,80,False,Rinner stupröret rakt ner mot grunden?,,HIGH,https://www.temu.com/se/g-601099647114403.html,PASS,PASS,FAIL,UNCERTAIN,UNCERTAIN,UNCERTAIN,PASS,UNCERTAIN
hus,601099522704498,"Rain Gutter Downspout Extension Drain Adapter, no-dig catch basin kit",,,,stuprör,shelf,ELIM,30,80,False,Rinner stupröret rakt ner mot grunden?,,HIGH,https://www.temu.com/se/g-601099522704498.html,PASS,PASS,FAIL,UNCERTAIN,UNCERTAIN,UNCERTAIN,PASS,UNCERTAIN
hus,601099542680654,"Gutter Downspout Extension flexible, 20–150 cm, with screws",,,,stuprör,shelf,ELIM,30,80,False,Rinner stupröret rakt ner mot grunden?,,HIGH,https://www.temu.com/se/g-601099542680654.html,PASS,PASS,FAIL,UNCERTAIN,UNCERTAIN,UNCERTAIN,PASS,UNCERTAIN
hus,601099522917120,Downspout Extender telescopic flexible drainage tool,,,,stuprör,shelf,ELIM,30,80,False,Rinner stupröret rakt ner mot grunden?,,HIGH,https://www.temu.com/se/g-601099522917120.html,PASS,PASS,FAIL,UNCERTAIN,UNCERTAIN,UNCERTAIN,PASS,UNCERTAIN
hus,601099524916867,"Downspout Extension flexible, 50–57 in",,,,stuprör,shelf,ELIM,30,80,False,Rinner stupröret rakt ner mot grunden?,,HIGH,https://www.temu.com/se/g-601099524916867.html,PASS,PASS,FAIL,UNCERTAIN,UNCERTAIN,UNCERTAIN,PASS,UNCERTAIN
hus,,Temu-kategori 'mouse proof dryer vent cover' (2pcs stainless mesh exterior wall vent; 4/6-inch 304 stainless) — ingen enskild g-listning hittad,,,,husets ventilationsöppningar/krypgrundsventiler,shelf,ELIM,30,80,False,Kommer mössen in i höst?,,HIGH,https://www.temu.com/mouse-proof-dryer-vent-cover-5050366476741-s.html,PASS,PASS,FAIL,UNCERTAIN,UNCERTAIN,UNCERTAIN,PASS,UNCERTAIN
hus,601099552259600,10–20 ft Garage Door Bottom Seal Weather Stripping PVC rubber,,,,garageport,shelf,ELIM,25,45,False,Drar det under garageporten?,,HIGH,https://www.temu.com/se/g-601099552259600.html,PASS,PASS,FAIL,UNCERTAIN,UNCERTAIN,UNCERTAIN,PASS,UNCERTAIN
hus,601099945396630,20 ft Universal Garage Door Seal Strip bottom weather stripping,,,,garageport,shelf,ELIM,25,45,False,Drar det under garageporten?,,HIGH,https://www.temu.com/se/g-601099945396630.html,PASS,PASS,FAIL,UNCERTAIN,UNCERTAIN,UNCERTAIN,PASS,UNCERTAIN
hus,601099524825217,Garage Door Seals Bottom Rubber Weather Stripping Kit 16 ft black,,,,garageport,shelf,ELIM,25,45,False,Drar det under garageporten?,,HIGH,https://www.temu.com/se/g-601099524825217.html,PASS,PASS,FAIL,UNCERTAIN,UNCERTAIN,UNCERTAIN,PASS,UNCERTAIN
hus,601101903801579,"Replacement Garage Door Bottom Seal Strip, EPDM, single-slot doors, 10.5 ft",,,,garageport,shelf,ELIM,25,45,False,Drar det under garageporten?,,HIGH,https://www.temu.com/se/g-601101903801579.html,PASS,PASS,FAIL,UNCERTAIN,UNCERTAIN,UNCERTAIN,PASS,UNCERTAIN
hus,601101571293235,"Cobweb Duster with extension pole, spider web brush for outdoor cleaning",,,,fasad/takfot,shelf,ELIM,25,70,False,Spindelnät under takfoten igen?,,MEDIUM,https://www.temu.com/se/g-601101571293235.html,PASS,PASS,FAIL,UNCERTAIN,UNCERTAIN,UNCERTAIN,PASS,UNCERTAIN
hus,601103037360883,20/26 ft Extendable Cobweb Duster with telescopic pole,,,,fasad/takfot,shelf,ELIM,25,70,False,Spindelnät under takfoten igen?,,MEDIUM,https://www.temu.com/se/g-601103037360883.html,PASS,PASS,FAIL,UNCERTAIN,UNCERTAIN,UNCERTAIN,PASS,UNCERTAIN
hus,601100729934304,"26 ft Reach Cobweb Duster with extension pole, outdoor/indoor",,,,fasad/takfot,shelf,ELIM,25,70,False,Spindelnät under takfoten igen?,,MEDIUM,https://www.temu.com/se/g-601100729934304.html,PASS,PASS,FAIL,UNCERTAIN,UNCERTAIN,UNCERTAIN,PASS,UNCERTAIN
hus,601099518437500,"Window Strike Prevention Stickers, butterfly/leaf shapes",,,,fönster,object,ELIM,15,60,False,Flyger fåglar in i ditt fönster?,,HIGH,https://www.temu.com/se/g-601099518437500.html,FAIL,UNCERTAIN,FAIL,UNCERTAIN,UNCERTAIN,UNCERTAIN,PASS,UNCERTAIN
hus,601099574443963,20pcs Anti-collision Bird Electrostatic Window Stickers,,,,fönster,object,ELIM,15,60,False,Flyger fåglar in i ditt fönster?,,HIGH,https://www.temu.com/se/g-601099574443963.html,FAIL,UNCERTAIN,FAIL,UNCERTAIN,UNCERTAIN,UNCERTAIN,PASS,UNCERTAIN
hus,601102362460185,"Clear Round Bird Deterrent Sticker, anti-collision, retro grid",,,,fönster,object,ELIM,15,60,False,Flyger fåglar in i ditt fönster?,,HIGH,https://www.temu.com/se/g-601102362460185.html,FAIL,UNCERTAIN,FAIL,UNCERTAIN,UNCERTAIN,UNCERTAIN,PASS,UNCERTAIN
hus,601099513797710,"16pcs Anti-collision Window Bird Stickers, clear, 4 sheets",,,,fönster,object,ELIM,15,60,False,Flyger fåglar in i ditt fönster?,,HIGH,https://www.temu.com/se/g-601099513797710.html,FAIL,UNCERTAIN,FAIL,UNCERTAIN,UNCERTAIN,UNCERTAIN,PASS,UNCERTAIN
husvagn,601099535772619,Universal caravan hitch cover waterproof dustproof trailer tow ball coupling lock cover for RV motorhome,,,,Kulkopplingen på husvagn/släpvagn,shelf,ELIM,35,60,False,Står husvagnen uppställd över vintern?,,HIGH,https://www.temu.com/se/g-601099535772619.html,PASS,PASS,FAIL,UNCERTAIN,UNCERTAIN,UNCERTAIN,PASS,UNCERTAIN
husvagn,601099577187627,"Heavy duty waterproof trailer hitch cover with strap, UV/snow/dust resistant PVC coupler protector",,,,Kulkopplingen (amerikansk A-ramskoppling),shelf,ELIM,25,60,False,,,HIGH,https://www.temu.com/se/g-601099577187627.html,UNCERTAIN,PASS,FAIL,UNCERTAIN,UNCERTAIN,UNCERTAIN,UNCERTAIN,UNCERTAIN
husvagn,601100546478154,UV-resistent däcköverdrag för hjulskydd till husvagnar och campingbilar (Temu SE),,,,Däcken på uppställd husvagn/husbil,shelf,ELIM,45,55,False,Står husvagnen ute i vinter?,,MEDIUM,https://www.temu.com/se/g-601100546478154.html,PASS,PASS,FAIL,UNCERTAIN,UNCERTAIN,UNCERTAIN,PASS,UNCERTAIN
husvagn,601099526934261,Wheel covers set of 4 tire cover protectors 420D Oxford for RV truck motorhome camper trailer,,,,Däcken på uppställd husvagn/husbil,shelf,ELIM,40,55,False,Står husvagnen ute i vinter?,,MEDIUM,https://www.temu.com/se/g-601099526934261.html,PASS,PASS,FAIL,UNCERTAIN,UNCERTAIN,UNCERTAIN,PASS,UNCERTAIN
husvagn,601099530862665,"3pcs dual axle RV tire covers spare wheel cover, waterproof double wheel covers",,,,Däcken på uppställd husvagn/husbil,shelf,ELIM,40,55,False,Står husvagnen ute i vinter?,,MEDIUM,https://www.temu.com/se/g-601099530862665.html,PASS,PASS,FAIL,UNCERTAIN,UNCERTAIN,UNCERTAIN,PASS,UNCERTAIN
husvagn,601099520729864,"4st/set däckskydd robust däckhjulsskydd för lastbilar, SUV:er, släpvagnar, husvagnar, universal passform",,,,Däcken på uppställd husvagn/husbil,shelf,ELIM,40,55,False,Står husvagnen ute i vinter?,,MEDIUM,https://www.temu.com/se/g-601099520729864.html,PASS,PASS,FAIL,UNCERTAIN,UNCERTAIN,UNCERTAIN,PASS,UNCERTAIN
husvagn,601099516079940,4pcs black tire cover waterproof wheel cover tire protector for truck SUV trailer camper,,,,Däcken på uppställd husvagn/husbil,shelf,ELIM,40,55,False,Står husvagnen ute i vinter?,,MEDIUM,https://www.temu.com/se/g-601099516079940.html,PASS,PASS,FAIL,UNCERTAIN,UNCERTAIN,UNCERTAIN,PASS,UNCERTAIN
husvagn,601099574487393,"4-piece tire cover set Oxford cloth gray, universal tire diameter, sun protection",,,,Däcken på uppställd husvagn/husbil,shelf,ELIM,40,55,False,Står husvagnen ute i vinter?,,MEDIUM,https://www.temu.com/se/g-601099574487393.html,PASS,PASS,FAIL,UNCERTAIN,UNCERTAIN,UNCERTAIN,PASS,UNCERTAIN
husvagn,601099734931938,"Set of 4 waterproof tire covers heavy duty polyester UV dust protection, fits 21 inch diameter tires",,,,Däcken på uppställd husvagn/husbil,shelf,ELIM,40,55,False,Står husvagnen ute i vinter?,,MEDIUM,https://www.temu.com/se/g-601099734931938.html,PASS,PASS,FAIL,UNCERTAIN,UNCERTAIN,UNCERTAIN,PASS,UNCERTAIN
husvagn,601101957332162,"Trailer hitch ball lock universal anti-theft coupling device for trailers/RVs, metal construction",,,,Kulkopplingen på uppställd husvagn/släpvagn,shelf,ELIM,30,20,False,Står släpet olåst i uppfarten?,,HIGH,https://www.temu.com/se/g-601101957332162.html,PASS,PASS,FAIL,UNCERTAIN,UNCERTAIN,UNCERTAIN,PASS,UNCERTAIN
husvagn,601099520489567,Trailer part coupling lock hitch ball lock tow anti-theft device universal hitch lock,,,,Kulkopplingen på uppställd husvagn/släpvagn,shelf,ELIM,30,20,False,Står släpet olåst i uppfarten?,,HIGH,https://www.temu.com/se/g-601099520489567.html,PASS,PASS,FAIL,UNCERTAIN,UNCERTAIN,UNCERTAIN,PASS,UNCERTAIN
husvagn,601099513876237,"Car trailer hitch lock anti-theft latch lock for RV off-road hook lock, stainless steel",,,,Kulkopplingen på uppställd husvagn/släpvagn,shelf,ELIM,30,20,False,Står släpet olåst i uppfarten?,,HIGH,https://www.temu.com/se/g-601099513876237.html,PASS,PASS,FAIL,UNCERTAIN,UNCERTAIN,UNCERTAIN,PASS,UNCERTAIN
husvagn,601104013410107,"Grip trailer wheel lock wheel clamp, security for car/truck/RV, reinforced clamp",,,,Hjulet på uppställd husvagn/släpvagn,shelf,ELIM,30,25,False,Står husvagnen olåst hela vintern?,,HIGH,https://www.temu.com/se/g-601104013410107.html,PASS,PASS,FAIL,UNCERTAIN,UNCERTAIN,UNCERTAIN,PASS,UNCERTAIN
husvagn,601099783141987,Wheel lock clamp 2-pack trailer wheel lock heavy duty anti-theft tire lock,,,,Hjulet på uppställd husvagn/släpvagn,shelf,ELIM,30,25,False,Står husvagnen olåst hela vintern?,,HIGH,https://www.temu.com/se/g-601099783141987.html,PASS,PASS,FAIL,UNCERTAIN,UNCERTAIN,UNCERTAIN,PASS,UNCERTAIN
husvagn,601099588807629,"Adjustable wheel clamp with combination lock, universal anti-theft tire clamp steel parking boot",,,,Hjulet på uppställd husvagn/släpvagn,shelf,ELIM,30,25,False,Står husvagnen olåst hela vintern?,,HIGH,https://www.temu.com/se/g-601099588807629.html,PASS,PASS,FAIL,UNCERTAIN,UNCERTAIN,UNCERTAIN,PASS,UNCERTAIN
husvagn,601099821458069,"Trailer ball cover durable TPR rubber hitch protector, textured surface, protects tow bar ball from rust and scratches",,,,Dragkulan på bilen,shelf,ELIM,20,10,False,Har du dragkrok på bilen?,,HIGH,https://www.temu.com/se/g-601099821458069.html,PASS,PASS,FAIL,UNCERTAIN,UNCERTAIN,UNCERTAIN,PASS,UNCERTAIN
husvagn,601099516832791,"Heavy-duty RV stabilizer jack pads, leveling blocks, trailer tire pad, help prevent jacks from sinking",,,,Stödbenen på husvagnen,shelf,ELIM,35,45,False,Sjunker husvagnens stödben i gräset?,,HIGH,https://www.temu.com/se/g-601099516832791.html,PASS,PASS,FAIL,UNCERTAIN,UNCERTAIN,UNCERTAIN,PASS,UNCERTAIN
husvagn,601101119646963,"Trailer jack block for travel trailer, fits tongue stand wheels round and square, supports up to 15 000 lbs",,,,US tongue jack,object,ELIM,10,50,False,,,HIGH,https://www.temu.com/se/g-601101119646963.html,FAIL,UNCERTAIN,UNCERTAIN,UNCERTAIN,UNCERTAIN,UNCERTAIN,UNCERTAIN,UNCERTAIN
husvagn,601099540290835,"Reinforced trailer wheel replacement, boat trailer jack wheel, dual swivel jack caster wheel with pin, fits any jack",,,,US tongue jack-hjul,object,ELIM,10,50,False,,,HIGH,https://www.temu.com/se/g-601099540290835.html,FAIL,UNCERTAIN,UNCERTAIN,UNCERTAIN,UNCERTAIN,UNCERTAIN,UNCERTAIN,UNCERTAIN
husvagn,601099534029301,"1pc electric tongue jack cover 600D universal trailer RV electric tongue jack protective cover 14""×5""×10""",,,,Elektrisk tongue jack (US),object,ELIM,5,60,False,,,HIGH,https://www.temu.com/se/g-601099534029301.html,FAIL,UNCERTAIN,UNCERTAIN,UNCERTAIN,UNCERTAIN,UNCERTAIN,UNCERTAIN,UNCERTAIN
husvagn,601099589176805,"Trailer wheel chock rubber, boat and RV trailer wheel dock",,,,Hjulen på uppställd släpvagn/husvagn,shelf,ELIM,15,15,False,,,MEDIUM,https://www.temu.com/se/g-601099589176805.html,PASS,PASS,FAIL,UNCERTAIN,UNCERTAIN,UNCERTAIN,UNCERTAIN,UNCERTAIN
husvagn,601099559295788,"Rubber triangular car stopper, solid large truck wheel chock, anti-skid portable wheel stopper",,,,Hjulen på uppställd släpvagn/husvagn,shelf,ELIM,15,15,False,,,MEDIUM,https://www.temu.com/se/g-601099559295788.html,PASS,PASS,FAIL,UNCERTAIN,UNCERTAIN,UNCERTAIN,UNCERTAIN,UNCERTAIN
husvagn,601099609840730,"RV skylight cover 14×14 reflective vent cover for camper travel trailers, triple layer heat blocker",,,,Takluckan i husvagn/husbil (insida),presence,ELIM,15,50,False,,,HIGH,https://www.temu.com/se/g-601099609840730.html,PASS,FAIL,UNCERTAIN,UNCERTAIN,UNCERTAIN,UNCERTAIN,UNCERTAIN,UNCERTAIN
husvagn,601099682085784,"RV skylight insulation cover with reflective surface, universal motorhome vent, camper skylight shade",,,,Takluckan i husvagn/husbil (insida),presence,ELIM,15,50,False,,,HIGH,https://www.temu.com/se/g-601099682085784.html,PASS,FAIL,UNCERTAIN,UNCERTAIN,UNCERTAIN,UNCERTAIN,UNCERTAIN,UNCERTAIN
husvagn,601099604074547,"Merxeng travel trailer RV cover windproof 6 layers anti-UV top panel, fits 37–40 ft motorhome, 4 tire covers",,,,Hela husvagnen/husbilen,variant,ELIM,30,45,False,Står husvagnen ute i vinter?,,MEDIUM,https://www.temu.com/se/g-601099604074547.html,FAIL,PASS,UNCERTAIN,UNCERTAIN,UNCERTAIN,FAIL,PASS,UNCERTAIN
husvagn,601099646583006,"24–26 ft travel trailer RV cover, Oxford, waterproof, rip-resistant, anti-UV, with tongue jack cover + 6 gutter covers",,,,Hela husvagnen/husbilen,variant,C,30,45,False,Står husvagnen ute i vinter?,,MEDIUM,https://www.temu.com/se/g-601099646583006.html,PASS,PASS,UNCERTAIN,UNCERTAIN,UNCERTAIN,FAIL,PASS,UNCERTAIN
husvagn,601099564774462,"Waterproof Oxford fabric RV & trailer covers, weatherproof (Temu UK)",,,,Hela husvagnen/husbilen,variant,C,30,45,False,Står husvagnen ute i vinter?,,MEDIUM,https://www.temu.com/se/g-601099564774462.html,UNCERTAIN,PASS,UNCERTAIN,UNCERTAIN,UNCERTAIN,FAIL,PASS,UNCERTAIN
husvagn,601099542199444,"1pc folding trailer car cover, Oxford cloth, windproof, sun-resistant, waterproof for van/outdoor",,,,Hopfällbar campingvagn (tältvagn),object,ELIM,15,50,False,,,LOW,https://www.temu.com/se/g-601099542199444.html,UNCERTAIN,PASS,UNCERTAIN,UNCERTAIN,UNCERTAIN,UNCERTAIN,UNCERTAIN,FAIL
husvagn,601100592423514,"Durable Oxford fabric trailer cover, sun-resistant waterproof cargo cover for pickup truck bed, reflective strips, elastic ropes",,,,Flak på pickup,object,ELIM,5,40,False,,,HIGH,https://www.temu.com/se/g-601100592423514.html,FAIL,UNCERTAIN,UNCERTAIN,UNCERTAIN,UNCERTAIN,UNCERTAIN,UNCERTAIN,UNCERTAIN
husvagn,601102230699570,"Heavy-duty 600D Oxford bike cover for hitch rack, waterproof UV windproof, lock holes, reflective strips, fits e-bikes",,,,Cykelhållare på dragkroken (med cyklar),presence,ELIM,20,55,False,,,HIGH,https://www.temu.com/se/g-601102230699570.html,PASS,FAIL,UNCERTAIN,UNCERTAIN,UNCERTAIN,UNCERTAIN,UNCERTAIN,UNCERTAIN
husvagn,602262508241851,"Pulley system kayak hoist garage ceiling storage canoe lift, 150 lbs capacity, up to 14 ft ceiling",,,,Takboxen i garaget,object,ELIM,15,50,False,,,HIGH,https://www.temu.com/se/g-602262508241851.html,FAIL,UNCERTAIN,FAIL,UNCERTAIN,UNCERTAIN,UNCERTAIN,UNCERTAIN,UNCERTAIN
husvagn,605688298345002,"Wireless LED trailer light kit, magnetic towing tail light, portable universal stop/turn/running, 12–24 V",,,,Släpvagnens belysning,presence,ELIM,20,40,False,,,MEDIUM,https://www.temu.com/se/g-605688298345002.html,PASS,FAIL,UNCERTAIN,UNCERTAIN,UNCERTAIN,UNCERTAIN,UNCERTAIN,UNCERTAIN
husvagn,601099514611565,3pcs set internal thermal blinds 7 layers cover windscreen for Fiat Ducato 2006–2022,,,,Husbilens förarhytt (Ducato) — invändigt,,C,45,65,False,Har du en husbil på Ducato?,,LOW,https://www.temu.com/se/g-601099514611565.html,PASS,UNCERTAIN,PASS,UNCERTAIN,UNCERTAIN,PASS,PASS,UNCERTAIN
husvagn,601102148404312,"Motorhome thermal windscreen screen cover wrap, blackout blinds, windshield protection, reinforced edges, windshield shade outdoor (Temu UK)",,,,Husbilens vindruta och sidorutor (utvändigt),,B,62,85,False,Står husbilen ute i vinter?,,LOW,https://www.temu.com/uk/motorhome-thermal-windscreen-screen-cover-wrap-blackout-blinds-for--windshield-protection-modern-rv-accessory-reinforced-edges-windshield-shade-outdoor--g-601102148404312.html,PASS,PASS,PASS,UNCERTAIN,UNCERTAIN,UNCERTAIN,PASS,UNCERTAIN
jakt,601099566089885,"Camo hunting chest pack with binocular harness, rangefinder pocket, rain cover (Temu UK-titel ur sökträff)",,4.7,303,Handkikare,,B (närmast A),72,85,True,Får du ont i nacken av kikaren?,,MEDIUM,https://www.temu.com/se/g-601099566089885.html,PASS,PASS,PASS,PASS,UNCERTAIN,PASS,PASS,PASS
jakt,601099523680456,"Binocular harness chest pack with detachable rangefinder pouch, adjustable bino harness, rain cover (ur sökträff)",,,,Handkikare,,B (dubblett),70,85,False,Får du ont i nacken av kikaren?,,LOW,https://www.temu.com/se/g-601099523680456.html,PASS,PASS,PASS,UNCERTAIN,UNCERTAIN,PASS,PASS,PASS
jakt,602352702587042,Binocular harness strap adjustable deluxe for hunting (sökträff: 'This item was discontinued'),,,,Handkikare,shelf,ELIM,,,False,,,HIGH,https://www.temu.com/se/g-602352702587042.html,PASS,PASS,FAIL,UNCERTAIN,UNCERTAIN,,,
jakt,601102428354243,10x42 rubber lens caps for binoculars + rain guard (ur sökträff),,,,Handkikare (objektiv 42 mm),,C,35,80,False,Regn på kikarlinserna i passet?,,LOW,https://www.temu.com/se/g-601102428354243.html,PASS,PASS,PASS,UNCERTAIN,UNCERTAIN,UNCERTAIN,PASS,PASS
jakt,601103949421856,"58"" heavy duty tree stand hunting umbrella, camo canopy, tool-free setup, compatible with tree stands/ground blinds (ur sökträff)",,,,"Jakttornet/passet (öppet torn, stege, markpass)",,B,68,90,False,Regnar det in i jakttornet?,,MEDIUM,https://www.temu.com/se/g-601103949421856.html,PASS,PASS,PASS,UNCERTAIN,UNCERTAIN,PASS,PASS,PASS
jakt,601099667428425,"Adjustable lightweight hunting tree stand seat, thick foam padding, camo Oxford (ur sökträff)",,,,Jakttornets bänk / passets sittplats,,B,60,80,False,Kallt och hårt i jakttornet?,,MEDIUM,https://www.temu.com/se/g-601099667428425.html,PASS,PASS,PASS,UNCERTAIN,UNCERTAIN,PASS,PASS,PASS
jakt,601099904892660,Adjustable tree stand seat cushion camo lightweight for hunting and fishing (ur sökträff),,,,Jakttornets bänk / passets sittplats,,B (dubblett),60,80,False,Kallt och hårt i jakttornet?,,MEDIUM,https://www.temu.com/se/g-601099904892660.html,PASS,PASS,PASS,UNCERTAIN,UNCERTAIN,PASS,PASS,PASS
jakt,601099744439687,"Adjustable tree stand seat cushion camo (andra listningen, ur sökträff)",,,,Jakttornets bänk / passets sittplats,,B (dubblett),60,80,False,Kallt och hårt i jakttornet?,,MEDIUM,https://www.temu.com/se/g-601099744439687.html,PASS,PASS,PASS,UNCERTAIN,UNCERTAIN,PASS,PASS,PASS
jakt,601099521871802,"Universal tree stand seat replacement, adjustable strap, fits ladder/lock-on stands (ur sökträff)",,,,Jakttornets bänk / passets sittplats,,C,60,80,False,Kallt och hårt i jakttornet?,,LOW,https://www.temu.com/se/g-601099521871802.html,UNCERTAIN,PASS,PASS,UNCERTAIN,UNCERTAIN,PASS,PASS,PASS
jakt,601099513456216,"Universal tree stand seat replacement, lightweight adjustable (ur sökträff)",,,,Jakttornets bänk / passets sittplats,,C,60,80,False,Kallt och hårt i jakttornet?,,LOW,https://www.temu.com/se/g-601099513456216.html,UNCERTAIN,PASS,PASS,UNCERTAIN,UNCERTAIN,PASS,PASS,PASS
jakt,601103482843682,"Camouflage hunting tree stand seat cushion cover with removable cover & straps, foldable stool pad (ur sökträff)",,,,Jakttornets bänk / passets sittplats,,B (dubblett),60,80,False,Kallt och hårt i jakttornet?,,MEDIUM,https://www.temu.com/se/g-601103482843682.html,PASS,PASS,PASS,UNCERTAIN,UNCERTAIN,PASS,PASS,PASS
jakt,601099898313877,"Outdoor heated multi-purpose seat cushion, 3-mode USB, Oxford cloth (ur sökträff)",,,,Sittplatsen i tornet/passet,,C (commodity),52,75,False,Fryser du om baken i jakttornet?,,LOW,https://www.temu.com/se/g-601099898313877.html,PASS,PASS,PASS,UNCERTAIN,UNCERTAIN,PASS,PASS,PASS
jakt,601099772450298,"Portable folding heated seat cushion, 3 levels, USB, waterproof polyester (ur sökträff)",,,,Sittplatsen i tornet/passet,,C (commodity),52,75,False,Fryser du om baken i jakttornet?,,LOW,https://www.temu.com/se/g-601099772450298.html,PASS,PASS,PASS,UNCERTAIN,UNCERTAIN,PASS,PASS,PASS
jakt,601099522798994,Shooting sandbags / gun rest bag for outdoor shooting (ur sökträff),,,,Geväret + tornkanten,,C,45,85,False,Vilar du bössan på tornkanten?,,LOW,https://www.temu.com/se/g-601099522798994.html,PASS,PASS,UNCERTAIN,UNCERTAIN,UNCERTAIN,PASS,PASS,PASS
jakt,601099536908795,"Hunting bag stand support / window support bag (ur WebFetch shooting-rest-s.html, $11.66)",,,,Tornets fönsterkarm/räcke,,C,45,85,False,Vilar du bössan på tornkanten?,,LOW,https://www.temu.com/se/g-601099536908795.html,PASS,PASS,UNCERTAIN,UNCERTAIN,UNCERTAIN,PASS,PASS,PASS
jakt,601103794016378,"Shooting rest for hunting, shooting sticks/tripod, heavy-duty iron, adjustable height/angle (ur sökträff)",,,,Geväret (markpass),,C,45,85,False,Skakar bössan när du siktar?,,LOW,https://www.temu.com/se/g-601103794016378.html,PASS,PASS,UNCERTAIN,UNCERTAIN,UNCERTAIN,PASS,PASS,PASS
jakt,601102189720371,"Shooting rest with ball head for shooting sticks & stands (ur WebFetch, $24.46)",,,,Skjutkäppen jägaren redan har,,C,45,85,False,Glider bössan på skjutkäppen?,,LOW,https://www.temu.com/se/g-601102189720371.html,PASS,PASS,UNCERTAIN,UNCERTAIN,UNCERTAIN,PASS,PASS,PASS
jakt,601099590111540,2pcs classic neoprene gun stock covers / pull-on recoil pads (ur sökträff),,,,Gevärskolven,object,ELIM,,,False,,,HIGH,https://www.temu.com/se/g-601099590111540.html,FAIL,,,UNCERTAIN,UNCERTAIN,,,
jakt,601099533841174,"Neoprene scope optic cover, riflescope protective cover (ur sökträff)",,,,Kikarsiktet på bössan,shelf,ELIM,30,80,False,,,HIGH,https://www.temu.com/se/g-601099533841174.html,PASS,PASS,FAIL,UNCERTAIN,UNCERTAIN,,,
jakt,601099600093447,2-pack reversible neoprene rifle scope cover (ur sökträff),,,,Kikarsiktet på bössan,shelf,ELIM,30,80,False,,,HIGH,https://www.temu.com/se/g-601099600093447.html,PASS,PASS,FAIL,UNCERTAIN,UNCERTAIN,,,
jakt,601099536664578,Neoprene scope cover sleeve with red zipper & carry handle (ur sökträff),,,,Kikarsiktet på bössan,shelf,ELIM,30,80,False,,,HIGH,https://www.temu.com/se/g-601099536664578.html,PASS,PASS,FAIL,UNCERTAIN,UNCERTAIN,,,
jakt,601099528730356,"Trail camera tree mount, quick mount, screw-in, 360° rotating (ur sökträff)",,,,Åtelkameran,,C,48,85,False,Hänger åtelkameran snett på trädet?,,MEDIUM,https://www.temu.com/se/g-601099528730356.html,PASS,PASS,UNCERTAIN,UNCERTAIN,UNCERTAIN,PASS,PASS,PASS
jakt,601101388285623,"Trail camera mounting bracket 1/4-20, 360° rotating, aluminium alloy (ur sökträff)",,,,Åtelkameran,,C,48,85,False,Hänger åtelkameran snett på trädet?,,MEDIUM,https://www.temu.com/se/g-601101388285623.html,PASS,PASS,UNCERTAIN,UNCERTAIN,UNCERTAIN,PASS,PASS,PASS
jakt,601099538457690,Trail camera tree bracket + solar panel bracket (ur sökträff),,,,Åtelkameran,,C,48,85,False,Hänger åtelkameran snett på trädet?,,MEDIUM,https://www.temu.com/se/g-601099538457690.html,PASS,PASS,UNCERTAIN,UNCERTAIN,UNCERTAIN,PASS,PASS,PASS
jakt,601099512956096,"Wilderness trail camera mounting bracket, hunting (ur sökträff)",,,,Åtelkameran,,C,48,85,False,Hänger åtelkameran snett på trädet?,,MEDIUM,https://www.temu.com/se/g-601099512956096.html,PASS,PASS,UNCERTAIN,UNCERTAIN,UNCERTAIN,PASS,PASS,PASS
jakt,601099604588367,"Dog bath towel robe, quick-drying absorbent hooded dog bathrobe, adjustable (ur sökträff)",,,,Jakthunden,,C,50,80,False,Blöt hund i bilen efter jakten?,,MEDIUM,https://www.temu.com/se/g-601099604588367.html,PASS,PASS,PASS,UNCERTAIN,UNCERTAIN,FAIL,PASS,PASS
jakt,601100331031944,"Super absorbent microfiber dog bathrobe S–XL, warm keeping drying coat (ur sökträff)",,,,Jakthunden,,C,50,80,False,Blöt hund i bilen efter jakten?,,MEDIUM,https://www.temu.com/se/g-601100331031944.html,PASS,PASS,PASS,UNCERTAIN,UNCERTAIN,FAIL,PASS,PASS
jakt,606573330037589,"Reflective dog vest flame-orange (ur WebFetch hunting-dog-vest-s, $12.03)",,,,Jakthunden,shelf,ELIM,,,False,,,HIGH,https://www.temu.com/se/g-606573330037589.html,PASS,PASS,FAIL,UNCERTAIN,UNCERTAIN,FAIL,,
jakt,601102908589955,"2pcs dog reflective vest high visibility (ur WebFetch, $14.47)",,,,Jakthunden,shelf,ELIM,,,False,,,HIGH,https://www.temu.com/se/g-601102908589955.html,PASS,PASS,FAIL,UNCERTAIN,UNCERTAIN,FAIL,,
jakt,601099927608371,"Adjustable coyote-proof dog vest harness with zipper, small–medium breeds (ur sökträff)",,,,Jakthunden,shelf,ELIM,,,False,,,HIGH,https://www.temu.com/se/g-601099927608371.html,PASS,PASS,FAIL,UNCERTAIN,UNCERTAIN,FAIL,,
jakt,601099610415303,"Dog car seat cover hammock with hard bottom, holds 330 lbs (ur sökträff)",,,,Bilens baksäte + hunden,shelf,ELIM,,,False,,,HIGH,https://www.temu.com/se/g-601099610415303.html,PASS,PASS,FAIL,UNCERTAIN,UNCERTAIN,,,
jakt,601099676550516,"Waterproof dog hammock for cars/SUV with hard bottom, mesh window (ur sökträff)",,,,Bilens baksäte + hunden,shelf,ELIM,,,False,,,HIGH,https://www.temu.com/se/g-601099676550516.html,PASS,PASS,FAIL,UNCERTAIN,UNCERTAIN,,,
jakt,601099543622514,Adjustable dog suspenders boots / paw protector boot pants (ur sökträff),,,,Hundens tassar,object,ELIM,,,False,,,HIGH,https://www.temu.com/se/g-601099543622514.html,FAIL,,,UNCERTAIN,UNCERTAIN,,,
jakt,601099993015937,"Deer drag sled / ice fishing sled with rope, multi-purpose game sled (ur sökträff)",,,,Viltet / jaktmarken (ingen ägd sak),shelf,ELIM,,,False,,,MEDIUM,https://www.temu.com/se/g-601099993015937.html,UNCERTAIN,PASS,FAIL,UNCERTAIN,UNCERTAIN,,,
jakt,601099658421093,Multi-functional deer drag heavy duty utility sled with pull cable (ur sökträff),,,,Viltet / jaktmarken (ingen ägd sak),shelf,ELIM,,,False,,,MEDIUM,https://www.temu.com/se/g-601099658421093.html,UNCERTAIN,PASS,FAIL,UNCERTAIN,UNCERTAIN,,,
jakt,601099539320448,"Fishing wader boots hanger, boot rack, adjustable strap, for closets/garages (ur sökträff)",,,,Vadarstövlar/vadarbyxor,,C,38,85,False,Var hänger du vadarna efter fisket?,,LOW,https://www.temu.com/se/g-601099539320448.html,UNCERTAIN,PASS,PASS,UNCERTAIN,UNCERTAIN,PASS,PASS,UNCERTAIN
jakt,601099529732714,"Fishing wader boots hanger, adjustable hanging strap (ur sökträff)",,,,Vadarstövlar/vadarbyxor,,C,38,85,False,Var hänger du vadarna efter fisket?,,LOW,https://www.temu.com/se/g-601099529732714.html,UNCERTAIN,PASS,PASS,UNCERTAIN,UNCERTAIN,PASS,PASS,UNCERTAIN
jakt,601099522371360,"2pcs foldable outdoor seat pad, waterproof thermal, Oxford (ur sökträff)",,,,Sittplatsen (universell),shelf,ELIM,,,False,,,HIGH,https://www.temu.com/se/g-601099522371360.html,PASS,PASS,FAIL,UNCERTAIN,UNCERTAIN,,,
jakt,606037348299126,"Four-fold XPE outdoor cushion, honeycomb, hunting cushion (ur sökträff)",,,,Sittplatsen (universell),shelf,ELIM,,,False,,,HIGH,https://www.temu.com/se/g-606037348299126.html,PASS,PASS,FAIL,UNCERTAIN,UNCERTAIN,,,
jakt,603089893465746,2-pack folding hunting tripod stool with shoulder strap (ur sökträff),,,,Sittplatsen (universell),shelf,ELIM,,,False,,,HIGH,https://www.temu.com/se/g-603089893465746.html,PASS,PASS,FAIL,UNCERTAIN,UNCERTAIN,,,
jakt,601099571255467,"Folding portable stool, titanium alloy bracket, with carry bag (ur sökträff)",,,,Sittplatsen (universell),shelf,ELIM,,,False,,,HIGH,https://www.temu.com/se/g-601099571255467.html,PASS,PASS,FAIL,UNCERTAIN,UNCERTAIN,,,
jakt,606204784927640,"Heavy duty folding backpack chair / backrest stool for camping, hunting, fishing (ur sökträff)",,,,Sittplatsen (universell),shelf,ELIM,,,False,,,HIGH,https://www.temu.com/se/g-606204784927640.html,PASS,PASS,FAIL,UNCERTAIN,UNCERTAIN,,,
jakt,601099559253143,"Hunting tree stand blind / camo blind cover with zipper, frames not included (ur sökträff)",,,,Jakttornet (amerikansk ladder stand),presence,ELIM,,,False,,,MEDIUM,https://www.temu.com/se/g-601099559253143.html,PASS,FAIL,,UNCERTAIN,UNCERTAIN,,,
mc,601099511919796,"6 Amp 12V Battery Charger Maintainer: Keep *, Boat, Motorcycle, Lawn Mower &amp; More Batteries *!",,4.8,194,"batteriladdare/underhållsladdare 12 V (MC, ATV, skoter, klippare)",shelf,ELIM,25,70,False,Står MC:n avställd i vinter?,,HIGH,https://www.temu.com/se/g-601099511919796.html,PASS,PASS,FAIL,UNCERTAIN,UNCERTAIN,PASS,PASS,PASS
mc,601099532236044,Motorcycle Exhaust Pipe PVC Plug Muffler Wash Plug Pipe Protector Motocross Tailpipe Removable Plug,,4.7,33,avgasplugg (PVC) mot fukt/möss under avställning,economics,ELIM,35,85,False,Står MC:n avställd i vinter?,249,HIGH,https://www.temu.com/se/g-601099532236044.html,PASS,PASS,UNCERTAIN,UNCERTAIN,FAIL,FAIL,PASS,PASS
mc,601099592800786,"A Set of Motorcycle Disc Brake Anti-Theft Locks with a 110Db Alarm, Suitable for Outdoor Cycling And Mountain Bikes. It Features a USB Type-C Fast Cha",,4.9,150,bromsskivelås med 110 dB larm (USB-C),shelf,ELIM,20,75,True,Står MC:n olåst på gården?,1390,HIGH,https://www.temu.com/se/g-601099592800786.html,PASS,UNCERTAIN,FAIL,FAIL,FAIL,PASS,PASS,PASS
mc,601099512116561,Motorcycle Bike Anti-Theft Disc Brake Lock with 47.24inch Spring Reminder Rope,,4.8,338,enkelt bromsskivelås med påminnelselina,shelf,ELIM,15,75,False,Står MC:n olåst på gården?,199,HIGH,https://www.temu.com/se/g-601099512116561.html,PASS,UNCERTAIN,FAIL,UNCERTAIN,FAIL,PASS,PASS,PASS
mc,601099554948535,Motorcycle Chain Cleaning Kit with Brush and Gear Cleaner - Lubricating Tool for Motorbike Chains,,4.8,2335,kedjerengöringskit (borste + rengörare + smörjverktyg),object,ELIM,15,80,False,När smorde du kedjan senast?,,HIGH,https://www.temu.com/se/g-601099554948535.html,FAIL,UNCERTAIN,FAIL,UNCERTAIN,UNCERTAIN,PASS,FAIL,PASS
mc,601099538928629,"Motorcycle Handlebar Lock Grip, Motorcycle Locks Anti Theft, Heavy Duty Anti-Theft Adjustable Bike Handlebar Lock, CNC Heavy Duty Handlebar Throttle G",,4.8,382,"handtagslås/gaslås MC (CNC-aluminium, låser gasreglage + bromshandtag)",,C,48,75,False,Står MC:n olåst på gården?,349,MEDIUM,https://www.temu.com/se/g-601099538928629.html,PASS,UNCERTAIN,UNCERTAIN,UNCERTAIN,PASS,PASS,PASS,PASS
mc,601099564685759,J-00 Universal Lifting Frame with Handle (*),,4.8,113,paddockställ / lyftställ bakhjul (J-00),shelf,ELIM,15,80,True,Står MC:n på sidostödet hela vintern?,1100,HIGH,https://www.temu.com/se/g-601099564685759.html,PASS,PASS,FAIL,FAIL,FAIL,PASS,PASS,PASS
mc,601100973328677,"1800 lbs Motorcycle Wheel Chock Stand - Heavy Duty Motorcycle Lift Stand with Adjustable Height &amp; Sturdy Base, 15-21 Inch Wheel *, Motorcy",,,,hjulklämma/hjulstopp MC för släp och garage (1800 lbs),shelf,ELIM,15,80,False,Kör du MC:n på släp i höst?,,HIGH,https://www.temu.com/se/g-601100973328677.html,PASS,UNCERTAIN,FAIL,UNCERTAIN,FAIL,PASS,PASS,UNCERTAIN
mc,601099527796293,12V Motorcycle Electric Heating Handlebar Warmer Grip Warmer Heated Grips For Off-road Cycling Scooters Electric Vehicles Warmer Heated Grips,,4.8,5,handtagsvärmare 12 V (eftermontering),shelf,ELIM,20,80,False,Fryser du om händerna på ATV:n?,,HIGH,https://www.temu.com/se/g-601099527796293.html,PASS,PASS,FAIL,UNCERTAIN,UNCERTAIN,PASS,PASS,PASS
mc,601099686053271,,,,,"styrmuffar (MC/moped/skoter), vinter",shelf,ELIM,20,80,False,Fryser du om händerna på mopeden?,,HIGH,https://www.temu.com/se/g-601099686053271.html,PASS,PASS,FAIL,UNCERTAIN,UNCERTAIN,PASS,PASS,UNCERTAIN
mc,601099558078428,,,,,hjälmhållare vägg (180° rotation),object,ELIM,10,70,False,Var ligger din MC-hjälm just nu?,,HIGH,https://www.temu.com/se/g-601099558078428.html,FAIL,UNCERTAIN,UNCERTAIN,UNCERTAIN,UNCERTAIN,PASS,UNCERTAIN,PASS
mc,601099527332849,,,,,"universellt MC-sätesöverdrag (PU-läder, vattentätt)",object,ELIM,,5,False,Har MC-sitsen spruckit?,,HIGH,https://www.temu.com/se/g-601099527332849.html,FAIL,PASS,UNCERTAIN,UNCERTAIN,UNCERTAIN,UNCERTAIN,PASS,PASS
mc,601099522267692,"1pc * UTV GUN RACK With Rubber Coating, Safety Home Accessories",,4.7,149,"gevärshållare för ATV/UTV (2 st gummerade V-hållare, U-bult på pakethållaren)",,B,62,90,False,Kör du fyrhjuling till passet?,849,MEDIUM,https://www.temu.com/se/g-601099522267692.html,PASS,PASS,PASS,UNCERTAIN,PASS,PASS,PASS,UNCERTAIN
mc,601099514234509,"* Cover, Heavy Duty Marine Grade Fabric, * Cover For Kawasaki, Honda, *, Yamaha, And More. Protection Against Water, Wind",,5.0,2,"ATV-kapell (marine grade-tyg, universal)",shelf,ELIM,66,45,False,Står fyrhjulingen ute i höst?,579,MEDIUM,https://www.temu.com/se/g-601099514234509.html,PASS,PASS,FAIL,UNCERTAIN,PASS,UNCERTAIN,PASS,PASS
mc,601099548739091,,,,,ATV-kapell 190T Oxford (alternativ listning),shelf,ELIM,,45,False,Står fyrhjulingen ute i höst?,,LOW,https://www.temu.com/se/g-601099548739091.html,PASS,PASS,UNCERTAIN,UNCERTAIN,UNCERTAIN,UNCERTAIN,PASS,PASS
mc,601099742091812,UNIVERSAL * SNOW PLOW KIT * Plow System Steel Blade Complete Universal Mount Package 47in,,,,"ATV-plog 47"" universal (stålblad + universalfäste)",economics,ELIM,30,90,False,Plogar du med fyrhjulingen i vinter?,,HIGH,https://www.temu.com/se/g-601099742091812.html,PASS,PASS,UNCERTAIN,UNCERTAIN,FAIL,UNCERTAIN,PASS,PASS
mc,601099608947627,"* * Storage Bags Rear Rack Bag With Seat Cushion Upgrade Waterproof Zipper * Passenger Seat Cargo Bag Compatible With * Kawasaki Yamaha, ",,5.0,2,ATV-bakväska med passagerardyna (pakethållarväska),economics,ELIM,30,40,False,Skramlar lådan på pakethållaren?,,HIGH,https://www.temu.com/se/g-601099608947627.html,PASS,PASS,UNCERTAIN,UNCERTAIN,FAIL,PASS,UNCERTAIN,PASS
mc,601099547453502,,,,,hård förvaringsbox bak för ATV,,C (provisorisk),,60,False,Skramlar lådan på pakethållaren?,,LOW,https://www.temu.com/se/g-601099547453502.html,PASS,PASS,UNCERTAIN,UNCERTAIN,UNCERTAIN,UNCERTAIN,UNCERTAIN,PASS
mc,606138749789410,,,,,syntetisk vinschlina med hylsa och krok (ATV-vinsch),variant,ELIM,25,90,False,Har vajern på vinschen fransat?,,MEDIUM,https://www.temu.com/se/g-606138749789410.html,PASS,UNCERTAIN,UNCERTAIN,UNCERTAIN,UNCERTAIN,FAIL,PASS,UNCERTAIN
mc,601103500733069,,,,,"handskydd/vindskydd för styre (PVC), MC/scooter",,C (provisorisk),,80,False,Fryser du om händerna på mopeden?,,LOW,https://www.temu.com/se/g-601103500733069.html,PASS,PASS,UNCERTAIN,UNCERTAIN,UNCERTAIN,UNCERTAIN,PASS,UNCERTAIN
mc,601099525580894,,,,,snöskoterkapell (3 längder 292/330/368 cm),economics,C,40,45,False,Står skotern på släpet i höst?,1476,MEDIUM,https://www.temu.com/se/g-601099525580894.html,PASS,UNCERTAIN,UNCERTAIN,UNCERTAIN,FAIL,UNCERTAIN,PASS,PASS
mc,601099537882731,Snowmobile Cover Outdoor Universal Windproof Dustproof Anti-Uv Multifunction Trailer Sled Cover Lawn Mower Cover,,4.3,21,snöskoterkapell S/M/L (multifunktion: släp/klippare),material,ELIM,20,45,False,Står skotern på släpet i höst?,1200,HIGH,https://www.temu.com/se/g-601099537882731.html,PASS,UNCERTAIN,UNCERTAIN,FAIL,FAIL,UNCERTAIN,PASS,PASS
mc,601099587878841,"Snowmobile Tow Strap, Snow Vehicle Trailer Strap, Sled Towing Rope",,5.0,1,"bogserlina snöskoter (3 m, karbinhake, reflexband)",presence,ELIM,25,90,False,Har du bogserlina i skotern?,,HIGH,https://www.temu.com/se/g-601099587878841.html,PASS,FAIL,UNCERTAIN,UNCERTAIN,UNCERTAIN,PASS,PASS,PASS
mc,601099865221882,,,,,"bogserlina 2-pack 17,5 ft med krokar (skoter)",presence,ELIM,25,90,False,Har du bogserlina i skotern?,,HIGH,https://www.temu.com/se/g-601099865221882.html,PASS,FAIL,UNCERTAIN,UNCERTAIN,UNCERTAIN,PASS,PASS,PASS
mc,601099602629615,,,,,UTV/SxS-kapell (Yamaha m.fl.),audience,ELIM,,60,False,Står UTV:n ute i höst?,,LOW,https://www.temu.com/se/g-601099602629615.html,PASS,PASS,PASS,UNCERTAIN,UNCERTAIN,UNCERTAIN,PASS,FAIL
mc,601099692853186,,,,,"kapell för promenadscooter/elrullstol (420D Oxford, reflex, 3 spännen)",,C (tips till annat kluster),,85,False,Står promenadscootern ute i regnet?,,LOW,https://www.temu.com/se/g-601099692853186.html,PASS,PASS,PASS,UNCERTAIN,UNCERTAIN,UNCERTAIN,PASS,UNCERTAIN
mc,elsparkcykel-inga-traffar,,,,,elsparkcykel: regnskydd/lås,object,ELIM,5,90,False,—,,HIGH,https://www.temu.com/se/g-elsparkcykel-inga-traffar.html,UNCERTAIN,PASS,FAIL,UNCERTAIN,UNCERTAIN,UNCERTAIN,FAIL,FAIL
pool,601099619866532,"Hot Tub Cover Rainproof Dustproof Bathtub Protector Cover — cover cap, hot tub covers for winter, brown (ur söktitel; svensk Temu-titel ej hämtad)",,4.7,204,Spalocket (det styva isolerade locket) på ett fast utomhusspabad,,B (närmast A),78,70,False,Ligger löven på ditt spalock?,599,MEDIUM,https://www.temu.com/se/g-601099619866532.html,PASS,PASS,PASS,FAIL,UNCERTAIN,UNCERTAIN,PASS,PASS
pool,601099524126091,"1pc Hot Tub Cover Cap Heavy Duty Polyester Spa Sun Shield and Hot Tub Cover Protector (ur söktitel, NZ-listning)",,,,Spalocket på fast spabad,,B (dubblett),75,70,False,Ligger löven på ditt spalock?,599,MEDIUM,https://www.temu.com/se/g-601099524126091.html,PASS,PASS,PASS,UNCERTAIN,UNCERTAIN,UNCERTAIN,PASS,PASS
pool,601099527353718,"1 pack heavy duty 600D polyester spa cover for hot tub outdoor waterproof, brown (ur söktitel, AU-listning)",,,,Spalocket/hela spabadet,,B (dubblett),74,70,False,Står ditt spabad ute i vinter?,649,MEDIUM,https://www.temu.com/se/g-601099527353718.html,PASS,PASS,PASS,UNCERTAIN,UNCERTAIN,UNCERTAIN,PASS,PASS
pool,601099612894629,"Hot Tub Vacuum Spa Vac — spa vacuum for hot tub with strong suction, portable handheld, for hot tub/pond/inflatable pools (ur söktitel)",,,,Bottnen i ett fast utomhusspabad,shelf,ELIM,76,80,False,Ligger det skräp på botten i spabadet?,599,MEDIUM,https://www.temu.com/se/g-601099612894629.html,PASS,PASS,FAIL,UNCERTAIN,UNCERTAIN,PASS,PASS,PASS
pool,601099575291512,"221lbs Steel 48"" Hot Tub Handrail Spa Stair Ladder Side Hand Rail Railing, silver (ur söktitel)",,4.5,118,Kanten/insteget på ett fast spabad,,C (ekonomi på US-pris),72,85,False,Svårt att kliva ur spabadet?,899,LOW,https://www.temu.com/se/g-601099575291512.html,PASS,PASS,PASS,PASS,UNCERTAIN,PASS,PASS,PASS
pool,601101133629438,"Pool filter cartridge cleaning tool, quick removal of dirt, adjustable flow cleaning wand for spa/hot tub, fits standard US garden hoses (ur söktitel)",,,,Filterpatronen i ett fast spabad (rengörs varje/varannan vecka året runt),,C (lågt fackhandelsankare),60,75,False,Spolar du spafiltret med slangen?,349,MEDIUM,https://www.temu.com/se/g-601101133629438.html,PASS,PASS,PASS,UNCERTAIN,UNCERTAIN,PASS,PASS,UNCERTAIN
pool,601101853422243,"Heavy duty hydraulic hot tub spa cover lift with automatic mechanism, adjustable height 30–40"", width 53–93"", underwater/under-mounting (ur söktitel)",,,,Spalocket på fast spabad,,C (> 1 000 kr + montering),62,85,False,Tungt att lyfta spalocket?,1299,LOW,https://www.temu.com/se/g-601101853422243.html,PASS,PASS,PASS,UNCERTAIN,UNCERTAIN,PASS,PASS,PASS
pool,601099592127596,"1pc Hot Tub Cover Strap Set for heavy duty bath tub cover fixation, no electricity required (ur söktitel)",,,,Spalocket (spännband över locket vid storm),,C (generisk old way ∧ < 300),55,75,False,Blåser locket av ditt spabad?,299,LOW,https://www.temu.com/se/g-601099592127596.html,PASS,PASS,UNCERTAIN,UNCERTAIN,UNCERTAIN,PASS,PASS,PASS
pool,601099548575279,"Spa Hot Tub Cover Broken Repair Kit — latches with slot, keys and hardware (ur söktitel)",,,,Lockspännena på spalocket,economics,C,40,75,False,Trasigt spänne på spalocket?,249,MEDIUM,https://www.temu.com/se/g-601099548575279.html,PASS,PASS,PASS,UNCERTAIN,FAIL,UNCERTAIN,PASS,PASS
pool,601099514985433,4 sets spa hot tub cover clips kit — latches for cover straps with keys and hardware (ur söktitel),,,,Lockspännena,economics,C,40,75,False,Trasigt spänne på spalocket?,249,MEDIUM,https://www.temu.com/se/g-601099514985433.html,PASS,PASS,PASS,UNCERTAIN,FAIL,UNCERTAIN,PASS,PASS
pool,601105450656033,"Heavy duty 16 mil thermal insulation solar bubble cover for hot tubs/spas, square spa blanket, evaporation/heat barrier, cut to fit (ur söktitel)",,,,Vattenytan i spabadet under locket,presence,C,45,70,False,Kostar spabadet för mycket el i höst?,399,MEDIUM,https://www.temu.com/se/g-601105450656033.html,PASS,UNCERTAIN,UNCERTAIN,UNCERTAIN,UNCERTAIN,UNCERTAIN,PASS,PASS
pool,601099596495697,"Hot Tub Steps, universal spa steps 23.6"" wide, outdoor/indoor, fits any hot tub shape, heavy duty anti-scratch, brown (ur söktitel)",,,,Insteget till fast spabad,,B,58,80,False,Har du trappa till spabadet?,899,LOW,https://www.temu.com/se/g-601099596495697.html,PASS,PASS,PASS,UNCERTAIN,UNCERTAIN,PASS,PASS,PASS
pool,603097879412135,"36"" wide spa step, universal fit, deluxe spa hot tub with storage compartment, 2 steps, black/brown plastic (ur söktitel)",,,,Insteget till fast spabad,,B (dubblett),55,80,False,Har du trappa till spabadet?,999,LOW,https://www.temu.com/se/g-603097879412135.html,PASS,PASS,PASS,UNCERTAIN,UNCERTAIN,PASS,PASS,PASS
pool,601099572188942,"Hot tub cover windproof outdoor portable round inflatable hot spa cover protector, 73×43 in / 185×110 cm (ur söktitel)",,,,Uppblåsbart spa (Lay-Z-Spa-typ) med lock,shelf,ELIM,30,65,False,Står din Lay-Z-Spa ute i höst?,,MEDIUM,https://www.temu.com/se/g-601099572188942.html,UNCERTAIN,UNCERTAIN,FAIL,UNCERTAIN,UNCERTAIN,PASS,PASS,UNCERTAIN
pool,601099514931575,"1 set balcony round hot tub cover cap with air vent, waterproof (UK-listning, uppblåsbart spa) (ur söktitel)",,,,Uppblåsbart spa,shelf,ELIM,28,65,False,Står din Lay-Z-Spa ute i höst?,,MEDIUM,https://www.temu.com/se/g-601099514931575.html,UNCERTAIN,UNCERTAIN,FAIL,UNCERTAIN,UNCERTAIN,UNCERTAIN,PASS,UNCERTAIN
pool,601099582142042,"Spa & hot tub cover thermal blanket, round hot tub insulation/solar bubble cover for outdoor (uppblåsbara) hot tubs (ur söktitel)",,,,Uppblåsbart spa,shelf,ELIM,28,65,False,Står din Lay-Z-Spa ute i höst?,,MEDIUM,https://www.temu.com/se/g-601099582142042.html,UNCERTAIN,UNCERTAIN,FAIL,UNCERTAIN,UNCERTAIN,UNCERTAIN,PASS,UNCERTAIN
pool,601099574265220,"Waterproof hot tub heater pump cover with zipper, insulated outdoor, fits most models, black (Lay-Z-Spa-pump) (ur söktitel)",,,,Pumpenheten till uppblåsbart spa,shelf,ELIM (C om Temu-video visar pump i höstträdgård),30,70,False,Kör du Lay-Z-Span i höst?,,LOW,https://www.temu.com/se/g-601099574265220.html,UNCERTAIN,UNCERTAIN,FAIL,UNCERTAIN,UNCERTAIN,UNCERTAIN,PASS,UNCERTAIN
pool,601099624431230,"Spa hot tub pump cover waterproof insulated outdoor protector with handle, quick-release buckle, drawstring (UK-listning) (ur söktitel)",,,,Pumpenheten till uppblåsbart spa,shelf,ELIM (C om Temu-video visar pump i höstträdgård),30,70,False,Kör du Lay-Z-Span i höst?,,LOW,https://www.temu.com/se/g-601099624431230.html,UNCERTAIN,UNCERTAIN,FAIL,UNCERTAIN,UNCERTAIN,UNCERTAIN,PASS,UNCERTAIN
pool,601099643340514,"Hot tub table, adjustable hot tub tray with 2 cup holders, non-slip, for above-ground bathtub/spa with wall thickness 2–5 in (ur söktitel)",,,,Kanten på uppblåsbart spa,presence,ELIM,20,70,False,—,,HIGH,https://www.temu.com/se/g-601099643340514.html,UNCERTAIN,FAIL,UNCERTAIN,UNCERTAIN,UNCERTAIN,PASS,FAIL,UNCERTAIN
pool,601101483515717,"Cup holder for spa wall, pool and hot tub — holds 2 standard beverages, tan (ur söktitel)",,,,Spakanten,presence,ELIM,15,70,False,—,149,HIGH,https://www.temu.com/se/g-601101483515717.html,PASS,FAIL,UNCERTAIN,UNCERTAIN,FAIL,PASS,FAIL,PASS
pool,601099550700140,"1pc adjustable tub side tray table with non-slip, 2 cup holders, snack/beverage holder, fits spa/pool/bathtub (ur söktitel)",,,,Badkar inomhus (i praktiken),object,ELIM,5,60,False,—,,HIGH,https://www.temu.com/se/g-601099550700140.html,FAIL,FAIL,FAIL,UNCERTAIN,UNCERTAIN,PASS,FAIL,FAIL
pool,601099512985572,"Bath pillow for tub, non-slip 4D air mesh, 6 suction cups, spa cushion (ur söktitel)",,,,Badkar inomhus,object,ELIM,5,55,False,—,,HIGH,https://www.temu.com/se/g-601099512985572.html,FAIL,FAIL,FAIL,UNCERTAIN,UNCERTAIN,PASS,FAIL,FAIL
pool,602975472846485,"Cushioned foam headrest pillow, hot tub spa accessory, white, 4-pack (ur söktitel)",,,,Nackkuddarna i fast spabad (slits/spricker efter några år),variant,ELIM,35,80,False,Spruckna nackkuddar i spabadet?,,MEDIUM,https://www.temu.com/se/g-602975472846485.html,PASS,PASS,PASS,UNCERTAIN,UNCERTAIN,FAIL,PASS,PASS
pool,601100966595172,"Floating pool thermometer, battery free, Celsius dial, stainless probe with ABS float, suction cup, rope — pools/spas/hot tubs (ur söktitel)",,,,Spabad/pool,shelf,ELIM,15,60,False,—,,HIGH,https://www.temu.com/se/g-601100966595172.html,PASS,UNCERTAIN,FAIL,UNCERTAIN,FAIL,PASS,FAIL,PASS
pool,601103300703848,"Pool pump cover heavy duty waterproof outdoor heater cover, no-hose-removal installation, all-weather, compatible with pool heaters/spas/HVAC, winter-ready, non-woven fabric, fits most standard pumps (ur söktitel)",,,,Poolvärmepumpen (står ute året runt bredvid poolen),,B,64,60,False,Har du en värmepump till poolen?,499,LOW,https://www.temu.com/se/g-601103300703848.html,PASS,PASS,PASS,UNCERTAIN,UNCERTAIN,UNCERTAIN,PASS,UNCERTAIN
pool,601099529094177,"1pc leaf net cover for inground and above-ground pool, winter cover mesh, catches leaves (ur söktitel)",,,,Poolen (vintertäckt),variant,C,40,65,False,"Full av löv, poolen?",,MEDIUM,https://www.temu.com/se/g-601099529094177.html,PASS,PASS,UNCERTAIN,UNCERTAIN,UNCERTAIN,FAIL,PASS,PASS
pool,601102121472414,"21 ft round pool winter cover for above-ground pools, cold/UV resistant, winch cable included (ur söktitel)",,,,Ovanmarkpool (stålvägg/ram),shelf,ELIM,30,60,False,Är poolen täckt inför vintern?,,MEDIUM,https://www.temu.com/se/g-601102121472414.html,PASS,PASS,FAIL,UNCERTAIN,UNCERTAIN,FAIL,PASS,PASS
pool,601099593502009,"18–30 ft round pool cover for winter, foldable, above-ground, thickened mesh leaf catcher (ur söktitel)",,,,Ovanmarkpool (stålvägg/ram),shelf,ELIM,30,60,False,Är poolen täckt inför vintern?,,MEDIUM,https://www.temu.com/se/g-601099593502009.html,PASS,PASS,FAIL,UNCERTAIN,UNCERTAIN,FAIL,PASS,PASS
pool,601099654587636,"Pool above-ground water pump for pool draining, submersible sump pump with 16 ft hose, 25 ft cord, 840 GPH (ur söktitel)",,,,"Poolen/vintertäcket (sänka vattennivån vid stängning, pumpa regnvatten av täcket)",shelf,ELIM,30,70,False,Ska poolen tömmas i höst?,,HIGH,https://www.temu.com/se/g-601099654587636.html,PASS,PASS,FAIL,UNCERTAIN,UNCERTAIN,UNCERTAIN,PASS,PASS
pool,601101770891049,"1/2 HP submersible water pump 2500 GPH portable sump pump for pool draining, hot tub, garden, 25 ft cord (ur söktitel)",,,,"Poolen/vintertäcket (sänka vattennivån vid stängning, pumpa regnvatten av täcket)",shelf,ELIM,30,70,False,Ska poolen tömmas i höst?,,HIGH,https://www.temu.com/se/g-601101770891049.html,PASS,PASS,FAIL,UNCERTAIN,UNCERTAIN,UNCERTAIN,PASS,PASS
pool,601100966676347,"Sump pump with float switch, submersible, automatic, 4000 GPH, dirty/clean water transfer for pool draining, hot tub, basement (ur söktitel)",,,,"Poolen/vintertäcket (sänka vattennivån vid stängning, pumpa regnvatten av täcket)",shelf,ELIM,30,70,False,Ska poolen tömmas i höst?,,HIGH,https://www.temu.com/se/g-601100966676347.html,PASS,PASS,FAIL,UNCERTAIN,UNCERTAIN,UNCERTAIN,PASS,PASS
pool,601099525000589,"2/4 pcs 1.5"" threaded pool winterizing plugs, return line plugs with O-ring (ur söktitel)",,,,Poolens inlopp/bräddavlopp,economics,ELIM,30,70,False,Är poolens inlopp frostsäkrade?,149,HIGH,https://www.temu.com/se/g-601099525000589.html,PASS,PASS,PASS,UNCERTAIN,FAIL,UNCERTAIN,PASS,PASS
pool,601099513299678,"Winter swimming pool rubber expansion plug, antifreeze plug for return inlet (ur söktitel)",,,,Poolens inlopp/bräddavlopp,economics,ELIM,30,70,False,Är poolens inlopp frostsäkrade?,149,HIGH,https://www.temu.com/se/g-601099513299678.html,PASS,PASS,PASS,UNCERTAIN,FAIL,UNCERTAIN,PASS,PASS
pool,601099736384653,"Inflatable swimming pool winter cover pillow, durable PVC, cold-resistant, blue, support cushion for above-ground pools (ur söktitel)",,,,Vintertäcket på ovanmarkpool,economics,ELIM,30,75,False,Har du iskudde under pooltäcket?,149,MEDIUM,https://www.temu.com/se/g-601099736384653.html,PASS,PASS,UNCERTAIN,UNCERTAIN,FAIL,PASS,PASS,PASS
pool,601099527101605,"Swimming pool cover cable winch kit 150 ft plastic-coated steel cable, aluminum spring-loaded winch, for above-ground winter covers (ur söktitel)",,,,US-typ ovanmark-/markpool med vinterduk,object,ELIM,10,80,False,—,,MEDIUM,https://www.temu.com/se/g-601099527101605.html,FAIL,UNCERTAIN,UNCERTAIN,UNCERTAIN,UNCERTAIN,UNCERTAIN,FAIL,FAIL
pool,601099521750983,"1pc swimming pool cover winch / ratchet winch, winter cover cable tightener for above-ground pools (ur söktitel)",,,,US-typ ovanmark-/markpool med vinterduk,object,ELIM,10,80,False,—,,MEDIUM,https://www.temu.com/se/g-601099521750983.html,FAIL,UNCERTAIN,UNCERTAIN,UNCERTAIN,UNCERTAIN,UNCERTAIN,FAIL,FAIL
pool,601099522089231,"2/3/6 pcs heavy duty double-chamber water tubes for swimming pool winter covers, inground cover weights (ur söktitel)",,,,US-typ ovanmark-/markpool med vinterduk,object,ELIM,10,80,False,—,,MEDIUM,https://www.temu.com/se/g-601099522089231.html,FAIL,UNCERTAIN,UNCERTAIN,UNCERTAIN,UNCERTAIN,UNCERTAIN,FAIL,FAIL
pool,601101734847331,"Pool thermometer with floating tube, quick-read scale, cartoon-style figure (ur söktitel)",,,,Pool,presence,ELIM,5,60,False,—,,HIGH,https://www.temu.com/se/g-601101734847331.html,PASS,FAIL,FAIL,UNCERTAIN,FAIL,PASS,FAIL,PASS
pool,601099561382048,"Stainless steel sauna thermometer & hygrometer, wall mounted, clear scale (ur söktitel)",,,,"Bastun (inomhusrum, även i bastubyggnad)",object,ELIM,10,70,False,—,,HIGH,https://www.temu.com/se/g-601099561382048.html,FAIL,UNCERTAIN,FAIL,UNCERTAIN,FAIL,PASS,FAIL,PASS
pool,601099565455551,"Wood sauna thermometer hygrometer, wall mounted, mechanical, no battery (ur söktitel)",,,,"Bastun (inomhusrum, även i bastubyggnad)",object,ELIM,10,70,False,—,,HIGH,https://www.temu.com/se/g-601099565455551.html,FAIL,UNCERTAIN,FAIL,UNCERTAIN,FAIL,PASS,FAIL,PASS
tomt,601101587576926,"Heavy Duty Trash Lock with Adjustable Strap 31.5–51.2"" Animal-Proof Garbage Bin Lid Security, Windproof, Nylon Strap, No Tools (ur sökutdrag)",,,,Sopkärlet (kommunalt 140–370 l kärl vid gatan),,B,62,55,False,Blåser locket upp på soptunnan?,249,LOW,https://www.temu.com/se/g-601101587576926.html,PASS,PASS,PASS,UNCERTAIN,UNCERTAIN,PASS,PASS,PASS
tomt,601099601018284,"Trash Lid Lock — Secure Garbage Bin Bungee Cord System, keeps out pests (ur sökutdrag)",,,,Sopkärlet (kommunalt 140–370 l kärl vid gatan),,B (dubblett),58,55,False,Blåser locket upp på soptunnan?,249,LOW,https://www.temu.com/se/g-601099601018284.html,PASS,PASS,PASS,UNCERTAIN,UNCERTAIN,PASS,PASS,PASS
tomt,605655280787928,"Premium 2X Outdoor Trash Can Locks for Animals — Universal Garbage Straps, Wheelie Bin Locks (ur Temu-söksida, USD-pris 136,59 visades — troligen fel/valutabugg, ej litad)",,,,Sopkärlet (kommunalt 140–370 l kärl vid gatan),,B (dubblett),58,55,False,Blåser locket upp på soptunnan?,249,LOW,https://www.temu.com/se/g-605655280787928.html,PASS,PASS,PASS,UNCERTAIN,UNCERTAIN,PASS,PASS,PASS
tomt,601099530267994,"2pcs Trash Can Lock, Adjustable Lid Lock for 30–50 Gallon Bins, Sturdy Nylon Strap (ur sökutdrag)",,,,Sopkärlet (kommunalt 140–370 l kärl vid gatan),,C,52,55,False,Blåser locket upp på soptunnan?,249,LOW,https://www.temu.com/se/g-601099530267994.html,PASS,PASS,UNCERTAIN,UNCERTAIN,UNCERTAIN,PASS,PASS,PASS
tomt,601099546577446,4/8pcs Wheelie Bin Lid Hinge Pins — replacement for broken hinge pins (ur sökutdrag),,,,Sopkärlets lockgångjärn,presence,ELIM,15,40,False,,,HIGH,https://www.temu.com/se/g-601099546577446.html,PASS,FAIL,,,,,,
tomt,601100272045466,"Stainless Steel Wheelie Bin Storage Shed for 240L bins (ur sökutdrag, Temu AU)",,,,Sopkärlet / tomten,shelf,ELIM,20,60,False,,,MEDIUM,https://www.temu.com/se/g-601100272045466.html,PASS,UNCERTAIN,FAIL,,,,,
tomt,602444314566497,"Post Mount Mailbox, Anti-Pry & Anti-Theft, lockable, magnetic door, 21×10.6×11.2 in (ur sökutdrag)",,,,Brevlådan (ersätter den),shelf,ELIM,15,50,False,,,HIGH,https://www.temu.com/se/g-602444314566497.html,UNCERTAIN,UNCERTAIN,FAIL,,,,,
tomt,607158838067971,"Outdoor Mailbox Cover, Weather Resistant Protective Wrap (ur Temu-söksida, 2,67 USD)",,,,US-brevlåda (rundad 'rural mailbox'),object,ELIM,5,70,False,,,HIGH,https://www.temu.com/se/g-607158838067971.html,FAIL,,,,,,,
tomt,609997207518178,"Protects Mailbox & Fence Posts From Grass Trimmer Damage, 4×4×6 in (ur Temu-söksida, 104 USD)",,,,Brevlådestolpe/staketstolpe,presence,ELIM,20,80,False,,,HIGH,https://www.temu.com/se/g-609997207518178.html,UNCERTAIN,FAIL,,,,,,
tomt,605649106764684,"Customizable Luminous Number Mailbox Stickers (ur Temu-söksida, 6,54 USD)",,,,Brevlådan / husnumret,economics,C,35,35,False,Syns ditt husnummer i mörkret?,149,MEDIUM,https://www.temu.com/se/g-605649106764684.html,PASS,UNCERTAIN,UNCERTAIN,UNCERTAIN,FAIL,UNCERTAIN,PASS,PASS
tomt,601099540617480,"11pcs Flag Pole Accessories Kit — 30 ft rope, 4 nylon flag clips, 2 in pulley truck, cleat hook, 9–14 m poles (ur sökutdrag)",,,,"Flaggstången (6–12 m, ~hundratusentals svenska tomter)",shelf,ELIM,25,70,False,,,MEDIUM,https://www.temu.com/se/g-601099540617480.html,PASS,UNCERTAIN,FAIL,,,,,
tomt,601102744832294,"50ft × 1/4"" Flag Pole Rope with 4pcs Stainless Steel Hook Clips (ur Temu-söksida, 7,76 USD)",,,,Flaggstången,shelf,ELIM,20,70,False,,,MEDIUM,https://www.temu.com/se/g-601102744832294.html,PASS,UNCERTAIN,FAIL,,,,,
tomt,601099834639494,4pcs Rope Cleats Steel 5.94 in Flagpole Cleat Hooks (ur sökutdrag),,,,Flaggstång/båt,presence,ELIM,10,60,False,,,HIGH,https://www.temu.com/se/g-601099834639494.html,PASS,FAIL,,,,,,
tomt,601099534211372,"Heavy Duty Rust-Proof Automatic Gate Spring Closer, self-closing, 8 in, for wooden fence and pool gates (ur sökutdrag)",,,,Trädgårdsgrinden,shelf,ELIM,30,65,False,,,MEDIUM,https://www.temu.com/se/g-601099534211372.html,PASS,PASS,FAIL,,,,,
tomt,601101455895551,"11.5"" Heavy Duty Self-Closing Gate Spring, adjustable, wooden/vinyl fences (ur sökutdrag)",,,,Trädgårdsgrinden,shelf,ELIM,30,65,False,,,MEDIUM,https://www.temu.com/se/g-601101455895551.html,PASS,PASS,FAIL,,,,,
tomt,601099763267936,"50pcs High Visibility Orange Fiberglass Driveway Markers 48"" Reflective Snow Stakes 5/16"" (ur sökutdrag)",,,,Uppfarten / infartens kant,shelf,ELIM,30,60,False,,,HIGH,https://www.temu.com/se/g-601099763267936.html,PASS,UNCERTAIN,FAIL,,,,,
tomt,601100230272566,"4pcs Stake Stainless Steel Driveway Reflective Poles, Spring-Type Snow Plow Markers, Driveway Guide Stake (ur sökutdrag, Temu CH)",,,,Uppfarten / infartens kant,,C,48,60,False,Kör plogen sönder din gräskant varje vinter?,349,LOW,https://www.temu.com/se/g-601100230272566.html,PASS,UNCERTAIN,UNCERTAIN,UNCERTAIN,UNCERTAIN,PASS,PASS,PASS
tomt,601100552117461,2 Pack Parking Curb Heavy Duty Rubber Garage Driveway Car Wheel Stopper (ur sökutdrag),,,,Garaget/uppfarten,shelf,ELIM,20,65,False,,,MEDIUM,https://www.temu.com/se/g-601100552117461.html,PASS,UNCERTAIN,FAIL,,,,,
tomt,607660812405903,"2-Pack Handheld Spreader Set (salt/sand) (ur Temu-söksida, 15,91 USD)",,,,Uppfarten/trappan vintertid,presence,ELIM,20,60,False,,,HIGH,https://www.temu.com/se/g-607660812405903.html,PASS,FAIL,,,,,,
tomt,607629673883647,"Odoland 33"" Extendable Snow Brush with Detachable Ice Scraper (ur Temu-söksida, 26,40 USD)",,,,Bilen,shelf,ELIM,15,50,False,,,HIGH,https://www.temu.com/se/g-607629673883647.html,PASS,PASS,FAIL,,,,,
tomt,601099608118455,Snow Removal Tool — Adjustable 21 ft Telescoping Aluminum Snow Roof Rake with wheels (ur sökutdrag),,,,Hustaket,presence,ELIM,20,55,False,,,HIGH,https://www.temu.com/se/g-601099608118455.html,PASS,FAIL,,,,,,
tomt,607047705824065,"Heavy-Duty Snow Shovel with 29"" Blade & 10-Wheel Rolling Pusher (ur Temu-söksida, 94,46 USD)",,,,Uppfarten,presence,ELIM,20,60,False,,,HIGH,https://www.temu.com/se/g-607047705824065.html,PASS,FAIL,,,,,,
tomt,601099524098765,"1pc Patio Furniture Covers Waterproof Heavy Duty for outdoor table and chairs, UV, snow protection (ur sökutdrag)",,,,Utemöblerna,shelf,ELIM,35,30,False,,,HIGH,https://www.temu.com/se/g-601099524098765.html,PASS,PASS,FAIL,,,,,
tomt,601099521190155,"1pc Garden Bench Cover Oxford, drawstring, waterproof windproof anti-UV (ur sökutdrag)",,,,Trädgårdsbänken,shelf,ELIM,35,35,False,,,MEDIUM,https://www.temu.com/se/g-601099521190155.html,PASS,PASS,FAIL,,,,,
tomt,603293367547124,"8-Pack 16 × 3.75 in Aluminum Anti-Slip Stair Strip with screws, coated black, stair nosing for wooden ramp/deck steps (ur sökutdrag)",,,,Altantrappan / trätrappan till entrén,,C,50,40,False,Halt på altantrappan när det regnar?,399,LOW,https://www.temu.com/se/g-603293367547124.html,PASS,PASS,UNCERTAIN,UNCERTAIN,UNCERTAIN,UNCERTAIN,PASS,PASS
tomt,601099552627637,"2/3/10pcs Anti-Slip Stair Treads 30×6 in, black grip tape, 80 grit, peel-and-stick (ur sökutdrag)",,,,Trappan,shelf,ELIM,25,10,False,,,HIGH,https://www.temu.com/se/g-601099552627637.html,PASS,PASS,FAIL,,,,,
tomt,606938184154480,"48in Heavy Duty Steel Leaf Collector Tool (ur Temu-söksida, 181,75 USD)",,,,Tomten/gräsmattan,economics,ELIM,20,55,False,,,HIGH,https://www.temu.com/se/g-606938184154480.html,PASS,PASS,UNCERTAIN,,FAIL,,,
vatten,601100120365485,"90-graders böj IBC Ton * Filter Cap med inbyggd filternät, 165mm regnvattenfilterlock för utomhus trädgårdsvattenförsörjning, bevattning, jordbrukslagring, enkel installation, funktionell * med tvättbar filternät",259.37,4.9,31,IBC-tank (1000 l) med regnvatten från stuprör,economics,C,55,45,True,Löv i IBC-tanken i höst?,949,MEDIUM,https://www.temu.com/se/g-601100120365485.html,PASS,PASS,UNCERTAIN,FAIL,PASS,PASS,PASS,PASS
vatten,601099574693078,"* IBC Lock Filter, IBC Filter Nylon Filter Skydd Ton * Skydd Tote Tank Lock Andnings Skydd IBC Tank Pass Filter Mesh",42.22,4.7,33,"IBC-tank, inloppslock",economics,C,45,40,False,Löv i IBC-tanken?,199,MEDIUM,https://www.temu.com/se/g-601099574693078.html,PASS,PASS,UNCERTAIN,UNCERTAIN,FAIL,PASS,PASS,PASS
vatten,601099528313858,4pcs gutter filter strainer guard (no-en),,,,Stuprörets utlopp,shelf,ELIM,40,60,False,Löv i stupröret igen?,249,LOW,https://www.temu.com/se/g-601099528313858.html,PASS,PASS,FAIL,UNCERTAIN,UNCERTAIN,PASS,PASS,PASS
vatten,601102767033167,3x4 Type-A gutter downspout extension with leaf guard,,,,Stuprörets nedre utkast,variant,ELIM,30,65,False,Stänker stupröret på grunden?,,MEDIUM,https://www.temu.com/se/g-601102767033167.html,PASS,PASS,UNCERTAIN,UNCERTAIN,UNCERTAIN,FAIL,PASS,PASS
vatten,601100436936733,rain barrel diverter kit fits 2x3 standard gutter downspout (uk),,,,Stuprör + regntunna,presence,ELIM,25,55,False,Rinner regnvattnet förbi tunnan?,,MEDIUM,https://www.temu.com/se/g-601100436936733.html,PASS,UNCERTAIN,FAIL,UNCERTAIN,UNCERTAIN,FAIL,PASS,PASS
vatten,601099609413954,rainwater collection downpipe diverter water butt kit 2x3 (uk),,,,Stuprör + regntunna,presence,ELIM,25,55,False,Rinner regnvattnet förbi tunnan?,,MEDIUM,https://www.temu.com/se/g-601099609413954.html,PASS,UNCERTAIN,FAIL,UNCERTAIN,UNCERTAIN,FAIL,PASS,PASS
vatten,601104885518461,outdoor rain collection system downspout diverter 2x3/3x4 with mesh,,,,Stuprör + regntunna,presence,ELIM,25,55,False,Rinner regnvattnet förbi tunnan?,,MEDIUM,https://www.temu.com/se/g-601104885518461.html,PASS,UNCERTAIN,FAIL,UNCERTAIN,UNCERTAIN,FAIL,PASS,PASS
vatten,601103603861161,rain diverter and spigot kit for 2x3 downspout,,,,Stuprör + regntunna,presence,ELIM,25,55,False,Rinner regnvattnet förbi tunnan?,,MEDIUM,https://www.temu.com/se/g-601103603861161.html,PASS,UNCERTAIN,FAIL,UNCERTAIN,UNCERTAIN,FAIL,PASS,PASS
vatten,601099523106289,universal downspout water diverter with 127 cm hose (es-en),,,,Stuprör + regntunna,presence,ELIM,25,55,False,Rinner regnvattnet förbi tunnan?,,MEDIUM,https://www.temu.com/se/g-601099523106289.html,PASS,UNCERTAIN,FAIL,UNCERTAIN,UNCERTAIN,UNCERTAIN,PASS,PASS
vatten,601101666072542,multi-angle gutter cleaning tools spoon+scoop with extension poles,,,,Hängrännan,,C,35,65,False,Rännan full av löv igen?,,LOW,https://www.temu.com/se/g-601101666072542.html,PASS,PASS,UNCERTAIN,UNCERTAIN,UNCERTAIN,PASS,PASS,PASS
vatten,601099573177747,2pcs gutter scoop cleaning tool,,,,Hängrännan,,C,35,65,False,Rännan full av löv igen?,,LOW,https://www.temu.com/se/g-601099573177747.html,PASS,PASS,UNCERTAIN,UNCERTAIN,UNCERTAIN,PASS,PASS,PASS
vatten,601099530394801,"2st Utvändiga Kranskydd För Vintern, Förtjockat Utomhuskranskydd, Stort Isolerat Skydd Utomhus Kranskydd För Vintern Från Att * Sprängning",38.09,5.0,11,Utekran på husväggen,,"C (omtest, inte ny produkt)",55,0,False,Har du en utekran utan skydd?,309,MEDIUM,https://www.temu.com/se/g-601099530394801.html,PASS,UNCERTAIN,UNCERTAIN,UNCERTAIN,PASS,PASS,PASS,PASS
vatten,601099527510459,insulated pouch cover for backflow preventer / well pump / sprinkler valve,,,,Backventil/sprinklerventil/brunnspump ovan mark,object,ELIM,10,70,False,—,,HIGH,https://www.temu.com/se/g-601099527510459.html,FAIL,FAIL,UNCERTAIN,UNCERTAIN,UNCERTAIN,UNCERTAIN,FAIL,FAIL
vatten,601099541498314,heavy duty metal garden hose holder wall mount,,,,Trädgårdsslangen,shelf,ELIM,25,50,False,Ligger slangen i en hög?,,MEDIUM,https://www.temu.com/se/g-601099541498314.html,PASS,UNCERTAIN,FAIL,UNCERTAIN,UNCERTAIN,PASS,PASS,PASS
vatten,601099639105241,heavy duty garden hose holder wall mounted decorative,,,,Trädgårdsslangen,shelf,ELIM,25,50,False,Ligger slangen i en hög?,,MEDIUM,https://www.temu.com/se/g-601099639105241.html,PASS,UNCERTAIN,FAIL,UNCERTAIN,UNCERTAIN,PASS,PASS,PASS
vatten,601102068985743,metal garden hose reel holder wall mounted (uk),,,,Trädgårdsslangen,shelf,ELIM,25,50,False,Ligger slangen i en hög?,,MEDIUM,https://www.temu.com/se/g-601102068985743.html,PASS,UNCERTAIN,FAIL,UNCERTAIN,UNCERTAIN,PASS,PASS,PASS
vatten,601099629312930,expandable hose storage bag mesh (uk),,,,Slangen (vinterförvaring),object,ELIM,15,60,False,Slangen i en hög i garaget?,,HIGH,https://www.temu.com/se/g-601099629312930.html,FAIL,PASS,UNCERTAIN,UNCERTAIN,UNCERTAIN,PASS,PASS,PASS
vatten,601099567493037,2-pack IBC tote adapter 2 NPT fine thread to 3/4 garden hose valve,,,,IBC-tankens S60-utlopp,shelf,ELIM,30,0,False,Läcker kranen på IBC-tanken?,,HIGH,https://www.temu.com/se/g-601099567493037.html,PASS,UNCERTAIN,FAIL,UNCERTAIN,UNCERTAIN,FAIL,PASS,PASS
vatten,601099578146676,IBC tote tank adapter connector with spigot 3/4,,,,IBC-tankens S60-utlopp,shelf,ELIM,30,0,False,Läcker kranen på IBC-tanken?,,HIGH,https://www.temu.com/se/g-601099578146676.html,PASS,UNCERTAIN,FAIL,UNCERTAIN,UNCERTAIN,FAIL,PASS,PASS
vatten,601099587160515,IBC S60 dual outlet splitter valve with filter (uk),,,,IBC-tankens S60-utlopp,shelf,ELIM,30,0,False,Läcker kranen på IBC-tanken?,,HIGH,https://www.temu.com/se/g-601099587160515.html,PASS,UNCERTAIN,FAIL,UNCERTAIN,UNCERTAIN,FAIL,PASS,PASS
vatten,601099554092916,1000L IBC tank cover waterproof insulated UV (de-en),,,,IBC-tank,shelf,ELIM,50,0,False,Står IBC-tanken ute i vinter?,,MEDIUM,https://www.temu.com/se/g-601099554092916.html,PASS,UNCERTAIN,FAIL,UNCERTAIN,UNCERTAIN,PASS,PASS,PASS
vatten,601099595155681,pool leaf net cover with rope winter rectangle,,,,Pool (över/nedgrävd),variant,ELIM,30,70,False,Löv i poolen hela hösten?,,MEDIUM,https://www.temu.com/se/g-601099595155681.html,PASS,UNCERTAIN,UNCERTAIN,UNCERTAIN,UNCERTAIN,FAIL,PASS,UNCERTAIN
vatten,601099711438229,8 sizes leaf net cover pool winter,,,,Pool (över/nedgrävd),variant,ELIM,30,70,False,Löv i poolen hela hösten?,,MEDIUM,https://www.temu.com/se/g-601099711438229.html,PASS,UNCERTAIN,UNCERTAIN,UNCERTAIN,UNCERTAIN,FAIL,PASS,UNCERTAIN
vatten,601099527314189,net cover leaf netting rectangle pools (uk),,,,Pool (över/nedgrävd),variant,ELIM,30,70,False,Löv i poolen hela hösten?,,MEDIUM,https://www.temu.com/se/g-601099527314189.html,PASS,UNCERTAIN,UNCERTAIN,UNCERTAIN,UNCERTAIN,FAIL,PASS,UNCERTAIN
vatten,601099553754940,large stainless steel drain cover leaf guard outdoor,,,,Dagvattenbrunn/golvbrunn ute,variant,C,30,70,False,Löv på brunnsgallret igen?,,LOW,https://www.temu.com/se/g-601099553754940.html,PASS,PASS,UNCERTAIN,UNCERTAIN,UNCERTAIN,FAIL,PASS,UNCERTAIN
vatten,601099602765546,stainless steel drain cover leaf guard square grid (de),,,,Dagvattenbrunn/golvbrunn ute,variant,ELIM,30,70,False,Löv på brunnsgallret igen?,,LOW,https://www.temu.com/se/g-601099602765546.html,PASS,PASS,UNCERTAIN,UNCERTAIN,UNCERTAIN,FAIL,PASS,UNCERTAIN
vatten,601099581150578,outdoor drain cover 19.7x19.7 cast iron grate USA,,,,Dagvattenbrunn/golvbrunn ute,variant,ELIM,30,70,False,Löv på brunnsgallret igen?,,LOW,https://www.temu.com/se/g-601099581150578.html,PASS,PASS,UNCERTAIN,UNCERTAIN,UNCERTAIN,FAIL,PASS,UNCERTAIN
vatten,601099601980879,"Kapler pond garden cover dome net 14x11ft for leaves/fish/winter, zipper + stakes",,,,Trädgårdsdamm,,B,60,75,False,Har du en damm i trädgården?,,LOW,https://www.temu.com/se/g-601099601980879.html,PASS,PASS,UNCERTAIN,UNCERTAIN,UNCERTAIN,UNCERTAIN,PASS,UNCERTAIN
vatten,601099516089983,"heavy duty mesh pond netting plastic leaf cover, flexible",,,,Trädgårdsdamm,,C,45,75,False,Har du en damm i trädgården?,,LOW,https://www.temu.com/se/g-601099516089983.html,PASS,PASS,UNCERTAIN,UNCERTAIN,UNCERTAIN,UNCERTAIN,PASS,UNCERTAIN
vatten,601099537193860,"45 cm pond water pump anti-blocking mesh bag, drawstring (se-en-listning)",,,,Dammpumpen (dränkbar),,C (< 300 + osynligt objekt),55,80,False,Sätter löven igen dammpumpen?,,LOW,https://www.temu.com/se/g-601099537193860.html,PASS,PASS,PASS,UNCERTAIN,UNCERTAIN,PASS,PASS,UNCERTAIN
vatten,601100782710160,extra large fountain mesh pond pump filter bag 24x26 in,,,,Dammpumpen,,C,50,80,False,Sätter löven igen dammpumpen?,,LOW,https://www.temu.com/se/g-601100782710160.html,PASS,PASS,UNCERTAIN,UNCERTAIN,UNCERTAIN,PASS,PASS,UNCERTAIN
vatten,601099514396363,rain barrel net cover drawstring 97 cm,,,,Regntunnan (öppen),,C,40,70,False,Löv i regntunnan?,,LOW,https://www.temu.com/se/g-601099514396363.html,PASS,UNCERTAIN,UNCERTAIN,UNCERTAIN,UNCERTAIN,PASS,PASS,PASS
vatten,601099626589279,PE garden rain barrel net cover mesh filter screen,,,,Regntunnan (öppen),,C,40,70,False,Löv i regntunnan?,,LOW,https://www.temu.com/se/g-601099626589279.html,PASS,UNCERTAIN,UNCERTAIN,UNCERTAIN,UNCERTAIN,UNCERTAIN,PASS,PASS
vatten,601099575760217,2pcs rain bucket mesh cover,,,,Regntunnan (öppen),,C,40,70,False,Löv i regntunnan?,,LOW,https://www.temu.com/se/g-601099575760217.html,PASS,UNCERTAIN,UNCERTAIN,UNCERTAIN,UNCERTAIN,PASS,PASS,PASS
ved,601099615828436,"Vedställsöverdrag 4–8 ft, PU-belagt, 4 nylonspännen (endast överdrag)",,4.4,10,vedställ / vedhög utomhus,,B (närmast A),78,70,False,Blåser presenningen av veden igen?,,MEDIUM,https://www.temu.com/se/g-601099615828436.html,PASS,PASS,PASS,PASS,UNCERTAIN,PASS,PASS,PASS
ved,601099588053506,"Vedställsöverdrag med öppningsbar front (för 2-plans litet ställ, endast överdrag)",,,,vedställ utomhus,,B,70,72,False,Lyfter du presenningen varje vedhämtning?,,LOW,https://www.temu.com/se/g-601099588053506.html,PASS,PASS,PASS,UNCERTAIN,UNCERTAIN,UNCERTAIN,PASS,PASS
ved,601100317742962,"Vedställsöverdrag 4 ft 500D, 48×24×41 tum (fast mått)",,,,vedställ utomhus,variant,C,55,70,False,Blåser presenningen av veden igen?,,MEDIUM,https://www.temu.com/se/g-601100317742962.html,PASS,PASS,UNCERTAIN,UNCERTAIN,UNCERTAIN,FAIL,PASS,PASS
ved,601099610710547,"Vedställsbeslag för 45×95-regel, 1 par med sidostag (bygg eget ställ)",,,,vedhögen (ägaren har ved men inget ställ),shelf,C,45,60,False,Ligger veden i hög under presenning?,,MEDIUM,https://www.temu.com/se/g-601099610710547.html,UNCERTAIN,PASS,UNCERTAIN,UNCERTAIN,UNCERTAIN,PASS,PASS,PASS
ved,601101098895206,"Vedställsbeslag med 4 stödstänger, par",,,,vedhögen,shelf,C,45,60,False,Ligger veden i hög under presenning?,,MEDIUM,https://www.temu.com/se/g-601101098895206.html,UNCERTAIN,PASS,UNCERTAIN,UNCERTAIN,UNCERTAIN,PASS,PASS,PASS
ved,601099780785804,"Vedbärare canvas XL, förstärkta handtag",,,,veden / kaminen,shelf,ELIM,30,30,False,Bär du in veden i famnen?,,HIGH,https://www.temu.com/se/g-601099780785804.html,PASS,PASS,FAIL,UNCERTAIN,UNCERTAIN,PASS,PASS,PASS
ved,601099518526144,"1st, vattentät canvas stock tygväska, vedbärare (Temu-titel, läst 01:00 UTC innan blockeringen)",44.99,,,veden / kaminen,shelf,ELIM,30,30,False,Bär du in veden i famnen?,162,HIGH,https://www.temu.com/se/g-601099518526144.html,PASS,PASS,FAIL,UNCERTAIN,FAIL,PASS,PASS,PASS
ved,601099604664045,Vedkärra i stål med hjul,,,,veden,shelf,ELIM,35,55,False,Kör du veden i skottkärran?,,MEDIUM,https://www.temu.com/se/g-601099604664045.html,PASS,PASS,FAIL,UNCERTAIN,UNCERTAIN,PASS,UNCERTAIN,PASS
ved,601099524464699,Fuktmätare för ved (stift),,,,veden,presence,ELIM,25,50,False,Vet du hur torr din ved är?,,HIGH,https://www.temu.com/se/g-601099524464699.html,PASS,FAIL,FAIL,UNCERTAIN,UNCERTAIN,PASS,FAIL,PASS
ved,601099583674464,"Tändvedsklyv i gjutjärn, dubbla blad (Kindling Cracker-typ)",,4.9,28,veden + hammare/klubba (ägd); huggkubben,,B (närmast A),68,85,False,Klyver du tändved med yxa?,,MEDIUM,https://www.temu.com/se/g-601099583674464.html,PASS,PASS,PASS,FAIL,UNCERTAIN,PASS,PASS,PASS
ved,601099610405543,"Tändvedsklyv i stål, enkelblad",,,,veden,,C,60,85,False,Klyver du tändved med yxa?,,LOW,https://www.temu.com/se/g-601099610405543.html,PASS,PASS,UNCERTAIN,UNCERTAIN,UNCERTAIN,PASS,PASS,PASS
ved,601099511882116,"Kaminfläkt utan el, 6 blad, med magnettermometer",,,,braskaminen,shelf,ELIM,35,60,False,Blir bara kaminhörnet varmt?,,HIGH,https://www.temu.com/se/g-601099511882116.html,PASS,PASS,FAIL,UNCERTAIN,UNCERTAIN,PASS,PASS,PASS
ved,601099741237569,"Askdammsugare sladdlös 15 l, för DeWalt 20V-batteri (batteri ingår ej)",,,,braskaminen,object,ELIM,25,50,False,Dammsuger du askan ur kaminen?,,HIGH,https://www.temu.com/se/g-601099741237569.html,FAIL,PASS,UNCERTAIN,UNCERTAIN,UNCERTAIN,PASS,PASS,PASS
ved,601099550601878,Cyklonavskiljare till grovdammsugare (aska),,,,grovdammsugaren + kaminen,shelf,C,30,65,False,Sätter askan igen dammsugaren?,,MEDIUM,https://www.temu.com/se/g-601099550601878.html,PASS,PASS,FAIL,UNCERTAIN,UNCERTAIN,PASS,UNCERTAIN,PASS
ved,601099911311895,"Sotningsset 8 m, borrdrivet, roterande borste",,,,skorstenen,presence,ELIM,20,70,False,Sotar du skorstenen själv?,,HIGH,https://www.temu.com/se/g-601099911311895.html,PASS,FAIL,FAIL,UNCERTAIN,UNCERTAIN,PASS,FAIL,UNCERTAIN
ved,601099574114798,Kamintermometer magnetisk,,,,braskaminen,shelf,ELIM,20,40,False,Vet du hur varm kaminen är?,,HIGH,https://www.temu.com/se/g-601099574114798.html,PASS,UNCERTAIN,FAIL,UNCERTAIN,FAIL,PASS,FAIL,PASS
ved,601099678152168,"Packningsband glasfiber till kaminlucka, 10 mm × 2 m",,,,braskaminen,object,ELIM,10,40,False,,,HIGH,https://www.temu.com/se/g-601099678152168.html,FAIL,UNCERTAIN,FAIL,UNCERTAIN,FAIL,FAIL,FAIL,PASS
ved,601099522402371,"Eldstadsöverdrag runt 28–48 tum, vattentätt (endast överdrag)",,,,eldstaden/fire pit på altanen,,C,58,60,False,Står eldstaden ute i regnet?,,MEDIUM,https://www.temu.com/se/g-601099522402371.html,PASS,PASS,UNCERTAIN,UNCERTAIN,UNCERTAIN,UNCERTAIN,PASS,PASS
ved,601101387399211,Överdrag 145 cm 420D för murad/inbyggd eldstad,,,,murad eldstadsring,audience,ELIM,40,75,False,Har du en murad eldstad på tomten?,,MEDIUM,https://www.temu.com/se/g-601101387399211.html,PASS,PASS,UNCERTAIN,UNCERTAIN,UNCERTAIN,PASS,PASS,FAIL
ved,601099606133498,"Gnistskydd runt 50 cm (20 tum), stål",,,,eldstaden,variant,ELIM,40,70,False,Flyger det gnistor från eldstaden?,,HIGH,https://www.temu.com/se/g-601099606133498.html,PASS,PASS,UNCERTAIN,UNCERTAIN,UNCERTAIN,FAIL,PASS,PASS
ved,601104025759246,"Grillöverdrag 165 cm, polyester",,,,gasolgrillen,shelf,ELIM,35,20,False,Står grillen ute i vinter?,,HIGH,https://www.temu.com/se/g-601104025759246.html,PASS,PASS,FAIL,UNCERTAIN,UNCERTAIN,UNCERTAIN,PASS,PASS
ved,601101536656064,"Presenningsklämmor 20-pack, låsande",,,,presenningen över veden,shelf,ELIM,30,30,False,Blåser presenningen av veden igen?,,HIGH,https://www.temu.com/se/g-601101536656064.html,PASS,PASS,FAIL,UNCERTAIN,FAIL,PASS,PASS,PASS
