title,body,rating,review_date,source,curated,reviewer_name,reviewer_email,product_id,product_handle,reply,reply_date,picture_urls,ip_address,location,metaobject_handle
A papá le encantó,Se la pasó hablando de él varios días después.,5,2025-12-01 07:15:00 UTC,wizard,ok,Sara J.,sara.j@gmail.com,15513203048772,golf-grill-kit,,,https://media.discordapp.net/attachments/1487892936598491226/1488557167823818822/image.png?ex=69cd3664&is=69cbe4e4&hm=5e1ea84009bc5c318214da40b72926d649c3c82c690ac10f04d2ec2183334391&=&format=webp&quality=lossless,,,review-001afaaa-0501-4f9e-ad21-d6981048e4d1
¡El regalo perfecto!,Mi esposo quedó totalmente sorprendido. ¡Lo vuelvo a comprar!,5,2025-12-14 08:22:00 UTC,wizard,ok,Jessica L.,jessica.l@gmail.com,15513203048772,golf-grill-kit,"¡Gracias, Jessica!",2026-03-31 15:18:37 UTC,https://media.discordapp.net/attachments/1487892936598491226/1488557405204779099/image.png?ex=69cd369d&is=69cbe51d&hm=7cebcaddde2b82afbbd4dbd2dfd5b0921024409743eaef5eac0fbbdfb78f0a4a&=&format=webp&quality=lossless,,,review-bfb4ecc1-1774-4ba5-9710-d43b3412238a
Calidad muy buena,Las herramientas se sienten sólidas y el estuche es un detalle divertido.,5,2025-11-28 12:05:00 UTC,wizard,ok,Marcos E.,marcus.e@hotmail.com,15513203048772,golf-grill-kit,,,https://media.discordapp.net/attachments/1487892936598491226/1488555472259649676/Skarmbild_2026-03-31_170732.png?ex=69cd34d0&is=69cbe350&hm=80e02941ba82aa393a84c9ba0b0a36d7e229535ca5fafb2b5d408aff3451396c&=&format=webp&quality=lossless&width=204&height=350,,,review-24d1e735-5d5b-4f0f-8881-010a183f53c1
"Bien, pero la entrega tardó","Contento con el producto, pero tuve que esperar un poco más de lo esperado.",4,2025-10-19 16:30:00 UTC,wizard,ok,Andrés B.,anders.b@telia.com,15513203048772,golf-grill-kit,"¡Gracias por tu comentario, estamos trabajando en ello!",2026-03-31 15:18:37 UTC,,,,review-1a2d5cd3-ce87-418b-9858-b7ced97c9115
Buena idea,Lo compré para mí. Todos comentan la bolsa de golf cuando estoy asando.,5,2025-11-05 10:44:00 UTC,wizard,ok,Tomás N.,thomas.n@outlook.com,15513203048772,golf-grill-kit,,,,,,review-c2657d2e-0b8d-4a84-a615-d4e9b54a67ff
Entrega rápida,Llegó rápido y se ve igualito que en la foto. ¡Contenta!,5,2025-12-20 14:00:00 UTC,wizard,ok,Elena M.,lena.m@gmail.com,15513203048772,golf-grill-kit,,,,,,review-b74de3fa-0a40-43fb-b645-024eac1fcdd6
Lo compré de regalo de Navidad,¡Le dio muchísimo gusto! El empaque también está muy bonito.,5,2025-12-23 15:30:00 UTC,wizard,ok,Mariana H.,maja.h@gmail.com,15513203048772,golf-grill-kit,,,,,,review-61b689cb-06b2-46af-b047-ada3fdb9d30a
Le atiné,No sabía qué regalarle a mi hermano — esto fue perfecto.,5,2026-01-03 09:10:00 UTC,wizard,ok,Emma K.,emma.k@gmail.com,15513203048772,golf-grill-kit,,,,,,review-82e6f228-127b-48d6-89dc-2cdcc19bbd11
Buenas herramientas para el asador,Funciona como debe y se ve bonito. Recomendado.,4,2026-01-15 07:55:00 UTC,wizard,ok,Pedro S.,peter.s@yahoo.com,15513203048772,golf-grill-kit,,,,,,review-ebea8098-fe65-4d84-adfd-cfdaeea65a50
Está bien,Las herramientas están bien pero el cepillo podría ser más firme.,3,2026-02-10 11:20:00 UTC,wizard,ok,Juan R.,johan.r@hotmail.com,15513203048772,golf-grill-kit,"¡Gracias por tus comentarios, Juan, lo tomamos en cuenta!",2026-03-31 15:18:57 UTC,,,,review-6a509e4a-8f5c-4d6c-8db9-0fb1b9c18b11
"Bueno, aunque tardó un poco en llegar","La entrega tardó un poco, pero el producto en sí está bien. Ya no hay que preocuparse por cerdas de metal en la comida.",4,2026-03-19 09:28:44 UTC,wizard,ok,Patricio L.,odhneraxel@gmail.com,15536325427524,elektrisk-grillborste,,,https://cdn-pri.vitals.app/phrev/97420607806/204736588-1775420079.3415.jpg,,,review-cef124bc-72ad-4910-b91a-1c52cb98e140
Tiré el cepillo de alambre de inmediato,"El verano pasado encontré una cerda de alambre en mi hamburguesa y con eso tuve. Este se siente sólido, no como esas chácharas de televentas.",5,2026-03-12 15:43:05 UTC,wizard,ok,Miguel T.,odhneraxel@gmail.com,15536325427524,elektrisk-grillborste,,,https://cdn-pri.vitals.app/phrev/97420607806/204789004-1775513660.4168.jpg,,,review-92226841-5a6c-4a7f-b9cc-f313d1697854
Mi esposa feliz de que el cepillo desapareció,"Toma un poco de tiempo agarrarle el ángulo, pero ya que le agarras el modo va rapidísimo. Mi esposa está feliz de que el cepillo de acero desapareció.",4,2026-03-28 12:02:39 UTC,wizard,ok,Ricardo B.,odhneraxel@gmail.com,15536325427524,elektrisk-grillborste,,,https://cdn-pri.vitals.app/phrev/97420607806/201363265-1771300718.9386.jpg,,,review-f777e34e-59b7-4a5c-9b02-44bcbb8057b6
Otro para la casa de campo,Compré otro también para la casa de campo. Funciona fácil y sin broncas.,5,2026-03-22 06:55:17 UTC,wizard,ok,Juan S.,odhneraxel@gmail.com,15536325427524,elektrisk-grillborste,,,https://cdn-pri.vitals.app/phrev/97420607806/201363268-1771300862.7324.jpg,,,review-294b1e4e-4b4c-4d89-a39d-ea2567322cf8
Empecé escéptico pero quedé contento,Empecé escéptico pero la verdad sí hace el trabajo. La parrilla de mi Weber Genesis estaba negra después del invierno y tardó como un minuto en quedar limpia.,5,2026-03-07 07:14:22 UTC,wizard,ok,Andrés K.,odhneraxel@gmail.com,15536325427524,elektrisk-grillborste,,,https://cdn-pri.vitals.app/phrev/97420607806/204788178-1775511693.8233.jpg,,,review-8a8af3b4-31f3-4a0a-bb75-7830f1efd3af
Lo cambié luego luego después del retiro,Leí sobre el retiro de los cepillos Weber en febrero y ese mismo día tiré el viejo. Pedí este y llegó en tres días.,5,2026-04-02 08:44:58 UTC,wizard,ok,Esteban M.,odhneraxel@gmail.com,15536325427524,elektrisk-grillborste,,,https://cdn-pri.vitals.app/phrev/97420607806/201363063-1771300668.979.jpg,,,review-4bccfd44-d0a9-4f36-a31a-88a9e3f88b05
Se siente robusto,"Esperaba otra baratija más, pero este se siente robusto. El motor tiene fuerza de sobra para la grasa quemada.",4,2026-04-10 07:17:44 UTC,wizard,ok,Marcos A.,odhneraxel@gmail.com,15536325427524,elektrisk-grillborste,,,https://cdn-pri.vitals.app/phrev/97420607806/201363021-1771300454.8756.jpg,,,review-e716c5bd-5c2c-4602-b003-f56976680e4f
Ya no dejo la limpieza para después,Normalmente es una tarea que pospongo media hora. Ahora apenas toma un minuto.,5,2026-04-08 16:05:33 UTC,wizard,ok,Cristian F.,odhneraxel@gmail.com,15536325427524,elektrisk-grillborste,,,https://cdn-pri.vitals.app/phrev/97420607806/201363057-1771300527.4811.jpg,,,review-a1d90a4f-ece1-4a8d-b984-befe597026fa
90 segundos y listo,La parrilla de mi Weber Genesis pasó de negra a limpia en 90 segundos. Nunca me había pasado algo así.,5,2026-03-31 14:20:11 UTC,wizard,ok,Luis Enrique H.,odhneraxel@gmail.com,15536325427524,elektrisk-grillborste,,,https://cdn-pri.vitals.app/phrev/97420607806/201363271-1771300954.2818.jpg,,,review-c8eaf482-2fa9-497f-8f06-f14e622943c1
Funciona en hierro fundido,Tenía miedo de que rayara el hierro fundido de mi Napoleon pero todo salió bien.,4,2026-04-05 10:31:27 UTC,wizard,ok,Tomás W.,odhneraxel@gmail.com,15536325427524,elektrisk-grillborste,,,https://cdn-pri.vitals.app/phrev/97420607806/201363060-1771300593.0974.jpg,,,review-7f98a21a-1a8e-4008-a380-ff0408e636cd
Más barato a la larga,Saqué la cuenta de comprar dos cepillos de acero al año durante cinco años y sale más caro. Este es más seguro y dura más.,5,2026-04-15 06:22:56 UTC,wizard,ok,Daniel R.,odhneraxel@gmail.com,15536325427524,elektrisk-grillborste,,,,,,review-8def6d4a-20a6-4e8c-99f1-ad7c1af2da69
Arranque perfecto de temporada,Saqué el asador para el primer fin de semana de la temporada y la parrilla estaba hecha un desastre después del invierno. Una pasada con el cepillo y listo.,5,2026-04-13 13:58:02 UTC,wizard,ok,Pedro N.,odhneraxel@gmail.com,15536325427524,elektrisk-grillborste,,,https://cdn-pri.vitals.app/phrev/97420607806/204781044-1775498261.218.jpg,,,review-10bb2e20-0113-453c-9e33-b527bc0cab3a
Se acabaron las preocupaciones en el asador,Mi hija encontró una cerda del cepillo en el pollo hace un par de años. Ahora puedo asar sin esa preocupación.,5,2026-04-17 15:33:41 UTC,wizard,ok,Miguel S.,odhneraxel@gmail.com,15536325427524,elektrisk-grillborste,,,,,,review-739aecc8-411a-4d70-95fc-54ac1f4249b9
"Raro al principio, pero bueno","No es como un cepillo normal, pero le agarras la onda rápido. La parrilla queda más limpia que de costumbre.",4,2026-04-16 11:47:19 UTC,wizard,ok,Enrique J.,odhneraxel@gmail.com,15536325427524,elektrisk-grillborste,,,,,,review-7b5a7c43-c9c6-45ac-8bc5-80b8fe605046
Producto bien hecho,Se siente como una herramienta de verdad y no como algo del tianguis. La batería dura bien.,5,2026-04-18 08:12:08 UTC,wizard,ok,Andrés N.,odhneraxel@gmail.com,15536325427524,elektrisk-grillborste,,,,,,review-fb92b4af-7b56-445b-aa25-3e1ac6705de9
Funciona en la Napoleon Prestige,Tengo una Napoleon Prestige y no sabía si iba a funcionar. Funcionó de maravilla y sin rayar la parrilla.,5,2026-04-22 14:42:09 UTC,wizard,ok,Federico A.,odhneraxel@gmail.com,15536325427524,elektrisk-grillborste,,,,,,review-5ee36468-c898-4e53-a5bf-898fe2de7497
Justo lo que andaba buscando,Justo lo que andaba buscando. Preparar todo para la temporada de asados ahora cuesta la mitad de trabajo.,5,2026-04-20 07:38:47 UTC,wizard,ok,Erick T.,odhneraxel@gmail.com,15536325427524,elektrisk-grillborste,,,,,,review-db7cd2bd-dd74-49ff-969b-2e864695a95c
Bueno pero las instrucciones confusas,El producto funciona bien pero las instrucciones para cambiar el cabezal eran un poco confusas.,4,2026-04-19 12:55:22 UTC,wizard,ok,Jonás P.,odhneraxel@gmail.com,15536325427524,elektrisk-grillborste,,,,,,review-fbb33c70-71e7-4063-afcc-2a6bc7bce74e
Tres años de cepillos malos y por fin uno bueno,Ya probé tres cepillos de acero baratos y todos me decepcionaron. Este parece ser de otra clase.,4,2026-04-21 09:24:13 UTC,wizard,ok,Roberto K.,odhneraxel@gmail.com,15536325427524,elektrisk-grillborste,,,,,,review-2dd07cad-a557-4cdd-9454-6a4e60563e80
Entrega rápida y buen producto,Lo pedí el lunes y llegó el miércoles. El producto cumple lo que promete.,5,2026-04-22 06:05:36 UTC,wizard,ok,Matías L.,odhneraxel@gmail.com,15536325427524,elektrisk-grillborste,,,,,,review-3db9d0fd-05ef-4e1e-b5d1-7f7121bb3afb
Lo compré después del reportaje en la tele,Vi el reportaje sobre Harriet y esa misma noche entré a pedirlo.,5,2026-04-08 17:11:27 UTC,wizard,ok,Gerardo E.,odhneraxel@gmail.com,15536325427524,elektrisk-grillborste,,,,,,review-a9a0577c-c8de-444e-b1fe-7948c24b758b
Más fácil para la espalda,Tengo 58 y ya se siente eso de agacharse a tallar duro. Con este me ahorro esa parte.,5,2026-04-11 08:28:54 UTC,wizard,ok,Leonardo S.,odhneraxel@gmail.com,15536325427524,elektrisk-grillborste,,,,,,review-73c95df4-b1d9-43e4-aadb-b5b4dff8d6fb
La batería aguanta bien,Pensé que la batería se acabaría rápido pero aguantó seis limpiezas antes de cargarla.,5,2026-04-14 13:03:17 UTC,wizard,ok,Javier B.,odhneraxel@gmail.com,15536325427524,elektrisk-grillborste,,,,,,review-9136e8c1-cfcd-4864-b2c2-5aabf5768443
Lo recomiendo a todos los que tienen Weber,Tengo una Weber Spirit y le queda perfecto a la parrilla. Ya se lo recomendé a tres vecinos.,5,2026-04-09 15:18:32 UTC,wizard,ok,Juan A.,odhneraxel@gmail.com,15536325427524,elektrisk-grillborste,,,,,,review-7c6907de-acf5-48fd-b880-b28e05854a92
Un poco pesado pero bueno,El producto funciona bien pero pesa un poco más de lo que esperaba. La parrilla queda limpia y eso es lo que cuenta.,4,2026-04-06 10:44:08 UTC,wizard,ok,Santiago L.,odhneraxel@gmail.com,15536325427524,elektrisk-grillborste,,,,,,review-9e27f682-17fb-4428-b02e-96565fab85d7
Un minuto y listo,Se tarda como minuto y medio en limpiar la parrilla. Es todo lo que necesito saber.,5,2026-04-16 12:22:18 UTC,wizard,ok,Martín B.,odhneraxel@gmail.com,15536325427524,elektrisk-grillborste,,,,,,review-7867e293-5bb7-4f2e-82e0-935437cee227
Ahora la noche termina con una cerveza,Antes la noche de asado siempre terminaba con media hora de tallar. Ahora me toma un minuto y luego me puedo sentar a tomarme una cerveza.,5,2026-04-17 18:05:44 UTC,wizard,ok,Tomás R.,odhneraxel@gmail.com,15536325427524,elektrisk-grillborste,,,,,,review-5faddf59-b375-45eb-91ab-282418aacb44
No es una baratija del tianguis,"Se siente muy bien en la mano, con agarre del material correcto y el peso justo. No es una baratija del tianguis sino una herramienta de verdad.",5,2026-04-20 07:55:02 UTC,wizard,ok,Carlos W.,odhneraxel@gmail.com,15536325427524,elektrisk-grillborste,,,,,,review-ad4518db-e558-4a94-b49f-a9f2d6834a09
"Caro, pero vale la pena a la larga","Algo caro para un cepillo de asador, pero seguro vale la pena a la larga. Funciona como prometen.",4,2026-04-03 09:57:43 UTC,wizard,ok,Nicolás K.,odhneraxel@gmail.com,15536325427524,elektrisk-grillborste,,,,,,review-5411f33b-03a4-40c6-b1eb-8d8e015b0b33
Perfecto para la casa de campo,Qué bueno no tener que cargar cepillos de acero que se oxidan. Problema resuelto.,5,2026-04-12 06:39:21 UTC,wizard,ok,Pedro L.,odhneraxel@gmail.com,15536325427524,elektrisk-grillborste,,,,,,review-9919b479-a20f-400b-b441-97fdba2ce985
Un poco incómodo el ángulo,"Al principio el ángulo contra la parrilla es medio incómodo, pero le agarras el modo. La parrilla queda limpia y eso es lo que importa.",3,2026-04-04 11:11:22 UTC,wizard,ok,Bruno E.,odhneraxel@gmail.com,15536325427524,elektrisk-grillborste,,,,,,review-ba783da9-81a3-4551-9d4b-c3d009168a7a
Por fin un cepillo que aguanta,En los últimos años compré tres cepillos baratos y todos tronaron después de una temporada. Este sí parece hecho para durar.,5,2026-03-15 08:28:44 UTC,wizard,ok,Ulises N.,odhneraxel@gmail.com,15536325427524,elektrisk-grillborste,,,,,,review-4736e896-f68f-433a-901c-c1ad0bd0482a
La preocupación desapareció,Tengo tres hijos menores de diez años y siempre cargué con una pequeña preocupación desde que leí sobre las lesiones por cerdas de metal. Esa preocupación ya desapareció.,5,2026-04-07 15:43:38 UTC,wizard,ok,Andrés H.,odhneraxel@gmail.com,15536325427524,elektrisk-grillborste,,,,,,review-49b6469c-64d5-491f-af61-d924f244fd24
Entrega rápida y sin líos,Llegó en dos días. Nada de líos de aduana ni envíos desde China.,5,2026-03-20 14:44:29 UTC,wizard,ok,Tomás A.,odhneraxel@gmail.com,15536325427524,elektrisk-grillborste,,,,,,review-dd369b32-2836-40d2-b6f4-33347f71d50e
Cuentas simples,"Cuatro cepillos de acero en tres años, más el riesgo, y este sale más barato a la larga. Cuentas simples.",5,2026-03-25 07:02:55 UTC,wizard,ok,Joaquín S.,odhneraxel@gmail.com,15536325427524,elektrisk-grillborste,,,,,,review-74f0050c-d712-4b61-ad86-99ea52a115a3
Mis brazos me lo agradecen,Antes siempre me dolían los brazos después de una limpieza a fondo. Ahora lo hago en un minuto.,5,2026-04-21 15:32:09 UTC,wizard,ok,Alberto L.,odhneraxel@gmail.com,15536325427524,elektrisk-grillborste,,,,,,review-e3e4c25d-aa1b-4f6f-a779-22c7e115301c
Probé de todo y esto es lo mejor,"He probado raspador de madera, fibra de acero y cepillo de alambre. Esto es lo más rápido y no deja cerdas.",5,2026-04-22 08:18:53 UTC,wizard,ok,Rodolfo S.,odhneraxel@gmail.com,15536325427524,elektrisk-grillborste,,,,,,review-81ef5636-085b-4443-ba24-614887159ea2
Nada de chácharas de teletienda,No esperaba gran cosa pero es una herramienta de verdad. Robusta y rápida.,5,2026-04-01 12:38:17 UTC,wizard,ok,Manuel T.,odhneraxel@gmail.com,15536325427524,elektrisk-grillborste,,,,,,review-42cd8115-4a20-4fa6-b303-6439b29afb3a
Funciona en parrilla esmaltada,Mi Broil King tiene parrilla esmaltada y estaba un poco preocupado. Funciona perfecto y no rayó nada el esmalte.,4,2026-04-11 09:25:44 UTC,wizard,ok,Cristian B.,odhneraxel@gmail.com,15536325427524,elektrisk-grillborste,,,,,,review-5aeabe9d-c79b-4499-a405-5b9c0b8e04de
Toda la familia lo usa,Mi esposa también ya lo usa. Fácil de manejar y muy práctico.,5,2026-04-19 06:47:31 UTC,wizard,ok,Omar K.,odhneraxel@gmail.com,15536325427524,elektrisk-grillborste,,,,,,review-2d6e9901-c23b-4052-babb-b228bedd5abf
Mi esposa tenía razón,Mi esposa leyó lo de Harriet Johansson e insistió en que cambiáramos. Tenía razón.,5,2026-03-10 06:34:56 UTC,wizard,ok,Gustavo W.,odhneraxel@gmail.com,15536325427524,elektrisk-grillborste,,,,,,review-9c60cd10-ca5e-45a6-955d-86fb7d6df2cc
Algo caro pero seguro vale la pena,"Funciona bien y llegó rápido. Nada de cerdas sueltas, que era todo el punto.",4,2026-03-23 09:55:39 UTC,wizard,ok,Nicolás E.,odhneraxel@gmail.com,15536325427524,elektrisk-grillborste,,,,,,review-e910505c-e47c-4cba-9967-2df8e1f42cb5
Sencillo y sólido,"Sencillo, sólido y funciona. No necesito decir más.",5,2026-04-02 06:11:48 UTC,wizard,ok,Tomás F.,odhneraxel@gmail.com,15536325427524,elektrisk-grillborste,,,,,,review-499d54ca-71a6-4303-8cca-a7345bbc6952
Lo cambié el mismo día del retiro del mercado,Con el retiro del mercado de los Weber actué de inmediato. Qué bueno que hay una alternativa segura.,5,2026-04-05 17:22:14 UTC,wizard,ok,César A.,odhneraxel@gmail.com,15536325427524,elektrisk-grillborste,,,,,,review-4b32cc45-81a1-460e-89c4-b7db8c3a349b
Funciona en hierro fundido viejo,Lo probé en la vieja parrilla de hierro fundido de la casa de campo en Semana Santa. Funciona de maravilla.,5,2026-03-17 12:08:22 UTC,wizard,ok,Juan Pablo H.,odhneraxel@gmail.com,15536325427524,elektrisk-grillborste,,,,,,review-dfade490-0f60-4a57-a21c-054c2a22f236
El vecino compró uno a la semana,El vecino me preguntó cómo le hacía para tener la parrilla tan limpia. A la semana ya había comprado el suyo.,5,2026-04-20 14:02:38 UTC,wizard,ok,Esteban E.,odhneraxel@gmail.com,15536325427524,elektrisk-grillborste,,,,,,review-323ced6d-cfa6-49ff-aea6-d73961a72634
El asador se ve como nuevo,Mi hija me preguntó por qué el asador se ve nuevo. Buena señal.,5,2026-04-13 15:44:22 UTC,wizard,ok,Ricardo A.,odhneraxel@gmail.com,15536325427524,elektrisk-grillborste,,,,,,review-81cc1bee-4260-4eae-8b65-4562d0f12746
Las instrucciones deberían venir en español,El producto funciona bien pero las instrucciones venían en inglés y alemán. Esperaba que vinieran en español.,3,2026-04-04 08:09:55 UTC,wizard,ok,Juan Carlos B.,odhneraxel@gmail.com,15536325427524,elektrisk-grillborste,,,,,,review-eccdbf7d-96ce-4b86-8b49-48c34cd035ba
También sirve para el asador del balcón,"Tengo asador eléctrico en un balcón cerrado. Funciona igual de bien en esa parrilla, no es solo para los que tienen casa con jardín.",4,2026-04-18 07:30:15 UTC,wizard,ok,Enrique W.,odhneraxel@gmail.com,15536325427524,elektrisk-grillborste,,,,,,review-90dd70ca-98cf-4906-93b8-19c0d77c7c31
Compré tres,"Uno para mí, uno para mi hermano mayor y uno para mi suegro por el Día del Padre. Todos contentos.",5,2026-04-22 12:47:09 UTC,wizard,ok,Juan E.,odhneraxel@gmail.com,15536325427524,elektrisk-grillborste,,,,,,review-bbb019d4-57b1-4e02-bb0e-d2cc79684a42
Buena compra para el verano,Lo probé en una parrilla bien sucia y funcionó. Lo voy a usar todo el verano.,4,2025-06-02 09:33:44 UTC,wizard,ok,Víctor H.,odhneraxel@gmail.com,15536325427524,elektrisk-grillborste,,,,,,review-d5b3bfc9-5c4e-4f54-a87f-76deb9a399c3
Perfecto para el verano,Entrega rápida. Ahora la parrilla está limpia y me puedo concentrar en la carne.,5,2025-05-24 15:06:18 UTC,wizard,ok,Federico L.,odhneraxel@gmail.com,15536325427524,elektrisk-grillborste,,,,,,review-d0e7f257-f7d7-447e-a4bc-be3d9bb8afa7
La noche de asado salió perfecta,La parrilla limpia en menos de un minuto y luego directo al rib eye. Los invitados quedaron encantados.,5,2025-06-21 06:58:03 UTC,wizard,ok,José K.,odhneraxel@gmail.com,15536325427524,elektrisk-grillborste,,,,,,review-45c748b2-6356-4ba2-8401-ef98cf286c86
La mejor compra para arrancar la temporada,Arranqué la temporada con la parrilla más limpia en años. Llegó justo a tiempo.,5,2025-05-10 10:22:47 UTC,wizard,ok,Andrés P.,odhneraxel@gmail.com,15536325427524,elektrisk-grillborste,,,,,,review-5f3be61b-4a3d-4dfa-8e85-e9aa32c21986
Lista en cinco minutos,Llegué a la casa de campo en mayo y la parrilla estaba negra desde el otoño pasado. Cinco minutos y listo.,5,2025-05-18 07:44:32 UTC,wizard,ok,Luis B.,odhneraxel@gmail.com,15536325427524,elektrisk-grillborste,,,,,,review-2f58d3d8-7666-4841-9697-776e429131c1
Impresionado desde el primer uso,Ya lo probé tres veces. La parrilla está más limpia que nunca comparado con un cepillo normal.,5,2025-07-01 12:29:56 UTC,wizard,ok,Joaquín F.,odhneraxel@gmail.com,15536325427524,elektrisk-grillborste,,,,,,review-68412786-0226-4ad4-89c3-66696aa33313
Práctico para llevar de vacaciones,Me lo llevé de vacaciones a la playa. También funciona en el asador de la casa que rentamos.,4,2025-07-03 07:12:41 UTC,wizard,ok,Marcos W.,odhneraxel@gmail.com,15536325427524,elektrisk-grillborste,,,,,,review-5e92d2d3-fce0-4b36-ac16-3fbede5d3651
Tres parrilladas y tres minutos de limpieza en total,El fin de semana largo fueron tres parrilladas seguidas. En total tres minutos de limpieza y dinero bien invertido.,5,2025-06-25 18:14:27 UTC,wizard,ok,Nicolás T.,odhneraxel@gmail.com,15536325427524,elektrisk-grillborste,,,,,,review-80165f42-5ad3-4eb7-8376-ba86c33422f0
Toda la reseña en una frase,"Asas, luego un minuto con el cepillo y luego la chela. Esa es toda la reseña, la verdad.",5,2025-06-15 17:47:22 UTC,wizard,ok,Martín K.,odhneraxel@gmail.com,15536325427524,elektrisk-grillborste,,,,,,review-af913e53-4cd4-439f-b091-ff574a604535
,Buen producto,5,2026-04-23 12:39:02 UTC,web,ok,Axel Odhner,axelodhner.business@gmail.com,15536325427524,elektrisk-grillborste,,,,,,review-9f15dd03-3fa6-48b9-90d3-f80197b2f711
,bien,5,2026-04-23 12:39:13 UTC,web,ok,Axel Odhner,axelodhner.business@gmail.com,,,,,,,,review-af1e934e-5aad-46c1-8ebd-ca8dcf0911ef
,No puedo decir si me gustan. Ya pasaron 3 semanas y todavía no me llegan.,5,2026-05-02 19:15:37 UTC,new-rre-flow,ok,Esteban Lozano,stefan.lundberg@expandia.se,15513203048772,golf-grill-kit,,,,,,review-462f5289-a64d-4050-8d76-11db2bde108b
,.,5,2026-05-04 11:14:11 UTC,new-rre-flow,ok,María Hernández,snutten69@outlook.com,15513203048772,golf-grill-kit,,,,,,review-9243ed57-2224-4a55-8d14-75beaf05c4f1
Toda la fiesta se rio,Todos los invitados se rieron en cuanto me puse el mandil.,5,2026-03-05 08:12:00 UTC,wizard,ok,Carlos A.,odhneraxel@gmail.com,15549036495172,forklade-masterkock,,,,,,review-9ece3282-f291-4057-b87d-291b2f56cc09
Los vecinos no lo olvidan,Los vecinos todavía hablan de la parrillada del verano pasado.,5,2026-03-13 09:05:00 UTC,wizard,ok,Erick S.,odhneraxel@gmail.com,15549036495172,forklade-masterkock,,,,,,review-f5cc8996-9f49-421a-af9a-fd5f43b48fd5
Mi esposa lloró de risa,No sabía qué le estaba regalando y su reacción no tuvo precio.,5,2026-03-09 07:44:00 UTC,wizard,ok,Simón B.,odhneraxel@gmail.com,15549036495172,forklade-masterkock,,,,,,review-8cfffade-0fee-41b8-be3a-497019e5053b
Todos querían tomarse fotos,Toda la noche la gente estuvo tomándose fotos conmigo con el delantal puesto.,5,2026-03-11 14:20:00 UTC,wizard,ok,David H.,odhneraxel@gmail.com,15549036495172,forklade-masterkock,,,,,,review-38d34401-9fec-4174-87ce-9efc1248b314
El mejor regalo,Lo más divertido que me han regalado en mucho tiempo.,5,2026-03-07 12:33:00 UTC,wizard,ok,Pedro L.,odhneraxel@gmail.com,15549036495172,forklade-masterkock,,,,,,review-1b190477-25d3-4787-a1a6-c73689237be9
Y además de buena calidad,"Además de ser divertido, es un mandil bien hecho y de buen material.",4,2026-03-21 08:40:00 UTC,wizard,ok,Gustavo T.,odhneraxel@gmail.com,15549036495172,forklade-masterkock,,,,,,review-b7b873e7-09c2-45e9-9578-471c0cec78be
Compré tres,"Uno para mí, uno para mi carnal y uno para mi suegro.",5,2026-03-15 06:30:00 UTC,wizard,ok,Óscar N.,odhneraxel@gmail.com,15549036495172,forklade-masterkock,,,,,,review-33062020-73c1-41df-b4bf-5ffeff33e187
Lo mejor de la noche,Todos los invitados coincidieron en que el delantal fue lo más divertido de toda la fiesta.,5,2026-03-19 15:22:00 UTC,wizard,ok,Felipe K.,odhneraxel@gmail.com,15549036495172,forklade-masterkock,,,,,,review-f25fb415-83c7-41b9-9795-35b7aed1f7bc
Sin duda de quién es el jefe,Ahora todos saben quién manda en el asador.,5,2026-03-23 13:10:00 UTC,wizard,ok,Miguel R.,odhneraxel@gmail.com,15549036495172,forklade-masterkock,,,,,,review-8d5ec23c-6c0b-4be5-ae6c-55b93f5fd75b
Regalo perfecto para el Día del Padre,Mi papá quedó totalmente sorprendido y se rió un buen rato.,5,2026-03-17 11:50:00 UTC,wizard,ok,Jonás W.,odhneraxel@gmail.com,15549036495172,forklade-masterkock,,,,,,review-1df13267-c3ae-4647-8c16-8c093b4ee1a7
Entrega rápida,Llegó rápido y bien empacado.,5,2026-03-25 07:00:00 UTC,wizard,ok,Tobías E.,odhneraxel@gmail.com,15549036495172,forklade-masterkock,,,,,,review-5fbb02c6-4fd0-4c9f-b79a-8e98def0fea3
La estrella de la parrillada,No tuve que decir ni una palabra con este mandil puesto.,5,2026-03-27 10:15:00 UTC,wizard,ok,Roberto M.,odhneraxel@gmail.com,15549036495172,forklade-masterkock,,,,,,review-8e873eeb-8faf-44c9-a1c0-cd19c358fdd7
Mi amigo se rio cinco minutos,Se lo regalé y se rio hasta que se le salieron las lágrimas.,5,2026-03-29 16:05:00 UTC,wizard,ok,Cristian P.,odhneraxel@gmail.com,15549036495172,forklade-masterkock,,,,,,review-513f5fe8-00ab-46e9-8098-d2a75a0d269a
La compra más divertida en mucho tiempo,Ha sacado más risas que cualquier otra cosa que haya comprado.,5,2026-04-02 12:30:00 UTC,wizard,ok,Andrés F.,odhneraxel@gmail.com,15549036495172,forklade-masterkock,,,,,,review-e50b44c9-97e7-4124-ae31-daa94dd070ec
Infaltable en cada parrillada,Esto ya es un básico en cada carne asada en nuestra casa.,5,2026-03-31 05:45:00 UTC,wizard,ok,Matías J.,odhneraxel@gmail.com,15549036495172,forklade-masterkock,,,,,,review-34a33bf9-7420-44ee-83fb-1ce17b7daa54
Vale cada peso,El precio está más que justo por la cantidad de risas que da.,5,2026-04-07 09:20:00 UTC,wizard,ok,Bruno C.,odhneraxel@gmail.com,15549036495172,forklade-masterkock,,,,,,review-1273e6a9-be90-4b48-8b9e-f5f5087573c4
Me lo regaló mi prometida,Ella se rio más que yo cuando abrí el paquete.,5,2026-04-06 14:40:00 UTC,wizard,ok,Luis G.,odhneraxel@gmail.com,15549036495172,forklade-masterkock,,,,,,review-b82c66c0-84b7-4738-81cd-3f71a4077c90
Ideal para el que se toma muy en serio,Perfecto para ese amigo que siempre se pone demasiado serio en el asador.,5,2026-04-04 08:55:00 UTC,wizard,ok,Enrique O.,odhneraxel@gmail.com,15549036495172,forklade-masterkock,,,,,,review-43130876-3baf-4a65-9596-04c1def85c59
El nuevo favorito de papá,Mi papá se lo pone cada vez que asa y le encanta la atención.,5,2026-04-10 13:35:00 UTC,wizard,ok,Víctor A.,odhneraxel@gmail.com,15549036495172,forklade-masterkock,,,,,,review-81456915-f2a4-43e0-ab9c-18b38730f919
Todos hablaban del mandil,"Nadie habló de la comida, todos hablaron del mandil toda la noche.",5,2026-04-09 07:10:00 UTC,wizard,ok,Patricio D.,odhneraxel@gmail.com,15549036495172,forklade-masterkock,,,,,,review-9226698b-3521-48be-95aa-cd5fb7837b8e
La compra más divertida del verano,Ninguna compra este verano me ha dado más alegría que este mandil.,5,2026-04-15 07:40:00 UTC,wizard,ok,Nicolás H.,odhneraxel@gmail.com,15549036495172,forklade-masterkock,,,,,,review-3fbcf9be-ec18-4af1-80f9-f6af5963ba76
Aguanta las lavadas,Aguanta las manchas y sigue igual de divertido después de varias lavadas.,4,2026-04-12 15:50:00 UTC,wizard,ok,Marcos L.,odhneraxel@gmail.com,15549036495172,forklade-masterkock,,,,,,review-27a4741f-0621-405c-adbd-aa5048ecbc44
Risas garantizadas,Te aseguro que todos se ríen cuando lo ven.,5,2026-04-14 08:25:00 UTC,wizard,ok,Juan M.,odhneraxel@gmail.com,15549036495172,forklade-masterkock,,,,,,review-6e7e17a2-202b-4b6a-aa13-4ad4c65b7371
El regalo que le gana a todo,Lo mejor que he encontrado para regalar en mucho tiempo.,5,2026-04-13 11:00:00 UTC,wizard,ok,Daniel S.,odhneraxel@gmail.com,15549036495172,forklade-masterkock,,,,,,review-04dee93f-59b3-49f4-accb-66774cf15c17
Más divertido de lo que esperaba,Sabía que sería divertido pero no que se convertiría en lo mejor de la noche.,5,2026-04-18 12:00:00 UTC,wizard,ok,Pablo E.,odhneraxel@gmail.com,15549036495172,forklade-masterkock,,,,,,review-b558e751-891a-4797-be12-d2c18ef97dd6
A mi suegro le encantó,"Mi suegro no es fácil de impresionar, pero esto sí lo hizo reír.",5,2026-04-17 06:55:00 UTC,wizard,ok,Ulises P.,odhneraxel@gmail.com,15549036495172,forklade-masterkock,,,,,,review-002c40d7-5a70-4b23-ba2b-47d0ad08d3b3
Tuve que comprar otro,Regalé el mío y tuve que pedir otro para mí.,5,2026-04-19 08:30:00 UTC,wizard,ok,Ricardo N.,odhneraxel@gmail.com,15549036495172,forklade-masterkock,,,,,,review-84703c3a-32ae-454a-83c1-0b7e22966117
Todos quieren que se los preste,Ahora todos quieren que les preste mi delantal para sus carnes asadas.,5,2026-04-16 09:10:00 UTC,wizard,ok,Tomás K.,odhneraxel@gmail.com,15549036495172,forklade-masterkock,,,,,,review-91034c35-3aeb-40d1-b36b-548e12efce4d
El vecindario ya sabe quién manda,Después de la carne asada todos respetan mi estatus de parrillero.,5,2026-04-11 06:00:00 UTC,wizard,ok,Esteban G.,odhneraxel@gmail.com,15549036495172,forklade-masterkock,,,,,,review-97a0afa6-bf77-449e-b1a7-6ee252e2b995
Sin dudas de quién manda en el asador,Con esto puesto no hay que discutir quién manda.,5,2026-04-20 05:50:00 UTC,wizard,ok,Luis T.,odhneraxel@gmail.com,15549036495172,forklade-masterkock,,,,,,review-ad9577ab-3ab4-4c4c-a677-3d00cbb41498
La temporada de asados más divertida en años,Este mandil marcó el tono de todas las carnes asadas del verano.,5,2026-04-21 17:30:00 UTC,wizard,ok,Joaquín L.,odhneraxel@gmail.com,15549036495172,forklade-masterkock,,,,,,review-d52f7c6e-4670-4f5e-aea4-23f672235f86
Arrancó la fiesta de inmediato,En cuanto me puse el mandil todos supieron que iba a ser una buena noche.,5,2026-04-22 13:00:00 UTC,wizard,ok,Rodolfo E.,odhneraxel@gmail.com,15549036495172,forklade-masterkock,,,,,,review-f15d525a-9331-401d-b046-c1c1f56adb89
Regalo que no falla,"Si no sabes qué regalarle al amante del asado, cómprale esto.",5,2026-04-22 07:20:00 UTC,wizard,ok,Andrés K.,odhneraxel@gmail.com,15549036495172,forklade-masterkock,,,,,,review-6a6a6beb-fe55-4929-9bea-dc69ad794f22
Ella lo encontró solita,Mi esposa lo pidió de sorpresa y quedó perfecto.,5,2026-04-21 10:45:00 UTC,wizard,ok,Carlos W.,odhneraxel@gmail.com,15549036495172,forklade-masterkock,,,,,,review-6a48e46b-1b63-466a-8e91-2e8217cbea35
Me reí en cuanto lo abrí,Buena señal de un regalo exitoso.,5,2026-04-20 14:15:00 UTC,wizard,ok,Manuel R.,odhneraxel@gmail.com,15549036495172,forklade-masterkock,,,,,,review-377d28c8-9900-4ddf-a023-454b9c17eb44
Simple pero genial,Tan sencillo y a la vez tan divertido.,5,2026-04-23 06:40:00 UTC,wizard,ok,Tomás S.,odhneraxel@gmail.com,15549036495172,forklade-masterkock,,,,,,review-54a94b7d-4f8c-43d6-9e3c-2e4a61da6d68
Buena calidad y diseño divertido,El material se siente bien y aguanta las salpicaduras del asador sin problema.,4,2026-04-24 08:10:00 UTC,wizard,ok,Alberto A.,odhneraxel@gmail.com,15549036495172,forklade-masterkock,,,,,,review-44cd2979-c1e9-48fe-8639-c78656be2ad4
Todo el equipo de futbol se rio,Lo llevé a la carne asada del equipo y fue lo más divertido de la noche.,5,2026-04-23 15:05:00 UTC,wizard,ok,Gerardo P.,odhneraxel@gmail.com,15549036495172,forklade-masterkock,,,,,,review-0114f9a8-e2e1-4f02-8fb4-946e2063ea25
Ahora soy el rey del asador,Ya nadie cuestiona mi lugar frente al asador.,5,2026-04-25 07:30:00 UTC,wizard,ok,Claudio B.,odhneraxel@gmail.com,15549036495172,forklade-masterkock,,,,,,review-6e3bfe4f-82fd-427a-98b6-5c9005fe12fc
Cómpralo sin pensarlo,Es apuesta segura sin importar para quién lo compres.,5,2026-04-24 12:50:00 UTC,wizard,ok,Santiago E.,odhneraxel@gmail.com,15549036495172,forklade-masterkock,,,,,,review-999ea69f-edf6-4cb5-bf88-3d399ae470f9
Más divertido que un standup,Una noche con este mandil saca más risas que un show completo de standup.,5,2026-04-26 09:40:00 UTC,wizard,ok,Omar F.,odhneraxel@gmail.com,15549036495172,forklade-masterkock,,,,,,review-2193ddfc-984a-4680-a5da-abe00ca5d89c
Se lo regalé al novio,"Perfecto como regalo divertido antes de la boda, todos se rieron.",5,2026-04-25 14:20:00 UTC,wizard,ok,Federico W.,odhneraxel@gmail.com,15549036495172,forklade-masterkock,,,,,,review-e22205aa-9e4f-4c2d-80f1-beb8e14f5a28
Queda bien y se ve chistoso,Queda bien y el diseño está divertido.,4,2026-04-27 06:20:00 UTC,wizard,ok,Enrique C.,odhneraxel@gmail.com,15549036495172,forklade-masterkock,,,,,,review-a78aa7c4-e46c-467b-bf24-c29f942827b9
Los niños fueron los que más se rieron,Los niños dijeron que era lo más chistoso que habían visto en mucho tiempo.,5,2026-04-26 15:55:00 UTC,wizard,ok,Ricardo J.,odhneraxel@gmail.com,15549036495172,forklade-masterkock,,,,,,review-7c6c5536-f92c-42f5-a4a9-ec2aacf40922
El tema de toda la fiesta,Todos hablaron del mandil todo el fin de semana.,5,2026-04-27 12:10:00 UTC,wizard,ok,Martín O.,odhneraxel@gmail.com,15549036495172,forklade-masterkock,,,,,,review-1cf50fae-babb-4b42-a5f1-70680b6fac2e
Papá no se lo quiere quitar,Mi papá se lo pone en cada asado desde que se lo regalamos.,5,2026-04-29 08:45:00 UTC,wizard,ok,Jonás A.,odhneraxel@gmail.com,15549036495172,forklade-masterkock,,,,,,review-26aa2fd7-846f-44ca-a8ec-2992341ee097
Mi mejor compra del año para el asador,"De todo lo que he comprado para el asador este año, esto es lo más divertido.",5,2026-04-29 15:00:00 UTC,wizard,ok,Emilio R.,odhneraxel@gmail.com,15549036495172,forklade-masterkock,,,,,,review-e1a27100-5f15-4518-bf77-f661f62ffd63
Imprescindible para todo parrillero,Todo el que ama asar y reírse necesita uno de estos.,5,2026-04-28 07:00:00 UTC,wizard,ok,Carlos J.,odhneraxel@gmail.com,15549036495172,forklade-masterkock,,,,,,review-46fa5956-557f-41cf-a898-005857891b7a
Mis compañeros ya saben quién es el jefe,Lo llevé a la carne asada del trabajo y fue todo un éxito.,5,2026-04-28 13:30:00 UTC,wizard,ok,Pablo L.,odhneraxel@gmail.com,15549036495172,forklade-masterkock,,,,,,review-03750e89-025a-4491-a063-a32d84baec52
Mándales el link a tus amigos parrilleros,Te van a agradecer el tip.,5,2026-04-30 09:15:00 UTC,wizard,ok,Sebastián N.,odhneraxel@gmail.com,15549036495172,forklade-masterkock,,,,,,review-956d7e63-e622-4b6f-8a87-5ead1bb7157a
,Está ok,3,2026-05-12 10:53:29 UTC,new-rre-flow,ok,Federico Jiménez,fjohanne75@gmail.com,15537600528708,skyddshandskar,,,,2a00:801:7b5:5194:ed1e:bd2:ebf8:a510,,review-11e4342f-353d-43ad-aadf-05a13115b994
,"¡Entrega rápida y un soporte muy amable, funciona tal cual como en el video!",5,2026-05-13 06:52:27 UTC,web,ok,Juan,johan.holmberg1988@gmail.com,15536325427524,elektrisk-grillborste,,,,84.217.127.240,,review-8c0af051-d5d8-4689-91a4-768d9c4ac2be
,"¡No manches, qué buena está! Le tenía pavor a limpiar el asador después del invierno, ¡pero fue pan comido! 🤩",5,2026-06-16 14:52:37 UTC,new-rre-flow,ok,Carina P.,karin.pellbrant@gmail.com,15537598988612,borst-huvud,,,,213.21.121.9,,review-552ec87e-ba2a-415d-a5e3-e5f976fed4a5
Sorprendentemente práctica,Fácil de llenar y fácil de voltear mientras se asa la comida. Justo lo que necesitábamos.,5,2025-08-18 22:00:00 UTC,wizard,ok,Emma G.,odhneraxel@gmail.com,15290956054852,roterande-grillkorg-i-rostfritt-stal-perfekt-for-gronsaker-kott-tillbehor,,,,,,review-2a5cec29-b800-49ce-bbb0-7beb5dcef31b
Canasta estable,La canasta gira bien y la comida queda dorada por todos lados. Sencilla y práctica.,5,2025-04-21 22:00:00 UTC,wizard,ok,Daniel K.,odhneraxel@gmail.com,15290956054852,roterande-grillkorg-i-rostfritt-stal-perfekt-for-gronsaker-kott-tillbehor,,,,,,review-13814235-f481-486d-a558-f9643e60a434
Buena para trozos pequeños,Un accesorio sencillo que de verdad hace una gran diferencia. Recomendado.,5,2025-05-11 22:00:00 UTC,wizard,ok,Federico P.,odhneraxel@gmail.com,15290956054852,roterande-grillkorg-i-rostfritt-stal-perfekt-for-gronsaker-kott-tillbehor,,,,,,review-3d9ce8df-b943-4f15-ac82-28ae148871c3
Perfecto para las carnes asadas del verano,Ya es un accesorio infaltable en las carnes asadas de la casa. Buena compra.,4,2025-04-07 22:00:00 UTC,wizard,ok,Linda C.,odhneraxel@gmail.com,15290956054852,roterande-grillkorg-i-rostfritt-stal-perfekt-for-gronsaker-kott-tillbehor,,,,,,review-afc9f3a0-a281-4cd9-bc5e-8612fcc3003d
Sorprendentemente práctica,Fácil de llenar y fácil de voltear mientras se asa la comida. Justo lo que necesitábamos.,5,2025-10-28 23:00:00 UTC,wizard,ok,Carolina C.,odhneraxel@gmail.com,15290956054852,roterande-grillkorg-i-rostfritt-stal-perfekt-for-gronsaker-kott-tillbehor,,,,,,review-1f0af3bc-f535-4793-8062-95bcd3d3f67f
Buena para trozos pequeños,Un accesorio sencillo que de verdad hace una gran diferencia. Recomendado.,5,2025-11-27 23:00:00 UTC,wizard,ok,Martín K.,odhneraxel@gmail.com,15290956054852,roterande-grillkorg-i-rostfritt-stal-perfekt-for-gronsaker-kott-tillbehor,,,,,,review-fbee0703-f4ab-4430-8f5b-cb7caf0b5e13
Asado parejo y rico,Buena para quien le gustan las verduras asadas sin complicaciones.,5,2025-09-02 22:00:00 UTC,wizard,ok,Tobías P.,odhneraxel@gmail.com,15290956054852,roterande-grillkorg-i-rostfritt-stal-perfekt-for-gronsaker-kott-tillbehor,,,,,,review-6c94350d-8120-4124-b582-f238af8aa4df
Canasta firme y estable,La canasta gira bien y la comida queda doradita por todos lados. Fácil y práctica.,5,2025-12-31 23:00:00 UTC,wizard,ok,Alejandro F.,odhneraxel@gmail.com,15290956054852,roterande-grillkorg-i-rostfritt-stal-perfekt-for-gronsaker-kott-tillbehor,,,,,,review-ae61c875-32e9-449e-9644-0604faf1cdbf
Perfecto para las carnes asadas del verano,Ya es un accesorio infaltable en las carnes asadas de la casa. Buena compra.,4,2026-02-21 23:00:00 UTC,wizard,ok,Frida T.,odhneraxel@gmail.com,15290956054852,roterande-grillkorg-i-rostfritt-stal-perfekt-for-gronsaker-kott-tillbehor,,,,,,review-5da3edd9-c835-4907-96be-6379ce2f0041
Buen resultado cada vez,Perfecta para asar trozos pequeños sin usar papel aluminio. Recomendada.,5,2025-12-11 23:00:00 UTC,wizard,ok,Sara J.,odhneraxel@gmail.com,15290956054852,roterande-grillkorg-i-rostfritt-stal-perfekt-for-gronsaker-kott-tillbehor,,,,,,review-c4c49c1f-0a80-4688-aea1-98d716e91348
Una nueva favorita,Diseño práctico y la comida se queda en su lugar. Sencilla y fácil de usar.,5,2025-10-26 23:00:00 UTC,wizard,ok,María E.,odhneraxel@gmail.com,15290956054852,roterande-grillkorg-i-rostfritt-stal-perfekt-for-gronsaker-kott-tillbehor,,,,,,review-78c73efd-d634-4c75-a47f-0299d3a6e93a
Hace el asado más fácil,Funcionó muy bien en nuestro asador y fue fácil de limpiar después. Justo lo que necesitábamos.,5,2025-07-19 22:00:00 UTC,wizard,ok,Enrique B.,odhneraxel@gmail.com,15290956054852,roterande-grillkorg-i-rostfritt-stal-perfekt-for-gronsaker-kott-tillbehor,,,,,,review-7e30ca2e-648c-4e24-a844-d79c0db7bf8e
Fácil de llenar,"Va muy bien para calabacita, champiñones, pimiento y trozos de papa.",5,2026-01-08 23:00:00 UTC,wizard,ok,Ana N.,odhneraxel@gmail.com,15290956054852,roterande-grillkorg-i-rostfritt-stal-perfekt-for-gronsaker-kott-tillbehor,,,,,,review-a729cd55-0a8e-4752-8b80-616eb0c4fe51
Queda muy bien en el asador,Ya no ando persiguiendo trocitos de verdura por la parrilla. Buena compra.,4,2025-05-31 22:00:00 UTC,wizard,ok,Juan S.,odhneraxel@gmail.com,15290956054852,roterande-grillkorg-i-rostfritt-stal-perfekt-for-gronsaker-kott-tillbehor,,,,,,review-6c6212e1-09f7-4777-a620-0486411fb16f
Muy satisfecho,"La he usado con verduras y con pollo, con buenos resultados.",5,2025-04-07 22:00:00 UTC,wizard,ok,Andrés M.,odhneraxel@gmail.com,15290956054852,roterande-grillkorg-i-rostfritt-stal-perfekt-for-gronsaker-kott-tillbehor,,,,,,review-c87047de-8d02-4d4a-94a4-c07bbfabf295
Práctica y sencilla,"Fácil de abrir, llenar y poner directo en el asador. Sencilla y práctica.",5,2026-03-18 23:00:00 UTC,wizard,ok,Daniel D.,odhneraxel@gmail.com,15290956054852,roterande-grillkorg-i-rostfritt-stal-perfekt-for-gronsaker-kott-tillbehor,,,,,,review-ae519680-5751-447f-b649-ffeab83b0764
Funciona como debe,Muy satisfecho con lo parejo que se asó todo. Recomendado.,5,2025-09-17 22:00:00 UTC,wizard,ok,Federico H.,odhneraxel@gmail.com,15290956054852,roterande-grillkorg-i-rostfritt-stal-perfekt-for-gronsaker-kott-tillbehor,,,,,,review-33455294-5101-4baa-a60c-3c587fbc104f
Solución inteligente,Muy práctica cuando asas varias guarniciones a la vez. Justo lo que necesitábamos.,5,2025-06-22 22:00:00 UTC,wizard,ok,Emma A.,odhneraxel@gmail.com,15290956054852,roterande-grillkorg-i-rostfritt-stal-perfekt-for-gronsaker-kott-tillbehor,,,,,,review-ca383190-3ef5-4a33-a341-2d14c2ccbb40
Buena calidad,Se siente firme y hace más fácil tener la comida en orden. Buena compra.,4,2025-09-05 22:00:00 UTC,wizard,ok,Linda R.,odhneraxel@gmail.com,15290956054852,roterande-grillkorg-i-rostfritt-stal-perfekt-for-gronsaker-kott-tillbehor,,,,,,review-5d31c245-77a5-4a09-add8-7b1e0519ed2d
Ya no se me cae la comida,La comida se coció parejo y la canasta fue fácil de usar. Sencilla y práctica.,5,2025-04-25 22:00:00 UTC,wizard,ok,Elena C.,odhneraxel@gmail.com,15290956054852,roterande-grillkorg-i-rostfritt-stal-perfekt-for-gronsaker-kott-tillbehor,,,,,,review-013c7b8c-cc0a-436c-86fa-5906c892cf6b
Buen accesorio para el asador,"Muy práctica para pimiento, cebolla y trozos pequeños de carne. Buena compra.",4,2025-11-18 23:00:00 UTC,wizard,ok,Patricio P.,odhneraxel@gmail.com,15290956054852,roterande-grillkorg-i-rostfritt-stal-perfekt-for-gronsaker-kott-tillbehor,,,,,,review-0af189cf-2f95-423a-8930-d61509102e19
Las verduras quedaron perfectas,Buen tamaño para dos a cuatro personas y fácil de manejar. Justo lo que necesitábamos.,5,2025-07-16 22:00:00 UTC,wizard,ok,Manuel V.,odhneraxel@gmail.com,15290956054852,roterande-grillkorg-i-rostfritt-stal-perfekt-for-gronsaker-kott-tillbehor,,,,,,review-4e54d07b-7231-466f-8526-2bb6c9f1e605
Fácil de usar,El resultado quedó mejor que con una charola normal de asador. Recomendada.,5,2025-12-20 23:00:00 UTC,wizard,ok,Sofía G.,odhneraxel@gmail.com,15290956054852,roterande-grillkorg-i-rostfritt-stal-perfekt-for-gronsaker-kott-tillbehor,,,,,,review-e1be76a7-6d88-4092-b211-f4a02167e442
Muy práctica en el asador,Las verduras se asaron parejo y nada se cayó entre la parrilla.,5,2025-12-15 23:00:00 UTC,wizard,ok,Karina L.,odhneraxel@gmail.com,15290956054852,roterande-grillkorg-i-rostfritt-stal-perfekt-for-gronsaker-kott-tillbehor,,,,,,review-b59a26c9-c402-43b2-8dbf-b212b7736ddf
Perfecta para las asadas del verano,Ya es un accesorio infaltable en las asadas en casa. Buena compra.,4,2025-09-25 22:00:00 UTC,wizard,ok,Josefina N.,odhneraxel@gmail.com,15290956054852,roterande-grillkorg-i-rostfritt-stal-perfekt-for-gronsaker-kott-tillbehor,,,,,,review-00cf7471-2cb4-48f9-991a-24bee4397779
Todo se asa parejito,Ideal para quien le gustan las verduras asadas sin complicaciones.,5,2025-09-08 22:00:00 UTC,wizard,ok,Nicolás K.,odhneraxel@gmail.com,15290956054852,roterande-grillkorg-i-rostfritt-stal-perfekt-for-gronsaker-kott-tillbehor,,,,,,review-a1394731-44ec-4196-81a7-03ecf48ab48d
Canasta estable,La canasta gira bien y la comida queda dorada por todos lados. Sencilla y práctica.,5,2025-08-24 22:00:00 UTC,wizard,ok,Hernán B.,odhneraxel@gmail.com,15290956054852,roterande-grillkorg-i-rostfritt-stal-perfekt-for-gronsaker-kott-tillbehor,,,,,,review-7b91f0cb-29c4-4bd6-9a79-ea9581aab128
Solución inteligente,Muy práctica cuando asas varias guarniciones a la vez. Justo lo que necesitábamos.,5,2025-08-05 22:00:00 UTC,wizard,ok,Carolina R.,odhneraxel@gmail.com,15290956054852,roterande-grillkorg-i-rostfritt-stal-perfekt-for-gronsaker-kott-tillbehor,,,,,,review-4d473405-d34f-4cb0-9293-ee95b4b5ef92
Funciona como debe,Muy satisfecho con lo parejo que se asó todo. Recomendado.,5,2025-05-03 22:00:00 UTC,wizard,ok,Martín D.,odhneraxel@gmail.com,15290956054852,roterande-grillkorg-i-rostfritt-stal-perfekt-for-gronsaker-kott-tillbehor,,,,,,review-7047c864-4c15-4130-a865-539cb1cf6258
Muy satisfecho,"La he usado con verduras y con pollo, con buenos resultados.",5,2026-05-01 22:00:00 UTC,wizard,ok,Tobías H.,odhneraxel@gmail.com,15290956054852,roterande-grillkorg-i-rostfritt-stal-perfekt-for-gronsaker-kott-tillbehor,,,,,,review-644f7751-5719-40b9-8bac-1cbbb16fdc7a
Buena calidad,Se siente estable y hace más fácil tener la comida bajo control. Buena compra.,4,2025-06-10 22:00:00 UTC,wizard,ok,Frida L.,odhneraxel@gmail.com,15290956054852,roterande-grillkorg-i-rostfritt-stal-perfekt-for-gronsaker-kott-tillbehor,,,,,,review-0f934a95-515a-4fb1-ace6-2f9ec50bc92e
Práctica y sencilla,"Fácil de abrir, llenar y poner directo en el asador. Sencilla y práctica.",5,2026-03-15 23:00:00 UTC,wizard,ok,Alejandro V.,odhneraxel@gmail.com,15290956054852,roterande-grillkorg-i-rostfritt-stal-perfekt-for-gronsaker-kott-tillbehor,,,,,,review-8b9921cb-7ec6-4737-897d-c0ffeb8b16e0
Ya no se me cae la comida,La comida se coció parejo y la canasta fue fácil de usar. Sencilla y práctica.,5,2025-10-28 23:00:00 UTC,wizard,ok,Maria T.,odhneraxel@gmail.com,15290956054852,roterande-grillkorg-i-rostfritt-stal-perfekt-for-gronsaker-kott-tillbehor,,,,,,review-fc125ab3-4f05-480e-9915-58f35abb038b
Muy práctica en el asador,Las verduras se asaron parejo y nada se cayó entre la parrilla.,5,2025-11-17 23:00:00 UTC,wizard,ok,Ana G.,odhneraxel@gmail.com,15290956054852,roterande-grillkorg-i-rostfritt-stal-perfekt-for-gronsaker-kott-tillbehor,,,,,,review-812d3ff9-29be-4e78-a6a4-65334e652f8c
Las verduras quedaron perfectas,Buen tamaño para dos a cuatro personas y fácil de manejar. Justo lo que necesitábamos.,5,2025-05-13 22:00:00 UTC,wizard,ok,Erick P.,odhneraxel@gmail.com,15290956054852,roterande-grillkorg-i-rostfritt-stal-perfekt-for-gronsaker-kott-tillbehor,,,,,,review-c19f5492-d326-4e6d-817a-f591ed0bbd2b
Fácil de usar,El resultado quedó mejor que con una charola normal de asar. Recomendada.,5,2026-05-16 22:00:00 UTC,wizard,ok,Sara C.,odhneraxel@gmail.com,15290956054852,roterande-grillkorg-i-rostfritt-stal-perfekt-for-gronsaker-kott-tillbehor,,,,,,review-0b2551a9-d06a-41a9-9d66-5239ffa1e3f7
Buen accesorio para el asador,"Muy práctica para pimiento, cebolla y trozos pequeños de carne. Buena compra.",4,2026-03-28 23:00:00 UTC,wizard,ok,Juan K.,odhneraxel@gmail.com,15290956054852,roterande-grillkorg-i-rostfritt-stal-perfekt-for-gronsaker-kott-tillbehor,,,,,,review-557e2ee3-155e-4a01-9504-17a72c71f881
Buena para trozos pequeños,Un accesorio sencillo que de verdad hace una gran diferencia. Recomendado.,5,2025-07-17 22:00:00 UTC,wizard,ok,Federico B.,odhneraxel@gmail.com,15290956054852,roterande-grillkorg-i-rostfritt-stal-perfekt-for-gronsaker-kott-tillbehor,,,,,,review-b066390e-3934-4850-943e-4a27e68a87b5
Canasta firme,La canasta gira bien y la comida queda doradita por todos lados. Sencilla y práctica.,5,2025-05-14 22:00:00 UTC,wizard,ok,Daniel S.,odhneraxel@gmail.com,15290956054852,roterande-grillkorg-i-rostfritt-stal-perfekt-for-gronsaker-kott-tillbehor,,,,,,review-f2d4ec3a-091b-4aca-9922-283774ea8aee
Fácil de llenar,"Va muy bien con calabacitas, champiñones, pimiento y trozos de papa.",5,2025-08-15 22:00:00 UTC,wizard,ok,Carina L.,odhneraxel@gmail.com,15290956054852,roterande-grillkorg-i-rostfritt-stal-perfekt-for-gronsaker-kott-tillbehor,,,,,,review-d4c3b2c0-40de-40b1-ba82-fd02ebf931fe
Hace el asado más fácil,Funcionó muy bien en nuestro asador y fue fácil de limpiar después. Justo lo que necesitábamos.,5,2025-08-06 22:00:00 UTC,wizard,ok,Mauricio V.,odhneraxel@gmail.com,15290956054852,roterande-grillkorg-i-rostfritt-stal-perfekt-for-gronsaker-kott-tillbehor,,,,,,review-4ff7a616-a22e-44d5-8782-d0307593c871
Una nueva favorita,Diseño práctico y la comida se queda en su lugar. Sencilla y práctica.,5,2025-08-03 22:00:00 UTC,wizard,ok,Elena C.,odhneraxel@gmail.com,15290956054852,roterande-grillkorg-i-rostfritt-stal-perfekt-for-gronsaker-kott-tillbehor,,,,,,review-ef351107-8a81-47bb-be73-08501bfbfeb6
Buen resultado cada vez,Perfecta cuando quieres asar trozos pequeños sin usar papel aluminio. Recomendada.,5,2026-04-07 22:00:00 UTC,wizard,ok,Sofía G.,odhneraxel@gmail.com,15290956054852,roterande-grillkorg-i-rostfritt-stal-perfekt-for-gronsaker-kott-tillbehor,,,,,,review-4cab89e3-4ea1-4e13-9bcc-6c92690588ff
Queda muy bien en el asador,Ya no ando persiguiendo trocitos de verdura por la parrilla. Buena compra.,4,2025-12-31 23:00:00 UTC,wizard,ok,Patricio P.,odhneraxel@gmail.com,15290956054852,roterande-grillkorg-i-rostfritt-stal-perfekt-for-gronsaker-kott-tillbehor,,,,,,review-b72adff1-19c6-4db4-9feb-82a7ccfb1700
Muy satisfecho,"La he usado con verduras y con pollo, con buenos resultados.",5,2025-12-07 23:00:00 UTC,wizard,ok,Nicolás K.,odhneraxel@gmail.com,15290956054852,roterande-grillkorg-i-rostfritt-stal-perfekt-for-gronsaker-kott-tillbehor,,,,,,review-0d21b347-a880-45e7-8eca-f9d0df08ad34
Práctica y sencilla,"Fácil de abrir, llenar y poner directo en el asador. Sencilla y práctica.",5,2025-12-14 23:00:00 UTC,wizard,ok,Enrique B.,odhneraxel@gmail.com,15290956054852,roterande-grillkorg-i-rostfritt-stal-perfekt-for-gronsaker-kott-tillbehor,,,,,,review-6a306dd0-6a44-435b-90cd-2134e0d5dfd6
Solución inteligente,Solución muy práctica cuando asas varias guarniciones a la vez. Justo lo que necesitábamos.,5,2026-02-25 23:00:00 UTC,wizard,ok,Camila T.,odhneraxel@gmail.com,15290956054852,roterande-grillkorg-i-rostfritt-stal-perfekt-for-gronsaker-kott-tillbehor,,,,,,review-ad3e1509-14e9-4611-b9aa-2e09018d00f5
Buena calidad,Se siente firme y hace más fácil tener la comida bajo control. Buena compra.,4,2026-03-30 22:00:00 UTC,wizard,ok,Josefina N.,odhneraxel@gmail.com,15290956054852,roterande-grillkorg-i-rostfritt-stal-perfekt-for-gronsaker-kott-tillbehor,,,,,,review-3fc30f57-f390-4374-92af-2bb20972d3c7
Funciona como debe,Muy satisfecho con lo parejo que se asó todo. Recomendado.,5,2025-07-08 22:00:00 UTC,wizard,ok,Miguel F.,odhneraxel@gmail.com,15290956054852,roterande-grillkorg-i-rostfritt-stal-perfekt-for-gronsaker-kott-tillbehor,,,,,,review-68b93acd-1d99-47ea-862b-087f8774ad5e
Las verduras quedaron perfectas,Buen tamaño para dos a cuatro personas y fácil de manejar. Justo lo que necesitábamos.,5,2025-08-07 22:00:00 UTC,wizard,ok,Roberto S.,odhneraxel@gmail.com,15290956054852,roterande-grillkorg-i-rostfritt-stal-perfekt-for-gronsaker-kott-tillbehor,,,,,,review-45839ad5-3fbd-40da-b86f-566323ac4f7a
Muy práctica en el asador,Las verduras se asaron parejo y nada se cayó entre la parrilla.,5,2026-05-14 22:00:00 UTC,wizard,ok,Melina J.,odhneraxel@gmail.com,15290956054852,roterande-grillkorg-i-rostfritt-stal-perfekt-for-gronsaker-kott-tillbehor,,,,,,review-2ed4d0a7-5152-4a96-b2d0-fc9a53df9b99
Buen accesorio para el asador,"Muy práctica para pimiento, cebolla y trozos pequeños de carne. Buena compra.",4,2026-05-03 22:00:00 UTC,wizard,ok,Óscar M.,odhneraxel@gmail.com,15290956054852,roterande-grillkorg-i-rostfritt-stal-perfekt-for-gronsaker-kott-tillbehor,,,,,,review-d810fc3b-6f2f-49cf-8ff9-8e0b79dcbc97
Fácil de usar,El resultado quedó mejor que con una charola normal de asador. Recomendada.,5,2025-07-12 22:00:00 UTC,wizard,ok,Jenny E.,odhneraxel@gmail.com,15290956054852,roterande-grillkorg-i-rostfritt-stal-perfekt-for-gronsaker-kott-tillbehor,,,,,,review-7cb79db6-fe25-4efc-be52-212062d4cdd9
Ya no se me cae la comida,La comida se coció parejo y la canasta fue fácil de usar. Sencilla y práctica.,5,2026-03-25 23:00:00 UTC,wizard,ok,Elena A.,odhneraxel@gmail.com,15290956054852,roterande-grillkorg-i-rostfritt-stal-perfekt-for-gronsaker-kott-tillbehor,,,,,,review-8912e892-b943-4f2b-b2f5-200ff96a9b85
Perfecta para las asadas del verano,Ya es un accesorio infaltable en las asadas en casa. Buena compra.,4,2025-06-18 22:00:00 UTC,wizard,ok,Frida L.,odhneraxel@gmail.com,15290956054852,roterande-grillkorg-i-rostfritt-stal-perfekt-for-gronsaker-kott-tillbehor,,,,,,review-c333758c-767c-4576-a0ba-d1d3d103e3b6
Buena para trozos pequeños,Un accesorio sencillo que de verdad hace una gran diferencia. Recomendado.,5,2025-12-17 23:00:00 UTC,wizard,ok,Martín D.,odhneraxel@gmail.com,15290956054852,roterande-grillkorg-i-rostfritt-stal-perfekt-for-gronsaker-kott-tillbehor,,,,,,review-913375ea-5b15-409e-928e-7c86a1e58e97
Sorprendentemente práctica,Fácil de llenar y de voltear mientras se asa la comida. Justo lo que necesitábamos.,5,2026-05-25 22:00:00 UTC,wizard,ok,Carolina R.,odhneraxel@gmail.com,15290956054852,roterande-grillkorg-i-rostfritt-stal-perfekt-for-gronsaker-kott-tillbehor,,,,,,review-ec4e2648-1f02-4ae0-8d4c-5adb4628bc11
Asado parejo y rico,Ideal para quien le gustan las verduras asadas sin complicaciones.,5,2025-07-26 22:00:00 UTC,wizard,ok,Tobías H.,odhneraxel@gmail.com,15290956054852,roterande-grillkorg-i-rostfritt-stal-perfekt-for-gronsaker-kott-tillbehor,,,,,,review-142edc39-8f31-43e3-ab49-99439737180e
Canasta firme,La canasta gira bien y la comida queda doradita por todos lados. Sencilla y práctica.,5,2026-05-18 22:00:00 UTC,wizard,ok,Alejandro V.,odhneraxel@gmail.com,15290956054852,roterande-grillkorg-i-rostfritt-stal-perfekt-for-gronsaker-kott-tillbehor,,,,,,review-cbb0fec0-fcac-4a2c-8fcc-9164b3d5d9ed
Hace el asado más fácil,Funcionó muy bien en nuestro asador y fue fácil de limpiar después. Justo lo que necesitábamos.,5,2025-06-24 22:00:00 UTC,wizard,ok,Erick P.,odhneraxel@gmail.com,15290956054852,roterande-grillkorg-i-rostfritt-stal-perfekt-for-gronsaker-kott-tillbehor,,,,,,review-335b7110-f0f0-4e9a-9aaa-3a838b9d3f0b
Buen resultado cada vez,Perfecta cuando quieres asar trozos pequeños sin usar papel aluminio. Recomendada.,5,2025-09-21 22:00:00 UTC,wizard,ok,Sara C.,odhneraxel@gmail.com,15290956054852,roterande-grillkorg-i-rostfritt-stal-perfekt-for-gronsaker-kott-tillbehor,,,,,,review-7ee7408a-56c3-4b25-a35a-7537f46c7fb9
Fácil de llenar,"Va muy bien para calabacita, champiñones, pimiento y trozos de papa.",5,2025-10-15 22:00:00 UTC,wizard,ok,Ana G.,odhneraxel@gmail.com,15290956054852,roterande-grillkorg-i-rostfritt-stal-perfekt-for-gronsaker-kott-tillbehor,,,,,,review-5b730995-1157-46ec-b593-4367a1daeafb
Queda muy bien en el asador,Ya no ando persiguiendo trocitos de verdura por la parrilla. Buena compra.,4,2025-04-07 22:00:00 UTC,wizard,ok,Juan K.,odhneraxel@gmail.com,15290956054852,roterande-grillkorg-i-rostfritt-stal-perfekt-for-gronsaker-kott-tillbehor,,,,,,review-d6bf5f1c-f957-40a1-922f-fc5a3dced578
Una nueva favorita,Diseño práctico y la comida se queda en su lugar. Sencilla y práctica.,5,2025-09-13 22:00:00 UTC,wizard,ok,María T.,odhneraxel@gmail.com,15290956054852,roterande-grillkorg-i-rostfritt-stal-perfekt-for-gronsaker-kott-tillbehor,,,,,,review-1f847843-9f2f-41b2-a4b0-16e0a13d7ebb
Buena calidad,Se siente firme y ayuda a tener la comida en orden. Buena compra.,4,2025-11-30 23:00:00 UTC,wizard,ok,Linda J.,odhneraxel@gmail.com,15290956054852,roterande-grillkorg-i-rostfritt-stal-perfekt-for-gronsaker-kott-tillbehor,,,,,,review-04e0db5d-9b2d-4293-b169-7920ac27d3ef
Práctica y sencilla,"Fácil de abrir, llenar y poner directo en el asador. Sencilla y práctica.",5,2025-04-15 22:00:00 UTC,wizard,ok,Daniel S.,odhneraxel@gmail.com,15290956054852,roterande-grillkorg-i-rostfritt-stal-perfekt-for-gronsaker-kott-tillbehor,,,,,,review-c3577a22-110b-4a37-b374-8f09f5d410ed
Solución inteligente,Solución muy práctica cuando asas varias guarniciones a la vez. Justo lo que necesitábamos.,5,2025-07-20 22:00:00 UTC,wizard,ok,Emma N.,odhneraxel@gmail.com,15290956054852,roterande-grillkorg-i-rostfritt-stal-perfekt-for-gronsaker-kott-tillbehor,,,,,,review-274be26c-5518-4716-9921-9efcf504f021
Funciona como debe,Quedé muy a gusto con lo parejo que se asó todo. Recomendada.,5,2025-07-26 22:00:00 UTC,wizard,ok,Federico B.,odhneraxel@gmail.com,15290956054852,roterande-grillkorg-i-rostfritt-stal-perfekt-for-gronsaker-kott-tillbehor,,,,,,review-1e86f660-191e-43e9-852e-a4da2fb09346
Muy contento,La he usado tanto para verduras como para pollo con buenos resultados.,5,2025-12-25 23:00:00 UTC,wizard,ok,Andrés F.,odhneraxel@gmail.com,15290956054852,roterande-grillkorg-i-rostfritt-stal-perfekt-for-gronsaker-kott-tillbehor,,,,,,review-2de706c5-b2b5-4437-bfb6-bc361675e015
Muy práctica en el asador,Las verduras se asaron parejo y nada se cayó entre la parrilla.,5,2025-09-06 22:00:00 UTC,wizard,ok,Carina E.,odhneraxel@gmail.com,15290956054852,roterande-grillkorg-i-rostfritt-stal-perfekt-for-gronsaker-kott-tillbehor,,,,,,review-c804ccda-baf3-45e5-ac82-1b43d5cc5740
Fácil de usar,El resultado quedó mejor que con una charola normal de asar. Recomendada.,5,2025-09-18 22:00:00 UTC,wizard,ok,Sofía A.,odhneraxel@gmail.com,15290956054852,roterande-grillkorg-i-rostfritt-stal-perfekt-for-gronsaker-kott-tillbehor,,,,,,review-dadcfbea-295c-41ce-ad0c-28cf9f3c3018
Ya no se me cae la comida,La comida se coció parejo y la canasta fue fácil de usar. Sencilla y práctica.,5,2025-12-21 23:00:00 UTC,wizard,ok,Elena R.,odhneraxel@gmail.com,15290956054852,roterande-grillkorg-i-rostfritt-stal-perfekt-for-gronsaker-kott-tillbehor,,,,,,review-f249405f-5aaa-4aaa-a259-95275e143385
Las verduras quedaron perfectas,Buen tamaño para dos a cuatro personas y fácil de manejar. Justo lo que necesitábamos.,5,2025-08-03 22:00:00 UTC,wizard,ok,Manuel M.,odhneraxel@gmail.com,15290956054852,roterande-grillkorg-i-rostfritt-stal-perfekt-for-gronsaker-kott-tillbehor,,,,,,review-30ed4ebb-36f2-4706-97d1-28414db9abe4
Buen accesorio para el asador,"Muy práctica para morrón, cebolla y trozos pequeños de carne. Buena compra.",4,2025-05-12 22:00:00 UTC,wizard,ok,Patricio H.,odhneraxel@gmail.com,15290956054852,roterande-grillkorg-i-rostfritt-stal-perfekt-for-gronsaker-kott-tillbehor,,,,,,review-6b0b18e1-a2b7-458a-bd10-aa22aa274eb7
Sorprendentemente práctica,Fácil de llenar y fácil de voltear mientras se asa la comida. Justo lo que necesitábamos.,5,2026-05-16 22:00:00 UTC,wizard,ok,Camila L.,odhneraxel@gmail.com,15290956054852,roterande-grillkorg-i-rostfritt-stal-perfekt-for-gronsaker-kott-tillbehor,,,,,,review-1c755c25-484e-4206-a707-14ea10ba52a6
Buena para trozos pequeños,Un accesorio sencillo que de verdad hace una gran diferencia. Recomendado.,5,2025-11-10 23:00:00 UTC,wizard,ok,Miguel V.,odhneraxel@gmail.com,15290956054852,roterande-grillkorg-i-rostfritt-stal-perfekt-for-gronsaker-kott-tillbehor,,,,,,review-e4950e6e-0acd-4b90-8169-53d8b4385321
Perfecta para las carnes asadas,Se ha vuelto un accesorio obligado en las asadas de la casa. Buena compra.,4,2025-12-17 23:00:00 UTC,wizard,ok,Josefina G.,odhneraxel@gmail.com,15290956054852,roterande-grillkorg-i-rostfritt-stal-perfekt-for-gronsaker-kott-tillbehor,,,,,,review-53f19fbf-eb81-4760-8d5b-820b3efe66a2
Asado parejo y rico,Ideal para quien le gustan las verduras asadas sin complicaciones.,5,2025-11-02 23:00:00 UTC,wizard,ok,Nicolás D.,odhneraxel@gmail.com,15290956054852,roterande-grillkorg-i-rostfritt-stal-perfekt-for-gronsaker-kott-tillbehor,,,,,,review-998cd6a9-0d36-4c7d-90d3-ee16458934e6
Canasta firme,La canasta gira bien y la comida queda doradita por todos lados. Sencilla y práctica.,5,2025-04-05 22:00:00 UTC,wizard,ok,Enrique P.,odhneraxel@gmail.com,15290956054852,roterande-grillkorg-i-rostfritt-stal-perfekt-for-gronsaker-kott-tillbehor,,,,,,review-35127d5e-612a-461f-9e1f-91cf702cc860
Buen resultado cada vez,Perfecta para asar trozos pequeños sin usar papel aluminio. Recomendada.,5,2025-04-06 22:00:00 UTC,wizard,ok,Jenny T.,odhneraxel@gmail.com,15290956054852,roterande-grillkorg-i-rostfritt-stal-perfekt-for-gronsaker-kott-tillbehor,,,,,,review-ada44ff3-6193-4363-9cf9-24920bf74eca
Hace el asado más fácil,Funcionó muy bien en nuestro asador y fue fácil de limpiar después. Justo lo que necesitábamos.,5,2026-01-09 23:00:00 UTC,wizard,ok,Roberto K.,odhneraxel@gmail.com,15290956054852,roterande-grillkorg-i-rostfritt-stal-perfekt-for-gronsaker-kott-tillbehor,,,,,,review-661f8cd4-6e81-4052-87d5-f174678ab1d2
Una nueva favorita,Diseño práctico y la comida se queda en su lugar. Sencilla y práctica.,5,2025-12-21 23:00:00 UTC,wizard,ok,Helena N.,odhneraxel@gmail.com,15290956054852,roterande-grillkorg-i-rostfritt-stal-perfekt-for-gronsaker-kott-tillbehor,,,,,,review-3d4987c5-1394-4702-a1d8-561302f965c5
Queda muy bien en el asador,Ya no ando persiguiendo trocitos de verdura por la parrilla. Buena compra.,4,2026-04-11 22:00:00 UTC,wizard,ok,Óscar F.,odhneraxel@gmail.com,15290956054852,roterande-grillkorg-i-rostfritt-stal-perfekt-for-gronsaker-kott-tillbehor,,,,,,review-c0daecae-0d4e-446b-95d5-e5b2578d987e
Fácil de llenar,"Va muy bien para calabacitas, champiñones, morrón y trozos de papa.",5,2025-05-16 22:00:00 UTC,wizard,ok,Mariana C.,odhneraxel@gmail.com,15290956054852,roterande-grillkorg-i-rostfritt-stal-perfekt-for-gronsaker-kott-tillbehor,,,,,,review-9779ebcc-7490-4344-9647-db0090397969
Solución ingeniosa,Muy práctica cuando asas varias guarniciones al mismo tiempo. Justo lo que necesitábamos.,5,2025-10-03 22:00:00 UTC,wizard,ok,Carolina J.,odhneraxel@gmail.com,15290956054852,roterande-grillkorg-i-rostfritt-stal-perfekt-for-gronsaker-kott-tillbehor,,,,,,review-eeaad69b-a449-4982-8108-6cb3f8c759ec
Buena calidad,Se siente estable y hace más fácil tener la comida bajo control. Buena compra.,4,2026-05-04 22:00:00 UTC,wizard,ok,Frida E.,odhneraxel@gmail.com,15290956054852,roterande-grillkorg-i-rostfritt-stal-perfekt-for-gronsaker-kott-tillbehor,,,,,,review-27a57843-d4ed-4da1-b272-a3ddeca23b4b
Muy satisfecho,La he usado tanto para verduras como para pollo con buenos resultados.,5,2025-04-09 22:00:00 UTC,wizard,ok,Tobías B.,odhneraxel@gmail.com,15290956054852,roterande-grillkorg-i-rostfritt-stal-perfekt-for-gronsaker-kott-tillbehor,,,,,,review-00d93e3c-1bd3-44a7-a4d7-cd41850ef6e7
Práctica y sencilla,"Fácil de abrir, llenar y poner directo en el asador. Sencilla y práctica.",5,2025-04-25 22:00:00 UTC,wizard,ok,Alejandro M.,odhneraxel@gmail.com,15290956054852,roterande-grillkorg-i-rostfritt-stal-perfekt-for-gronsaker-kott-tillbehor,,,,,,review-a7258a3e-7b0f-46fd-a28e-6dc5061849b9
Funciona como debe,Muy satisfecho con lo parejo que se asó todo. Recomendado.,5,2025-12-26 23:00:00 UTC,wizard,ok,Martín S.,odhneraxel@gmail.com,15290956054852,roterande-grillkorg-i-rostfritt-stal-perfekt-for-gronsaker-kott-tillbehor,,,,,,review-a16b89c5-b918-41e7-a884-e199dcb87d59
Muy práctica en el asador,Las verduras se asaron parejo y nada se cayó entre la parrilla.,5,2025-10-23 22:00:00 UTC,wizard,ok,Ana A.,odhneraxel@gmail.com,15290956054852,roterande-grillkorg-i-rostfritt-stal-perfekt-for-gronsaker-kott-tillbehor,,,,,,review-8f00c312-c565-4f04-829d-274e94e8cc40
Buen accesorio para el asador,"Muy práctica para pimiento, cebolla y trozos pequeños de carne. Buena compra.",4,2025-06-04 22:00:00 UTC,wizard,ok,Juan D.,odhneraxel@gmail.com,15290956054852,roterande-grillkorg-i-rostfritt-stal-perfekt-for-gronsaker-kott-tillbehor,,,,,,review-3817a37f-899b-48f6-bc6b-d3da406733e3
Las verduras quedaron perfectas,Buen tamaño para dos a cuatro personas y fácil de manejar. Justo lo que necesitábamos.,5,2026-03-07 23:00:00 UTC,wizard,ok,Enrique H.,odhneraxel@gmail.com,15290956054852,roterande-grillkorg-i-rostfritt-stal-perfekt-for-gronsaker-kott-tillbehor,,,,,,review-80bc1b3f-1e12-4ecf-9dbd-4529a3490941
Ya no se me cae la comida,La comida se coció parejo y la canasta fue fácil de usar. Sencilla y práctica.,5,2025-09-27 22:00:00 UTC,wizard,ok,Maria L.,odhneraxel@gmail.com,15290956054852,roterande-grillkorg-i-rostfritt-stal-perfekt-for-gronsaker-kott-tillbehor,,,,,,review-0c1233f1-b6f6-4101-a33c-6c725855c4fa
Fácil de usar,El resultado quedó mejor que con una charola normal para asar. Recomendado.,5,2025-08-12 22:00:00 UTC,wizard,ok,Sara R.,odhneraxel@gmail.com,15290956054852,roterande-grillkorg-i-rostfritt-stal-perfekt-for-gronsaker-kott-tillbehor,,,,,,review-5d44ab19-fb12-4891-b7f0-278e252d6633
Perfecta para las asadas del verano,Ya es un accesorio infaltable en las asadas en casa. Buena compra.,4,2025-04-22 22:00:00 UTC,wizard,ok,Linda C.,odhneraxel@gmail.com,15290956054852,roterande-grillkorg-i-rostfritt-stal-perfekt-for-gronsaker-kott-tillbehor,,,,,,review-7ef2c570-6163-457d-9e4a-69e085bb0505
Sorprendentemente práctica,Fácil de llenar y fácil de voltear mientras se asa la comida. Justo lo que necesitábamos.,5,2025-08-08 22:00:00 UTC,wizard,ok,Emma G.,odhneraxel@gmail.com,15290956054852,roterande-grillkorg-i-rostfritt-stal-perfekt-for-gronsaker-kott-tillbehor,,,,,,review-cc65a671-eedd-4932-a6d2-fbd86c07fce0
Asado parejo y rico,Buena para quien le gustan las verduras asadas sin complicaciones.,5,2025-12-30 23:00:00 UTC,wizard,ok,Andrés V.,odhneraxel@gmail.com,15290956054852,roterande-grillkorg-i-rostfritt-stal-perfekt-for-gronsaker-kott-tillbehor,,,,,,review-dda1ef46-94f5-4d59-9e3a-c8ed4add75ff
Buena para trozos pequeños,Un accesorio sencillo que de verdad hace una gran diferencia. Recomendado.,5,2025-04-30 22:00:00 UTC,wizard,ok,Federico P.,odhneraxel@gmail.com,15290956054852,roterande-grillkorg-i-rostfritt-stal-perfekt-for-gronsaker-kott-tillbehor,,,,,,review-386b17e1-f047-4c02-81b7-000e0d2e5e31
Canasta firme,La canasta gira bien y la comida queda doradita por todos lados. Sencilla y práctica.,5,2025-06-10 22:00:00 UTC,wizard,ok,Daniel K.,odhneraxel@gmail.com,15290956054852,roterande-grillkorg-i-rostfritt-stal-perfekt-for-gronsaker-kott-tillbehor,,,,,,review-03f16c26-3f0f-46f6-b827-353d8121a044
Hace el asado más fácil,Funcionó muy bien en nuestro asador y fue fácil de limpiar después. Justo lo que necesitábamos.,5,2026-05-19 22:00:00 UTC,wizard,ok,Mauricio F.,odhneraxel@gmail.com,15290956054852,roterande-grillkorg-i-rostfritt-stal-perfekt-for-gronsaker-kott-tillbehor,,,,,,review-23e16599-b2d4-4969-af6d-6f64805015d6
Buen resultado cada vez,Perfecta cuando quieres asar trozos pequeños sin usar papel aluminio. Recomendada.,5,2025-07-22 22:00:00 UTC,wizard,ok,Sofía N.,odhneraxel@gmail.com,15290956054852,roterande-grillkorg-i-rostfritt-stal-perfekt-for-gronsaker-kott-tillbehor,,,,,,review-96bf5986-cb27-434e-984a-4128157b5d3b
Queda muy bien en el asador,Ya no ando persiguiendo trocitos de verdura por la parrilla. Buena compra.,4,2025-07-05 22:00:00 UTC,wizard,ok,Patricio B.,odhneraxel@gmail.com,15290956054852,roterande-grillkorg-i-rostfritt-stal-perfekt-for-gronsaker-kott-tillbehor,,,,,,review-06cc8285-f612-4db3-8536-54acbf71962d
Nueva favorita,Diseño práctico y la comida se queda en su lugar. Sencilla y práctica.,5,2025-07-07 22:00:00 UTC,wizard,ok,Elena J.,odhneraxel@gmail.com,15290956054852,roterande-grillkorg-i-rostfritt-stal-perfekt-for-gronsaker-kott-tillbehor,,,,,,review-a4aa9fb9-21b5-4ca3-b843-e40bf30d89c2
Fácil de llenar,"Va muy bien para calabacitas, champiñones, morrón y trozos de papa.",5,2026-01-13 23:00:00 UTC,wizard,ok,Karina T.,odhneraxel@gmail.com,15290956054852,roterande-grillkorg-i-rostfritt-stal-perfekt-for-gronsaker-kott-tillbehor,,,,,,review-764aea89-e051-480a-8cc5-c9dfb6b9c144
Funciona como debe,Muy contento con lo parejo que quedó todo. Recomendada.,5,2026-01-19 23:00:00 UTC,wizard,ok,Miguel M.,odhneraxel@gmail.com,15290956054852,roterande-grillkorg-i-rostfritt-stal-perfekt-for-gronsaker-kott-tillbehor,,,,,,review-a64a01df-1a32-47ed-982c-c18e56d40f79
Buena calidad,Se siente estable y hace más fácil tener la comida bajo control. Buena compra.,4,2025-12-03 23:00:00 UTC,wizard,ok,Josefina A.,odhneraxel@gmail.com,15290956054852,roterande-grillkorg-i-rostfritt-stal-perfekt-for-gronsaker-kott-tillbehor,,,,,,review-a6b565f2-a5a2-473e-9c43-86b594833953
Solución inteligente,Solución muy práctica cuando asas varias guarniciones a la vez. Justo lo que necesitábamos.,5,2026-05-16 22:00:00 UTC,wizard,ok,Camila E.,odhneraxel@gmail.com,15290956054852,roterande-grillkorg-i-rostfritt-stal-perfekt-for-gronsaker-kott-tillbehor,,,,,,review-ff5964ba-6b77-4ed8-922b-b835534fb95b
Muy satisfecho,"La he usado tanto para verduras como para pollo, con buen resultado.",5,2025-09-10 22:00:00 UTC,wizard,ok,Nicolás S.,odhneraxel@gmail.com,15290956054852,roterande-grillkorg-i-rostfritt-stal-perfekt-for-gronsaker-kott-tillbehor,,,,,,review-1c2915fb-85c4-447f-a00d-42789d500bb6
Práctica y sencilla,"Fácil de abrir, llenar y poner directo en el asador. Sencilla y práctica.",5,2026-02-14 23:00:00 UTC,wizard,ok,Enrique H.,odhneraxel@gmail.com,15290956054852,roterande-grillkorg-i-rostfritt-stal-perfekt-for-gronsaker-kott-tillbehor,,,,,,review-150b2384-356e-4070-ad84-a50be205f8be
Buen accesorio para el asador,"Muy práctica para pimiento, cebolla y trozos pequeños de carne. Buena compra.",4,2026-04-07 22:00:00 UTC,wizard,ok,Óscar V.,odhneraxel@gmail.com,15290956054852,roterande-grillkorg-i-rostfritt-stal-perfekt-for-gronsaker-kott-tillbehor,,,,,,review-c3963ee1-c562-4eb0-bf47-e66dcfab339f
Muy práctica en el asador,Las verduras se asaron parejo y nada se cayó entre la parrilla.,5,2026-03-22 23:00:00 UTC,wizard,ok,Melina R.,odhneraxel@gmail.com,15290956054852,roterande-grillkorg-i-rostfritt-stal-perfekt-for-gronsaker-kott-tillbehor,,,,,,review-7d82a411-0a17-42da-ab9e-daf9506779d7
Ya no se me cae la comida,La comida se coció parejo y la canasta fue fácil de usar. Sencilla y práctica.,5,2025-10-02 22:00:00 UTC,wizard,ok,Helena G.,odhneraxel@gmail.com,15290956054852,roterande-grillkorg-i-rostfritt-stal-perfekt-for-gronsaker-kott-tillbehor,,,,,,review-907643a9-f6bf-4320-ae71-497396ce621b
Fácil de usar,El resultado quedó mejor que con una charola normal de asador. Recomendada.,5,2025-06-26 22:00:00 UTC,wizard,ok,Jenny L.,odhneraxel@gmail.com,15290956054852,roterande-grillkorg-i-rostfritt-stal-perfekt-for-gronsaker-kott-tillbehor,,,,,,review-7eff52f1-8ab8-40b7-b41e-5bf6983ecd40
Las verduras quedaron perfectas,Buen tamaño para dos a cuatro personas y fácil de manejar. Justo lo que necesitábamos.,5,2025-09-18 22:00:00 UTC,wizard,ok,Roberto D.,odhneraxel@gmail.com,15290956054852,roterande-grillkorg-i-rostfritt-stal-perfekt-for-gronsaker-kott-tillbehor,,,,,,review-38479a09-2b39-457b-8df3-5b5c677ed61e
Perfecta para las asadas del verano,Ya es un accesorio infaltable en las asadas en casa. Buena compra.,4,2026-03-15 23:00:00 UTC,wizard,ok,Frida T.,odhneraxel@gmail.com,15290956054852,roterande-grillkorg-i-rostfritt-stal-perfekt-for-gronsaker-kott-tillbehor,,,,,,review-e4710cdc-a31e-46c9-911d-dda3c630d448
Todo se asa parejito,Ideal para quien le gustan las verduras asadas sin complicaciones.,5,2025-11-30 23:00:00 UTC,wizard,ok,Tomás P.,odhneraxel@gmail.com,15290956054852,roterande-grillkorg-i-rostfritt-stal-perfekt-for-gronsaker-kott-tillbehor,,,,,,review-4786eb0a-7f9d-4769-94b6-9f6a12c8fd78
Buena para trozos pequeños,Un accesorio sencillo que de verdad hace gran diferencia. Recomendado.,5,2025-06-18 22:00:00 UTC,wizard,ok,Martín K.,odhneraxel@gmail.com,15290956054852,roterande-grillkorg-i-rostfritt-stal-perfekt-for-gronsaker-kott-tillbehor,,,,,,review-a7c93ac6-9507-4ed5-9d63-e2dae37cfed2
Canasta firme y estable,La canasta gira bien y la comida queda doradita por todos lados. Fácil y práctica.,5,2025-06-01 22:00:00 UTC,wizard,ok,Alejandro F.,odhneraxel@gmail.com,15290956054852,roterande-grillkorg-i-rostfritt-stal-perfekt-for-gronsaker-kott-tillbehor,,,,,,review-13a22217-6b0b-46ee-8478-bb90147f7b5c
Sorprendentemente práctica,Fácil de llenar y de voltear mientras se asa la comida. Justo lo que necesitábamos.,5,2025-11-23 23:00:00 UTC,wizard,ok,Carolina C.,odhneraxel@gmail.com,15290956054852,roterande-grillkorg-i-rostfritt-stal-perfekt-for-gronsaker-kott-tillbehor,,,,,,review-e231c9a6-41d5-4a84-858a-f1a85be6b415
Buen resultado cada vez,Perfecta para asar trozos pequeños sin usar papel aluminio. Recomendada.,5,2026-01-02 23:00:00 UTC,wizard,ok,Sara J.,odhneraxel@gmail.com,15290956054852,roterande-grillkorg-i-rostfritt-stal-perfekt-for-gronsaker-kott-tillbehor,,,,,,review-8ded85d9-f063-4771-b316-d37d3d69f28f
Fácil de llenar,"Queda muy bien para calabacita, champiñones, pimiento y trozos de papa.",5,2026-01-03 23:00:00 UTC,wizard,ok,Ana N.,odhneraxel@gmail.com,15290956054852,roterande-grillkorg-i-rostfritt-stal-perfekt-for-gronsaker-kott-tillbehor,,,,,,review-d6f5247f-bbe8-4a46-95a4-61aaf36705e6
Una nueva favorita,Diseño práctico y la comida se queda en su lugar. Sencilla y práctica.,5,2026-04-30 22:00:00 UTC,wizard,ok,Maria E.,odhneraxel@gmail.com,15290956054852,roterande-grillkorg-i-rostfritt-stal-perfekt-for-gronsaker-kott-tillbehor,,,,,,review-25d1fb79-6604-49df-97bd-97b38f34122d
Queda muy bien en el asador,Ya no ando persiguiendo trocitos de verdura por la parrilla. Buena compra.,4,2025-11-16 23:00:00 UTC,wizard,ok,Juan S.,odhneraxel@gmail.com,15290956054852,roterande-grillkorg-i-rostfritt-stal-perfekt-for-gronsaker-kott-tillbehor,,,,,,review-79f46ebb-7da4-479c-9e2d-5070ed7748e6
Hace más fácil asar,Funcionó muy bien en nuestro asador y fue fácil de limpiar después. Justo lo que necesitábamos.,5,2026-02-14 23:00:00 UTC,wizard,ok,Erick B.,odhneraxel@gmail.com,15290956054852,roterande-grillkorg-i-rostfritt-stal-perfekt-for-gronsaker-kott-tillbehor,,,,,,review-cba1ffca-cd9e-4863-9c3b-5e71dca7475c
,"Se ve bien todavía no uso el cepillo, llegó hoy.",4,2026-05-19 17:38:57 UTC,new-rre-flow,ok,Lorenzo Mendoza,lars.manhem@gmail.com,15537598988612,borst-huvud,,,,79.99.172.240,,review-da5171e5-6b6c-4d62-9aa6-6af0ee68813f
,Está bien,3,2026-05-23 19:12:53 UTC,new-rre-flow,ok,Petr Novak,gunnarstorp87@gmail.com,15537600299332,polerhuvud,,,,2a02:1406:245:962e:1e93:ccc4:5c29:92f3,,review-5e5256b9-927d-4a54-a341-daf064cd05bc
,Ok,4,2026-05-24 09:49:28 UTC,new-rre-flow,ok,Gerardo Andrade,gorand331@gmail.com,15537600299332,polerhuvud,,,,,,review-51338333-ac02-4ddb-958d-bdd07a1de8b3
,Muy  bueno.,5,2026-05-24 23:32:16 UTC,new-rre-flow,ok,Andrés Estrada,zeldazingo@gmail.com,15537598988612,borst-huvud,,,,,,review-9d618283-aafc-4ec4-ab5d-55e74df96602
,¡Magia! El asador quedó como nuevo y en un dos por tres.,5,2026-05-25 08:36:18 UTC,new-rre-flow,ok,marcos luna,markus.sven.lundmark@gmail.com,15536325427524,elektrisk-grillborste,,,,83.209.137.140,,review-4253a376-5ab6-450a-a935-cfa2ba627437
,Al doblar el mango fue más fácil limpiar. La carne no se pegó a la parrilla porque estaba limpia.,4,2026-05-27 14:55:50 UTC,new-rre-flow,ok,Mari,maj_arnas@msn.com,15537598988612,borst-huvud,,,,,,review-983f67c6-4e2a-4af8-a45e-04bc71703af5
,Buenísimo en acero inoxidable,5,2026-05-29 06:32:35 UTC,new-rre-flow,ok,Esteban Linares,staffan.lindell56@gmail.com,15537598988612,borst-huvud,,,,,,review-a70cfd86-1d87-433e-ab2b-e8840bbeb8da
,No tan bueno como pensaba,4,2026-05-29 07:52:05 UTC,new-rre-flow,ok,Raquel Mireles,raili.mikkola@gmail.com,15537600299332,polerhuvud,,,,,,review-d203b8f0-349c-4b85-9daf-9facc6067bf7
Las verduras quedaron perfectas,Buen tamaño para dos a cuatro personas y fácil de manejar. Justo lo que necesitábamos.,5,2025-07-09 22:00:00 UTC,wizard,ok,Erick H.,odhneraxel@gmail.com,15290956054852,roterande-grillkorg-i-rostfritt-stal-perfekt-for-gronsaker-kott-tillbehor,,,https://m.media-amazon.com/images/I/71ZGiogJEpL.jpg,,,review-6b5946c7-1848-4d2d-aa35-a5e93695a056
Fácil de usar,El resultado quedó mejor que con una charola normal para asar. Recomendado.,5,2026-03-25 23:00:00 UTC,wizard,ok,Sara R.,odhneraxel@gmail.com,15290956054852,roterande-grillkorg-i-rostfritt-stal-perfekt-for-gronsaker-kott-tillbehor,,,https://m.media-amazon.com/images/I/81WgePe3waL.jpg,,,review-37efbd19-8c0c-4491-8edf-11bc90f9dfaf
Muy práctica en el asador,Las verduras se asaron parejo y nada se cayó entre la parrilla.,5,2026-03-25 23:00:00 UTC,wizard,ok,Ana A.,odhneraxel@gmail.com,15290956054852,roterande-grillkorg-i-rostfritt-stal-perfekt-for-gronsaker-kott-tillbehor,,,,,,review-aa89a6de-60fd-4acd-96d7-ded9ef763194
Buen accesorio para el asador,"Muy práctica para pimiento, cebolla y trozos pequeños de carne. Buena compra.",4,2025-08-29 22:00:00 UTC,wizard,ok,Juan D.,odhneraxel@gmail.com,15290956054852,roterande-grillkorg-i-rostfritt-stal-perfekt-for-gronsaker-kott-tillbehor,,,https://m.media-amazon.com/images/I/81PWkL6iyGL.jpg,,,review-5dfbb9a3-63ff-429f-84d6-4fa5d23258cb
Ya no se me cae la comida,La comida se coció parejo y la canasta fue fácil de usar. Sencilla y práctica.,5,2026-01-02 23:00:00 UTC,wizard,ok,Maria L.,odhneraxel@gmail.com,15290956054852,roterande-grillkorg-i-rostfritt-stal-perfekt-for-gronsaker-kott-tillbehor,,,https://m.media-amazon.com/images/I/81xf+odA3RL.jpg,,,review-8163c5d3-92e4-45e2-b9c3-108e381efd29
Asado parejo y rico,Ideal para quien le gustan las verduras asadas sin complicaciones.,5,2026-03-24 23:00:00 UTC,wizard,ok,Andrés V.,odhneraxel@gmail.com,15290956054852,roterande-grillkorg-i-rostfritt-stal-perfekt-for-gronsaker-kott-tillbehor,,,https://m.media-amazon.com/images/I/71ijDkHTm+L.jpg,,,review-493fbb84-f353-4a24-b466-d91c0b8824b0
Queda muy bien en el asador,Ya no ando persiguiendo trocitos de verdura por la parrilla. Buena compra.,4,2025-11-05 23:00:00 UTC,wizard,ok,Patricio B.,odhneraxel@gmail.com,15290956054852,roterande-grillkorg-i-rostfritt-stal-perfekt-for-gronsaker-kott-tillbehor,,,,,,review-757eb082-5e5b-438b-850a-2ad5a474524f
Hace el asado más fácil,Funcionó muy bien en nuestro asador y fue fácil de limpiar después. Justo lo que necesitábamos.,5,2025-12-01 23:00:00 UTC,wizard,ok,Mauricio F.,odhneraxel@gmail.com,15290956054852,roterande-grillkorg-i-rostfritt-stal-perfekt-for-gronsaker-kott-tillbehor,,,,,,review-6d7a889a-a16f-406d-b444-32d828866441
Una nueva favorita,Diseño práctico y la comida se queda en su lugar. Sencilla y fácil de usar.,5,2026-01-09 23:00:00 UTC,wizard,ok,Elena J.,odhneraxel@gmail.com,15290956054852,roterande-grillkorg-i-rostfritt-stal-perfekt-for-gronsaker-kott-tillbehor,,,,,,review-81afc267-905a-447d-8b5f-0a39508308f4
Fácil de llenar,"Va muy bien para calabacita, champiñones, pimiento y trozos de papa.",5,2026-02-11 23:00:00 UTC,wizard,ok,Karina T.,odhneraxel@gmail.com,15290956054852,roterande-grillkorg-i-rostfritt-stal-perfekt-for-gronsaker-kott-tillbehor,,,,,,review-f460ade1-ad01-41f4-ab88-4aa465b29a2a
Buen resultado cada vez,Perfecta cuando quieres asar trozos pequeños sin usar papel aluminio. Recomendada.,5,2025-05-01 22:00:00 UTC,wizard,ok,Sofía N.,odhneraxel@gmail.com,15290956054852,roterande-grillkorg-i-rostfritt-stal-perfekt-for-gronsaker-kott-tillbehor,,,,,,review-6bf802ee-69c6-4857-9539-f88edf4b2e33
Solución inteligente,Una solución muy práctica cuando asas varias guarniciones al mismo tiempo. Justo lo que necesitábamos.,5,2025-04-07 22:00:00 UTC,wizard,ok,Camila E.,odhneraxel@gmail.com,15290956054852,roterande-grillkorg-i-rostfritt-stal-perfekt-for-gronsaker-kott-tillbehor,,,,,,review-4c642844-a2bb-4dfc-b2ae-877304d37a5c
Muy satisfecho,"La he usado con verduras y con pollo, con buenos resultados.",5,2025-04-18 22:00:00 UTC,wizard,ok,Nicolás S.,odhneraxel@gmail.com,15290956054852,roterande-grillkorg-i-rostfritt-stal-perfekt-for-gronsaker-kott-tillbehor,,,,,,review-d9fb8e23-5cc6-4713-bc8a-e134ddb193d5
Buena calidad,Se siente estable y hace más fácil tener la comida bajo control. Buena compra.,4,2025-11-29 23:00:00 UTC,wizard,ok,Josefina A.,odhneraxel@gmail.com,15290956054852,roterande-grillkorg-i-rostfritt-stal-perfekt-for-gronsaker-kott-tillbehor,,,,,,review-bd0d573d-3140-4bac-93c8-cbfbbdf5f845
Práctica y sencilla,"Fácil de abrir, llenar y poner directo en el asador. Sencilla y práctica.",5,2026-01-31 23:00:00 UTC,wizard,ok,Hernán H.,odhneraxel@gmail.com,15290956054852,roterande-grillkorg-i-rostfritt-stal-perfekt-for-gronsaker-kott-tillbehor,,,,,,review-beca260b-67dc-4b46-9518-e126bad08802
Funciona como debe,Quedé muy a gusto con lo parejo que se asó todo. Recomendada.,5,2025-07-26 22:00:00 UTC,wizard,ok,Miguel M.,odhneraxel@gmail.com,15290956054852,roterande-grillkorg-i-rostfritt-stal-perfekt-for-gronsaker-kott-tillbehor,,,,,,review-07782d3f-090c-4e44-a625-2656957c786f
Muy práctica en el asador,Las verduras se asaron parejo y nada se cayó entre la parrilla.,5,2026-05-25 22:00:00 UTC,wizard,ok,Mariana R.,odhneraxel@gmail.com,15290956054852,roterande-grillkorg-i-rostfritt-stal-perfekt-for-gronsaker-kott-tillbehor,,,,,,review-1158b002-452d-488c-9fce-549175bae8b6
Fácil de usar,El resultado quedó mejor que con una charola normal para asar. Recomendada.,5,2025-11-18 23:00:00 UTC,wizard,ok,Jenny L.,odhneraxel@gmail.com,15290956054852,roterande-grillkorg-i-rostfritt-stal-perfekt-for-gronsaker-kott-tillbehor,,,,,,review-da0ece27-0f79-4fa7-af74-b43329e04c7b
Ya no se me cae la comida,La comida se coció parejo y la canasta fue fácil de usar. Sencilla y práctica.,5,2025-07-01 22:00:00 UTC,wizard,ok,Helena G.,odhneraxel@gmail.com,15290956054852,roterande-grillkorg-i-rostfritt-stal-perfekt-for-gronsaker-kott-tillbehor,,,,,,review-839bdf97-f0d4-41dd-96b8-a3875b07f311
Buen accesorio para el asador,"Muy práctica para pimiento, cebolla y trozos pequeños de carne. Buena compra.",4,2025-09-08 22:00:00 UTC,wizard,ok,Óscar V.,odhneraxel@gmail.com,15290956054852,roterande-grillkorg-i-rostfritt-stal-perfekt-for-gronsaker-kott-tillbehor,,,,,,review-948bdd73-5175-4215-92b7-2cf8dd9d8286
Las verduras quedaron perfectas,Buen tamaño para dos a cuatro personas y fácil de manejar. Justo lo que necesitábamos.,5,2026-02-21 23:00:00 UTC,wizard,ok,Roberto D.,odhneraxel@gmail.com,15290956054852,roterande-grillkorg-i-rostfritt-stal-perfekt-for-gronsaker-kott-tillbehor,,,,,,review-22237405-d961-4b19-beb4-b9d3850b2305
Ideal para trozos pequeños,Un accesorio sencillo que de verdad hace una gran diferencia. Recomendado.,5,2025-05-13 22:00:00 UTC,wizard,ok,Miguel F.,odhneraxel@gmail.com,15290956054852,roterande-grillkorg-i-rostfritt-stal-perfekt-for-gronsaker-kott-tillbehor,,,,,,review-8a403754-a298-4b1e-aeed-e3a836d76055
Sorprendentemente práctica,Fácil de llenar y fácil de voltear mientras se asa la comida. Justo lo que necesitábamos.,5,2026-03-30 22:00:00 UTC,wizard,ok,Camila T.,odhneraxel@gmail.com,15290956054852,roterande-grillkorg-i-rostfritt-stal-perfekt-for-gronsaker-kott-tillbehor,,,,,,review-89977302-0d6e-4a38-86a5-f7aaff4b49b7
Queda muy bien en el asador,Ya no ando persiguiendo trocitos de verdura por la parrilla. Buena compra.,4,2025-10-04 22:00:00 UTC,wizard,ok,Óscar M.,odhneraxel@gmail.com,15290956054852,roterande-grillkorg-i-rostfritt-stal-perfekt-for-gronsaker-kott-tillbehor,,,,,,review-82771ed5-c00c-4bc9-9486-00fd1b1e44e6
Hace el asado más fácil,Funcionó muy bien en nuestro asador y fue fácil de limpiar después. Justo lo que necesitábamos.,5,2026-01-21 23:00:00 UTC,wizard,ok,Roberto S.,odhneraxel@gmail.com,15290956054852,roterande-grillkorg-i-rostfritt-stal-perfekt-for-gronsaker-kott-tillbehor,,,,,,review-843a26d8-ce43-4513-a1dd-b7a443553dc8
Nueva favorita,Diseño práctico y la comida se queda en su lugar. Sencilla y práctica.,5,2026-01-28 23:00:00 UTC,wizard,ok,Helena A.,odhneraxel@gmail.com,15290956054852,roterande-grillkorg-i-rostfritt-stal-perfekt-for-gronsaker-kott-tillbehor,,,,,,review-681bf854-6da8-4c8a-a09c-c61cbf99cb27
Fácil de llenar,"Va muy bien para calabacitas, champiñones, morrón y trozos de papa.",5,2025-06-10 22:00:00 UTC,wizard,ok,Mariana J.,odhneraxel@gmail.com,15290956054852,roterande-grillkorg-i-rostfritt-stal-perfekt-for-gronsaker-kott-tillbehor,,,,,,review-5c4393f3-29d2-4627-9a39-8a99b5457c64
Buen resultado cada vez,Perfecta para asar trozos pequeños sin usar papel aluminio. Recomendada.,5,2025-06-10 22:00:00 UTC,wizard,ok,Jenny E.,odhneraxel@gmail.com,15290956054852,roterande-grillkorg-i-rostfritt-stal-perfekt-for-gronsaker-kott-tillbehor,,,,,,review-50f86e35-d722-4f0d-be00-bb058d12fb30
Todo se asa parejito,Ideal para quien le gustan las verduras asadas sin complicaciones.,5,2025-09-30 22:00:00 UTC,wizard,ok,Andrés F.,odhneraxel@gmail.com,15290956054852,roterande-grillkorg-i-rostfritt-stal-perfekt-for-gronsaker-kott-tillbehor,,,,,,review-b3b867ad-ca78-4bf6-bb07-c6e8b66afbeb
Sorprendentemente práctica,Fácil de llenar y de voltear mientras se asa la comida. Justo lo que necesitábamos.,5,2025-05-21 22:00:00 UTC,wizard,ok,Emma N.,odhneraxel@gmail.com,15290956054852,roterande-grillkorg-i-rostfritt-stal-perfekt-for-gronsaker-kott-tillbehor,,,,,,review-f6bb353d-f358-437a-9b39-0c4e65f03f8c
Perfecta para las asadas del verano,Ya es un accesorio infaltable en los asados de la casa. Buena compra.,4,2026-03-25 23:00:00 UTC,wizard,ok,Linda J.,odhneraxel@gmail.com,15290956054852,roterande-grillkorg-i-rostfritt-stal-perfekt-for-gronsaker-kott-tillbehor,,,,,,review-7eeee6f8-c7d7-439c-9b23-1a13fdc7ba8d
Una nueva favorita,Diseño práctico y la comida se queda en su lugar. Sencilla y práctica.,5,2025-11-14 23:00:00 UTC,wizard,ok,Elisa R.,odhneraxel@gmail.com,15290956054852,roterande-grillkorg-i-rostfritt-stal-perfekt-for-gronsaker-kott-tillbehor,,,,,,review-fb303453-4140-4285-8a47-721a670f77a4
Fácil de llenar,"Va muy bien con calabacitas, champiñones, pimiento y trozos de papa.",5,2025-04-18 22:00:00 UTC,wizard,ok,Carina E.,odhneraxel@gmail.com,15290956054852,roterande-grillkorg-i-rostfritt-stal-perfekt-for-gronsaker-kott-tillbehor,,,,,,review-4a696bb2-8a88-4117-9e87-5dc2f23271a5
Hace el asado más fácil,Funcionó muy bien en nuestro asador y fue fácil de limpiar después. Justo lo que necesitábamos.,5,2025-05-20 22:00:00 UTC,wizard,ok,Mauricio M.,odhneraxel@gmail.com,15290956054852,roterande-grillkorg-i-rostfritt-stal-perfekt-for-gronsaker-kott-tillbehor,,,,,,review-89c53555-8020-4be8-a9a0-23600ea208ad
Queda muy bien en el asador,Ya no ando persiguiendo trocitos de verdura por la parrilla. Buena compra.,4,2026-03-03 23:00:00 UTC,wizard,ok,Patricio H.,odhneraxel@gmail.com,15290956054852,roterande-grillkorg-i-rostfritt-stal-perfekt-for-gronsaker-kott-tillbehor,,,,,,review-7c8524b3-d718-4136-bab6-62c217a22937
Buen resultado cada vez,Perfecta cuando quieres asar trozos pequeños sin usar papel aluminio. Recomendada.,5,2025-08-22 22:00:00 UTC,wizard,ok,Sofía A.,odhneraxel@gmail.com,15290956054852,roterande-grillkorg-i-rostfritt-stal-perfekt-for-gronsaker-kott-tillbehor,,,,,,review-e50523fc-f346-4028-9358-c92ab3b28bd1
Práctica y sencilla,"Fácil de abrir, llenar y poner directo en el asador. Sencilla y práctica.",5,2025-05-23 22:00:00 UTC,wizard,ok,Enrique P.,odhneraxel@gmail.com,15290956054852,roterande-grillkorg-i-rostfritt-stal-perfekt-for-gronsaker-kott-tillbehor,,,,,,review-d22d9983-c450-4c85-beec-a34da8e7b9ac
Muy satisfecho,"La he usado con verduras y con pollo, con buenos resultados.",5,2025-12-11 23:00:00 UTC,wizard,ok,Nicolás D.,odhneraxel@gmail.com,15290956054852,roterande-grillkorg-i-rostfritt-stal-perfekt-for-gronsaker-kott-tillbehor,,,,,,review-8a6312cd-1103-4564-be68-40df1f8d0d5b
Solución inteligente,Solución muy práctica cuando asas varias guarniciones al mismo tiempo. Justo lo que necesitábamos.,5,2026-03-02 23:00:00 UTC,wizard,ok,Camila L.,odhneraxel@gmail.com,15290956054852,roterande-grillkorg-i-rostfritt-stal-perfekt-for-gronsaker-kott-tillbehor,,,,,,review-e3b238f1-f3b4-4f91-805c-eb0cd126955d
Funciona como debe,Muy satisfecho con lo parejo que se asó todo. Recomendado.,5,2025-09-09 22:00:00 UTC,wizard,ok,Miguel V.,odhneraxel@gmail.com,15290956054852,roterande-grillkorg-i-rostfritt-stal-perfekt-for-gronsaker-kott-tillbehor,,,,,,review-e24ab1c8-80e1-4764-a8cd-b1271572183a
Buena calidad,Se siente firme y hace más fácil tener la comida bajo control. Buena compra.,4,2025-04-16 22:00:00 UTC,wizard,ok,Josefina G.,odhneraxel@gmail.com,15290956054852,roterande-grillkorg-i-rostfritt-stal-perfekt-for-gronsaker-kott-tillbehor,,,,,,review-9f6b904e-dd8b-47d1-a6ae-1716b64033a4
Las verduras quedaron perfectas,Buen tamaño para dos a cuatro personas y fácil de manejar. Justo lo que necesitábamos.,5,2025-05-06 22:00:00 UTC,wizard,ok,Roberto K.,odhneraxel@gmail.com,15290956054852,roterande-grillkorg-i-rostfritt-stal-perfekt-for-gronsaker-kott-tillbehor,,,,,,review-dda984c0-8e37-4c7b-937f-09a34ad5d664
Fácil de usar,El resultado quedó mejor que con una charola normal para asar. Recomendada.,5,2026-04-24 22:00:00 UTC,wizard,ok,Jenny T.,odhneraxel@gmail.com,15290956054852,roterande-grillkorg-i-rostfritt-stal-perfekt-for-gronsaker-kott-tillbehor,,,,,,review-d7ccfbc7-8ec9-4a2d-8d77-ec90a3f4474a
Muy práctica en el asador,Las verduras se asaron parejo y nada se cayó entre la parrilla.,5,2025-06-04 22:00:00 UTC,wizard,ok,Melina C.,odhneraxel@gmail.com,15290956054852,roterande-grillkorg-i-rostfritt-stal-perfekt-for-gronsaker-kott-tillbehor,,,,,,review-1a80979e-db78-438b-a1e1-83a4f2f4d3d6
Ya no se me cae la comida,La comida se coció parejo y la canasta fue fácil de usar. Sencilla y práctica.,5,2025-06-29 22:00:00 UTC,wizard,ok,Helena N.,odhneraxel@gmail.com,15290956054852,roterande-grillkorg-i-rostfritt-stal-perfekt-for-gronsaker-kott-tillbehor,,,,,,review-93235001-147f-444e-b0aa-180a673d0b89
Buen accesorio para el asador,"Muy práctica para pimiento, cebolla y trozos pequeños de carne. Buena compra.",4,2025-04-27 22:00:00 UTC,wizard,ok,Óscar F.,odhneraxel@gmail.com,15290956054852,roterande-grillkorg-i-rostfritt-stal-perfekt-for-gronsaker-kott-tillbehor,,,,,,review-68b6d41b-28e3-49ab-b7e6-3a301329c44f
Todo se asa parejito,Ideal para quien le gustan las verduras asadas sin complicaciones.,5,2025-11-08 23:00:00 UTC,wizard,ok,Tobías B.,odhneraxel@gmail.com,15290956054852,roterande-grillkorg-i-rostfritt-stal-perfekt-for-gronsaker-kott-tillbehor,,,,,,review-a60a4416-72fa-427f-9d73-76e2baf1eaa7
Canasta bien firme,La canasta gira bien y la comida queda doradita por todos lados. Sencilla y práctica.,5,2025-05-08 22:00:00 UTC,wizard,ok,Alejandro M.,odhneraxel@gmail.com,15290956054852,roterande-grillkorg-i-rostfritt-stal-perfekt-for-gronsaker-kott-tillbehor,,,,,,review-2ca5d940-d339-42a6-b860-df18d0e7c155
Buena para trozos pequeños,Un accesorio sencillo que de verdad hace una gran diferencia. Recomendado.,5,2025-11-15 23:00:00 UTC,wizard,ok,Martín S.,odhneraxel@gmail.com,15290956054852,roterande-grillkorg-i-rostfritt-stal-perfekt-for-gronsaker-kott-tillbehor,,,,,,review-62ce86cf-01d5-43db-9d9d-6dd886a8748a
Perfecta para las carnes asadas,Se ha vuelto un accesorio obligado en las asadas de la casa. Buena compra.,4,2026-03-13 23:00:00 UTC,wizard,ok,Frida E.,odhneraxel@gmail.com,15290956054852,roterande-grillkorg-i-rostfritt-stal-perfekt-for-gronsaker-kott-tillbehor,,,,,,review-53f1afe6-fa89-42a9-be1d-d5517869d6c0
Sorprendentemente práctica,Fácil de llenar y de voltear mientras se asa la comida. Justo lo que necesitábamos.,5,2026-02-14 23:00:00 UTC,wizard,ok,Carolina J.,odhneraxel@gmail.com,15290956054852,roterande-grillkorg-i-rostfritt-stal-perfekt-for-gronsaker-kott-tillbehor,,,,,,review-d185fd7f-18dc-4c2f-b805-8aec0a069b0b
Fácil de llenar,"Va muy bien para calabacitas, champiñones, morrón y trozos de papa.",5,2025-04-06 22:00:00 UTC,wizard,ok,Ana A.,odhneraxel@gmail.com,15290956054852,roterande-grillkorg-i-rostfritt-stal-perfekt-for-gronsaker-kott-tillbehor,,,,,,review-45a1b139-b33b-470e-830c-90f133ffb3f0
Buen resultado cada vez,Perfecta para asar trozos pequeños sin usar papel aluminio. Recomendada.,5,2025-05-07 22:00:00 UTC,wizard,ok,Sara R.,odhneraxel@gmail.com,15290956054852,roterande-grillkorg-i-rostfritt-stal-perfekt-for-gronsaker-kott-tillbehor,,,,,,review-23a275a0-8e5e-4273-bfa3-daa9eb513772
Una nueva favorita,Diseño práctico y la comida se queda en su lugar. Sencilla y fácil de usar.,5,2025-06-19 22:00:00 UTC,wizard,ok,María L.,odhneraxel@gmail.com,15290956054852,roterande-grillkorg-i-rostfritt-stal-perfekt-for-gronsaker-kott-tillbehor,,,,,,review-def61cc5-f1db-4880-bd62-4e00438b26df
Queda muy bien en el asador,Ya no ando persiguiendo trocitos de verdura por la parrilla. Buena compra.,4,2026-02-25 23:00:00 UTC,wizard,ok,Juan D.,odhneraxel@gmail.com,15290956054852,roterande-grillkorg-i-rostfritt-stal-perfekt-for-gronsaker-kott-tillbehor,,,,,,review-d643e07c-d5ce-4d56-8baf-892e8fb94b82
Hace el asado más fácil,Funcionó muy bien en nuestro asador y fue fácil de limpiar después. Justo lo que necesitábamos.,5,2026-02-12 23:00:00 UTC,wizard,ok,Erick H.,odhneraxel@gmail.com,15290956054852,roterande-grillkorg-i-rostfritt-stal-perfekt-for-gronsaker-kott-tillbehor,,,,,,review-a76c276a-091f-4a44-9a0d-61a78e6ad527
Solución inteligente,Una solución muy práctica cuando asas varias guarniciones al mismo tiempo. Justo lo que necesitábamos.,5,2025-09-16 22:00:00 UTC,wizard,ok,Emma G.,odhneraxel@gmail.com,15290956054852,roterande-grillkorg-i-rostfritt-stal-perfekt-for-gronsaker-kott-tillbehor,,,,,,review-4ab054bf-30c1-40be-be68-f30fc1de24d9
Buena calidad,Se siente firme y ayuda a tener la comida en orden. Buena compra.,4,2025-12-16 23:00:00 UTC,wizard,ok,Linda C.,odhneraxel@gmail.com,15290956054852,roterande-grillkorg-i-rostfritt-stal-perfekt-for-gronsaker-kott-tillbehor,,,,,,review-532dad3f-0cc9-4f42-9fdf-1c219eb3603d
Muy satisfecho,La he usado tanto para verduras como para pollo con buen resultado.,5,2025-09-14 22:00:00 UTC,wizard,ok,Andrés V.,odhneraxel@gmail.com,15290956054852,roterande-grillkorg-i-rostfritt-stal-perfekt-for-gronsaker-kott-tillbehor,,,,,,review-2a74820c-f702-4cb1-86a5-b9f35113e1f1
Funciona como debe,Muy satisfecho con lo parejo que se asó todo. Recomendado.,5,2025-04-24 22:00:00 UTC,wizard,ok,Federico P.,odhneraxel@gmail.com,15290956054852,roterande-grillkorg-i-rostfritt-stal-perfekt-for-gronsaker-kott-tillbehor,,,,,,review-2d7b2917-d1e7-46ad-aa5a-b626bb732cb3
Práctica y sencilla,"Fácil de abrir, llenar y poner directo en el asador. Sencilla y práctica.",5,2025-08-08 22:00:00 UTC,wizard,ok,Daniel K.,odhneraxel@gmail.com,15290956054852,roterande-grillkorg-i-rostfritt-stal-perfekt-for-gronsaker-kott-tillbehor,,,,,,review-0faf6732-5ae7-4f19-9687-1d4bb32a0fda
Fácil de usar,El resultado quedó mejor que con una charola normal para asar. Recomendado.,5,2025-11-28 23:00:00 UTC,wizard,ok,Sofía N.,odhneraxel@gmail.com,15290956054852,roterande-grillkorg-i-rostfritt-stal-perfekt-for-gronsaker-kott-tillbehor,,,,,,review-5ad7aff6-c227-463f-a454-57cbebbfe74d
Muy práctica en el asador,Las verduras se asaron parejo y nada se cayó entre la parrilla.,5,2025-05-13 22:00:00 UTC,wizard,ok,Carina T.,odhneraxel@gmail.com,15290956054852,roterande-grillkorg-i-rostfritt-stal-perfekt-for-gronsaker-kott-tillbehor,,,,,,review-d81ff34c-e749-4e59-8433-a62f1cf0b40d
Ya no se me cae la comida,La comida se coció parejo y la canasta fue fácil de usar. Sencilla y práctica.,5,2025-12-08 23:00:00 UTC,wizard,ok,Elena J.,odhneraxel@gmail.com,15290956054852,roterande-grillkorg-i-rostfritt-stal-perfekt-for-gronsaker-kott-tillbehor,,,,,,review-545f32c8-6cd6-4686-88c0-054657303763
Las verduras quedaron perfectas,Buen tamaño para dos a cuatro personas y fácil de manejar. Justo lo que necesitábamos.,5,2025-10-10 22:00:00 UTC,wizard,ok,Manuel F.,odhneraxel@gmail.com,15290956054852,roterande-grillkorg-i-rostfritt-stal-perfekt-for-gronsaker-kott-tillbehor,,,,,,review-4b28f11f-3487-4c1a-b29d-1bbe0806fe4a
Buen accesorio para el asador,"Muy práctica para pimiento, cebolla y trozos pequeños de carne. Buena compra.",4,2025-12-22 23:00:00 UTC,wizard,ok,Patricio B.,odhneraxel@gmail.com,15290956054852,roterande-grillkorg-i-rostfritt-stal-perfekt-for-gronsaker-kott-tillbehor,,,,,,review-57402c9e-16ac-4077-9452-da81a0a78158
Sorprendentemente práctica,Fácil de llenar y de voltear mientras se asa la comida. Justo lo que necesitábamos.,5,2025-07-06 22:00:00 UTC,wizard,ok,Camila E.,odhneraxel@gmail.com,15290956054852,roterande-grillkorg-i-rostfritt-stal-perfekt-for-gronsaker-kott-tillbehor,,,,,,review-77f28709-9b40-47d2-9397-c8ce9ec4b549
Canasta bien firme,La canasta gira bien y la comida queda doradita por todos lados. Sencilla y práctica.,5,2026-04-22 22:00:00 UTC,wizard,ok,Enrique H.,odhneraxel@gmail.com,15290956054852,roterande-grillkorg-i-rostfritt-stal-perfekt-for-gronsaker-kott-tillbehor,,,,,,review-e9463f65-c90d-4f9f-ad73-dc1d54c5bd10
Buena para trozos pequeños,Un accesorio sencillo que de verdad hace una gran diferencia. Recomendado.,5,2026-04-05 22:00:00 UTC,wizard,ok,Mikael M.,odhneraxel@gmail.com,15290956054852,roterande-grillkorg-i-rostfritt-stal-perfekt-for-gronsaker-kott-tillbehor,,,,,,review-9ec887fc-9000-4e3c-86b2-bc7662f68b4b
Asado parejo y rico,Buena para quien le gustan las verduras asadas sin complicaciones.,5,2026-01-28 23:00:00 UTC,wizard,ok,Nicolás S.,odhneraxel@gmail.com,15290956054852,roterande-grillkorg-i-rostfritt-stal-perfekt-for-gronsaker-kott-tillbehor,,,,,,review-9de3e407-d864-464a-b9d6-8b9d0d9ac0e5
Perfecta para las asadas del verano,Ya es un accesorio infaltable en los asados de la casa. Buena compra.,4,2026-05-15 22:00:00 UTC,wizard,ok,Josefina A.,odhneraxel@gmail.com,15290956054852,roterande-grillkorg-i-rostfritt-stal-perfekt-for-gronsaker-kott-tillbehor,,,,,,review-49522875-75e9-4b5f-b1e5-db4e818c0a04
Una nueva favorita,Diseño práctico y la comida se queda en su lugar. Sencilla y práctica.,5,2026-02-06 23:00:00 UTC,wizard,ok,Elena G.,odhneraxel@gmail.com,15290956054852,roterande-grillkorg-i-rostfritt-stal-perfekt-for-gronsaker-kott-tillbehor,,,,,,review-7818d2d6-8b3c-4455-a0a1-836295d05d0a
Fácil de llenar,"Va muy bien con calabacitas, champiñones, pimiento y trozos de papa.",5,2025-08-13 22:00:00 UTC,wizard,ok,Melisa R.,odhneraxel@gmail.com,15290956054852,roterande-grillkorg-i-rostfritt-stal-perfekt-for-gronsaker-kott-tillbehor,,,,,,review-c52d2d8c-90d5-47a8-934c-8b491f1a024c
Queda muy bien en el asador,Ya no ando persiguiendo trocitos de verdura por la parrilla. Buena compra.,4,2025-04-04 22:00:00 UTC,wizard,ok,Oskar V.,odhneraxel@gmail.com,15290956054852,roterande-grillkorg-i-rostfritt-stal-perfekt-for-gronsaker-kott-tillbehor,,,,,,review-1ad5d965-7b7a-43aa-bcc5-35acfbe27195
Hace el asado más fácil,Funcionó muy bien en nuestro asador y fue fácil de limpiar después. Justo lo que necesitábamos.,5,2026-05-06 22:00:00 UTC,wizard,ok,Roberto D.,odhneraxel@gmail.com,15290956054852,roterande-grillkorg-i-rostfritt-stal-perfekt-for-gronsaker-kott-tillbehor,,,,,,review-91ed9ad8-67ac-4eaa-afe2-311c82161196
Buen resultado cada vez,Perfecta cuando quieres asar trozos pequeños sin usar papel aluminio. Recomendada.,5,2025-05-24 22:00:00 UTC,wizard,ok,Jenny L.,odhneraxel@gmail.com,15290956054852,roterande-grillkorg-i-rostfritt-stal-perfekt-for-gronsaker-kott-tillbehor,,,,,,review-f3019eba-8dcb-480f-8973-80f7c4224721
Muy contento,La he usado tanto para verduras como para pollo con buenos resultados.,5,2025-04-26 22:00:00 UTC,wizard,ok,Tobías P.,odhneraxel@gmail.com,15290956054852,roterande-grillkorg-i-rostfritt-stal-perfekt-for-gronsaker-kott-tillbehor,,,,,,review-9f4a9c98-caf2-4978-bf69-6853c1bd7fea
Solución ingeniosa,Muy práctica cuando asas varias guarniciones al mismo tiempo. Justo lo que necesitábamos.,5,2025-07-02 22:00:00 UTC,wizard,ok,Carolina C.,odhneraxel@gmail.com,15290956054852,roterande-grillkorg-i-rostfritt-stal-perfekt-for-gronsaker-kott-tillbehor,,,,,,review-724699a9-5685-487c-81e2-da303aa9ecb2
Práctica y sencilla,"Fácil de abrir, llenar y poner directo en el asador. Sencilla y práctica.",5,2026-05-23 22:00:00 UTC,wizard,ok,Alejandro F.,odhneraxel@gmail.com,15290956054852,roterande-grillkorg-i-rostfritt-stal-perfekt-for-gronsaker-kott-tillbehor,,,,,,review-a30c21c9-9756-4e4e-91cc-d60b76deb6d4
Buena calidad,Se siente estable y hace más fácil tener la comida en orden. Buena compra.,4,2025-09-02 22:00:00 UTC,wizard,ok,Frida T.,odhneraxel@gmail.com,15290956054852,roterande-grillkorg-i-rostfritt-stal-perfekt-for-gronsaker-kott-tillbehor,,,,,,review-527ce325-5014-4c0f-aae5-8190f22dd8a4
Funciona como debe,Quedé muy a gusto con lo parejo que se asó todo. Recomendada.,5,2025-09-04 22:00:00 UTC,wizard,ok,Martín K.,odhneraxel@gmail.com,15290956054852,roterande-grillkorg-i-rostfritt-stal-perfekt-for-gronsaker-kott-tillbehor,,,,,,review-e25a4c5d-818f-47cd-92e9-90d30dbffc58
Las verduras quedaron perfectas,Buen tamaño para dos a cuatro personas y fácil de manejar. Justo lo que necesitábamos.,5,2025-05-05 22:00:00 UTC,wizard,ok,Erick B.,odhneraxel@gmail.com,15290956054852,roterande-grillkorg-i-rostfritt-stal-perfekt-for-gronsaker-kott-tillbehor,,,,,,review-fa12efb5-836b-4d86-bfd8-d1ae34e6cb19
Ya no se me cae la comida,La comida se coció parejo y la canasta fue fácil de usar. Sencilla y práctica.,5,2025-06-30 22:00:00 UTC,wizard,ok,Maria E.,odhneraxel@gmail.com,15290956054852,roterande-grillkorg-i-rostfritt-stal-perfekt-for-gronsaker-kott-tillbehor,,,,,,review-ebf48dc1-5cff-415f-bb6e-0531c5851e61
Buen accesorio para el asador,"Muy práctica para pimiento, cebolla y trozos pequeños de carne. Buena compra.",4,2025-11-24 23:00:00 UTC,wizard,ok,Juan S.,odhneraxel@gmail.com,15290956054852,roterande-grillkorg-i-rostfritt-stal-perfekt-for-gronsaker-kott-tillbehor,,,,,,review-6938b1d7-a0fb-47d5-be2c-6d0235ffc294
Muy práctica en el asador,Las verduras se asaron parejo y nada se cayó entre la parrilla.,5,2026-03-16 23:00:00 UTC,wizard,ok,Ana N.,odhneraxel@gmail.com,15290956054852,roterande-grillkorg-i-rostfritt-stal-perfekt-for-gronsaker-kott-tillbehor,,,,,,review-3563d65f-afdd-470e-ad74-7d422597ee98
Fácil de usar,El resultado quedó mejor que con una charola normal de asador. Recomendada.,5,2026-04-14 22:00:00 UTC,wizard,ok,Sara J.,odhneraxel@gmail.com,15290956054852,roterande-grillkorg-i-rostfritt-stal-perfekt-for-gronsaker-kott-tillbehor,,,,,,review-09f55cdc-74a0-4012-9cc7-3fba0b6ecb04
Sorprendentemente práctica,Fácil de llenar y de voltear mientras se asa la comida. Justo lo que necesitábamos.,5,2026-04-04 22:00:00 UTC,wizard,ok,Emma A.,odhneraxel@gmail.com,15290956054852,roterande-grillkorg-i-rostfritt-stal-perfekt-for-gronsaker-kott-tillbehor,,,,,,review-646ebd44-ee83-4d10-88b7-2805d0435735
Asado parejo y bonito,Ideal para quien le gustan las verduras asadas sin complicaciones.,5,2025-04-23 22:00:00 UTC,wizard,ok,Andrés M.,odhneraxel@gmail.com,15290956054852,roterande-grillkorg-i-rostfritt-stal-perfekt-for-gronsaker-kott-tillbehor,,,,,,review-125dc0b8-0972-4643-9323-cca7fac2c011
Perfecta para las asadas del verano,Ya se volvió un accesorio infaltable en las asadas en casa. Buena compra.,4,2025-11-09 23:00:00 UTC,wizard,ok,Linda R.,odhneraxel@gmail.com,15290956054852,roterande-grillkorg-i-rostfritt-stal-perfekt-for-gronsaker-kott-tillbehor,,,,,,review-1a1a1988-63d2-4cd3-803c-fcad016a5eba
Buena para trozos pequeños,Un accesorio sencillo que de verdad hace gran diferencia. Recomendado.,5,2025-12-24 23:00:00 UTC,wizard,ok,Federico H.,odhneraxel@gmail.com,15290956054852,roterande-grillkorg-i-rostfritt-stal-perfekt-for-gronsaker-kott-tillbehor,,,,,,review-9089072e-ff44-438a-a559-8f4ecf28dd24
Canasta firme y estable,La canasta gira bien y la comida queda doradita por todos lados. Fácil y práctica.,5,2025-05-30 22:00:00 UTC,wizard,ok,Daniel D.,odhneraxel@gmail.com,15290956054852,roterande-grillkorg-i-rostfritt-stal-perfekt-for-gronsaker-kott-tillbehor,,,,,,review-37ade8bc-7186-4aa8-ac3d-18da7d49c66d
Funciona como debe,Muy satisfecho con lo parejo que se asó todo. Recomendado.,5,2025-04-18 22:00:00 UTC,wizard,ok,Federico H.,odhneraxel@gmail.com,15290956054852,roterande-grillkorg-i-rostfritt-stal-perfekt-for-gronsaker-kott-tillbehor,,,,,,review-57e33d5e-8aa9-4306-b558-47c0e9a9f1a8
Solución ingeniosa,Muy práctica cuando asas varias guarniciones al mismo tiempo. Justo lo que necesitábamos.,5,2025-05-12 22:00:00 UTC,wizard,ok,Emma A.,odhneraxel@gmail.com,15290956054852,roterande-grillkorg-i-rostfritt-stal-perfekt-for-gronsaker-kott-tillbehor,,,,,,review-1522f6d6-09cf-4ebb-8823-431bd921d6b1
Práctica y sencilla,"Fácil de abrir, llenar y poner directo en el asador. Sencilla y práctica.",5,2026-02-18 23:00:00 UTC,wizard,ok,Daniel D.,odhneraxel@gmail.com,15290956054852,roterande-grillkorg-i-rostfritt-stal-perfekt-for-gronsaker-kott-tillbehor,,,,,,review-a6a93e2a-5581-437a-9129-0914c6b0311a
Buena calidad,Se siente estable y hace más fácil tener la comida en orden. Buena compra.,4,2025-12-11 23:00:00 UTC,wizard,ok,Linda R.,odhneraxel@gmail.com,15290956054852,roterande-grillkorg-i-rostfritt-stal-perfekt-for-gronsaker-kott-tillbehor,,,,,,review-03ecf900-6bf4-4670-ac77-79a998b1e831
Muy satisfecho,"La he usado tanto para verduras como para pollo, con buen resultado.",5,2025-07-07 22:00:00 UTC,wizard,ok,Andrés M.,odhneraxel@gmail.com,15290956054852,roterande-grillkorg-i-rostfritt-stal-perfekt-for-gronsaker-kott-tillbehor,,,,,,review-4f1c780c-48f4-4c0b-9647-cf26244be59f
Fácil de usar,El resultado quedó mejor que con una charola normal para asar. Recomendado.,5,2025-10-16 22:00:00 UTC,wizard,ok,Sofía G.,odhneraxel@gmail.com,15290956054852,roterande-grillkorg-i-rostfritt-stal-perfekt-for-gronsaker-kott-tillbehor,,,,,,review-055d609c-8150-4a98-b045-c55ce04e29b4
Ya no se me cae la comida,La comida se coció parejo y la canasta fue fácil de usar. Sencilla y práctica.,5,2025-07-06 22:00:00 UTC,wizard,ok,Elena C.,odhneraxel@gmail.com,15290956054852,roterande-grillkorg-i-rostfritt-stal-perfekt-for-gronsaker-kott-tillbehor,,,,,,review-5aa776d5-8d4a-4fc0-9fb1-b5af898394b1
Muy práctica en el asador,Las verduras se asaron parejo y nada se cayó entre la parrilla.,5,2025-09-14 22:00:00 UTC,wizard,ok,Karina L.,odhneraxel@gmail.com,15290956054852,roterande-grillkorg-i-rostfritt-stal-perfekt-for-gronsaker-kott-tillbehor,,,,,,review-03b1800e-831d-4126-93fc-774fc5bac3b3
Las verduras quedaron perfectas,Buen tamaño para dos a cuatro personas y fácil de manejar. Justo lo que necesitábamos.,5,2025-05-16 22:00:00 UTC,wizard,ok,Manuel V.,odhneraxel@gmail.com,15290956054852,roterande-grillkorg-i-rostfritt-stal-perfekt-for-gronsaker-kott-tillbehor,,,,,,review-934838a9-1c7c-4a1b-86cd-729fcef407cd
Buen accesorio para el asador,"Muy práctica para pimiento, cebolla y trozos pequeños de carne. Buena compra.",4,2025-08-14 22:00:00 UTC,wizard,ok,Patricio P.,odhneraxel@gmail.com,15290956054852,roterande-grillkorg-i-rostfritt-stal-perfekt-for-gronsaker-kott-tillbehor,,,,,,review-bc612a23-1aaf-4358-ad20-1351942f0cef
Canasta firme,La canasta gira bien y la comida queda doradita por todos lados. Sencilla y práctica.,5,2025-09-14 22:00:00 UTC,wizard,ok,Enrique B.,odhneraxel@gmail.com,15290956054852,roterande-grillkorg-i-rostfritt-stal-perfekt-for-gronsaker-kott-tillbehor,,,,,,review-ba975c8a-dfc1-4630-925f-a637a06f88f3
Sorprendentemente práctica,Fácil de llenar y fácil de voltear mientras se asa la comida. Justo lo que necesitábamos.,5,2026-01-08 23:00:00 UTC,wizard,ok,Camila T.,odhneraxel@gmail.com,15290956054852,roterande-grillkorg-i-rostfritt-stal-perfekt-for-gronsaker-kott-tillbehor,,,,,,review-0cdfd6a9-78e5-4f71-8032-4efb7790aa6c
Buena para trozos pequeños,Un accesorio sencillo que de verdad hace una gran diferencia. Recomendado.,5,2025-07-05 22:00:00 UTC,wizard,ok,Miguel F.,odhneraxel@gmail.com,15290956054852,roterande-grillkorg-i-rostfritt-stal-perfekt-for-gronsaker-kott-tillbehor,,,,,,review-977f1264-ca11-452f-8e46-3b34883e59ac
Perfecta para las carnes asadas,Se ha vuelto un accesorio obligado en las asadas de la casa. Buena compra.,4,2025-04-26 22:00:00 UTC,wizard,ok,Josefina N.,odhneraxel@gmail.com,15290956054852,roterande-grillkorg-i-rostfritt-stal-perfekt-for-gronsaker-kott-tillbehor,,,,,,review-ae583ef9-4778-473b-b6ae-fdd06a6d0750
Asado parejo y rico,Ideal para quien le gustan las verduras asadas sin complicaciones.,5,2025-07-16 22:00:00 UTC,wizard,ok,Nicolás K.,odhneraxel@gmail.com,15290956054852,roterande-grillkorg-i-rostfritt-stal-perfekt-for-gronsaker-kott-tillbehor,,,,,,review-79385503-7356-49c0-9d8a-ef6f99468a9c
Queda muy bien en el asador,Ya no ando persiguiendo trocitos de verdura por la parrilla. Buena compra.,4,2025-06-25 22:00:00 UTC,wizard,ok,Óscar M.,odhneraxel@gmail.com,15290956054852,roterande-grillkorg-i-rostfritt-stal-perfekt-for-gronsaker-kott-tillbehor,,,,,,review-6b5d90b5-7533-47b8-9f5d-bcf0b7d01f28
Hace el asado más fácil,Funcionó muy bien en nuestro asador y fue fácil de limpiar después. Justo lo que necesitábamos.,5,2025-05-16 22:00:00 UTC,wizard,ok,Roberto S.,odhneraxel@gmail.com,15290956054852,roterande-grillkorg-i-rostfritt-stal-perfekt-for-gronsaker-kott-tillbehor,,,,,,review-d5f92c44-8f8f-45f8-936e-486283627133
Buen resultado cada vez,Perfecta cuando quieres asar trozos pequeños sin usar papel aluminio. Recomendada.,5,2025-06-03 22:00:00 UTC,wizard,ok,Jenny E.,odhneraxel@gmail.com,15290956054852,roterande-grillkorg-i-rostfritt-stal-perfekt-for-gronsaker-kott-tillbehor,,,,,,review-de107d80-ba02-4ea4-8f8a-b85e4f113109
Una nueva favorita,Diseño práctico y la comida se queda en su lugar. Sencilla y práctica.,5,2025-12-20 23:00:00 UTC,wizard,ok,Helena A.,odhneraxel@gmail.com,15290956054852,roterande-grillkorg-i-rostfritt-stal-perfekt-for-gronsaker-kott-tillbehor,,,,,,review-d644133f-8922-43c4-8c6f-09194ed2aa3b
Fácil de llenar,"Va muy bien para calabacita, champiñones, pimiento y trozos de papa.",5,2026-04-30 22:00:00 UTC,wizard,ok,Marina J.,odhneraxel@gmail.com,15290956054852,roterande-grillkorg-i-rostfritt-stal-perfekt-for-gronsaker-kott-tillbehor,,,,,,review-4ea67caa-8463-4416-b4d7-4212e7457137
Solución inteligente,Una solución muy práctica cuando asas varias guarniciones al mismo tiempo. Justo lo que necesitábamos.,5,2026-02-02 23:00:00 UTC,wizard,ok,Carolina R.,odhneraxel@gmail.com,15290956054852,roterande-grillkorg-i-rostfritt-stal-perfekt-for-gronsaker-kott-tillbehor,,,,,,review-8a7e4857-0ad9-4ba5-8315-2fff75c6b73e
Práctica y sencilla,"Fácil de abrir, llenar y poner directo en el asador. Sencilla y práctica.",5,2025-12-06 23:00:00 UTC,wizard,ok,Alejandro V.,odhneraxel@gmail.com,15290956054852,roterande-grillkorg-i-rostfritt-stal-perfekt-for-gronsaker-kott-tillbehor,,,,,,review-1dd44a6f-737f-404e-86cf-e9dd1fd909e2
Funciona como debe,Muy satisfecho con lo parejo que se asó todo. Recomendada.,5,2026-03-26 23:00:00 UTC,wizard,ok,Martín D.,odhneraxel@gmail.com,15290956054852,roterande-grillkorg-i-rostfritt-stal-perfekt-for-gronsaker-kott-tillbehor,,,,,,review-0cd31c2a-8714-438f-87a3-da5d8a375d55
Muy satisfecho,La he usado tanto para verduras como para pollo con buenos resultados.,5,2025-04-01 22:00:00 UTC,wizard,ok,Tobías H.,odhneraxel@gmail.com,15290956054852,roterande-grillkorg-i-rostfritt-stal-perfekt-for-gronsaker-kott-tillbehor,,,,,,review-461dc3fb-9fdf-46a7-ae3a-163b66056d8d
Buena calidad,Se siente firme y hace más fácil tener la comida bajo control. Buena compra.,4,2026-02-14 23:00:00 UTC,wizard,ok,Frida L.,odhneraxel@gmail.com,15290956054852,roterande-grillkorg-i-rostfritt-stal-perfekt-for-gronsaker-kott-tillbehor,,,,,,review-1572f032-14b2-441e-bff7-97eb542e3e26
Ya no se me cae la comida,La comida se coció parejo y la canasta fue fácil de usar. Sencilla y práctica.,5,2025-11-07 23:00:00 UTC,wizard,ok,María T.,odhneraxel@gmail.com,15290956054852,roterande-grillkorg-i-rostfritt-stal-perfekt-for-gronsaker-kott-tillbehor,,,,,,review-8a3ae2c6-e561-4229-afde-0d2af3c097dd
Las verduras quedaron perfectas,Buen tamaño para dos a cuatro personas y fácil de manejar. Justo lo que necesitábamos.,5,2025-09-03 22:00:00 UTC,wizard,ok,Erick P.,odhneraxel@gmail.com,15290956054852,roterande-grillkorg-i-rostfritt-stal-perfekt-for-gronsaker-kott-tillbehor,,,,,,review-5e9fc8c6-0059-47ff-8bf2-b5207b11e84f
Fácil de usar,El resultado quedó mejor que con una charola normal de asar. Recomendada.,5,2025-05-05 22:00:00 UTC,wizard,ok,Sara C.,odhneraxel@gmail.com,15290956054852,roterande-grillkorg-i-rostfritt-stal-perfekt-for-gronsaker-kott-tillbehor,,,,,,review-7b43ed1b-3cf1-4a6a-9576-63acc5f41cf0
Muy práctica en el asador,Las verduras se asaron parejo y nada se cayó entre la parrilla.,5,2026-03-25 23:00:00 UTC,wizard,ok,Ana G.,odhneraxel@gmail.com,15290956054852,roterande-grillkorg-i-rostfritt-stal-perfekt-for-gronsaker-kott-tillbehor,,,,,,review-816cfbca-1a56-4e06-9ab8-5dc5b79f2c52
Buen accesorio para el asador,"Muy práctica para pimiento, cebolla y trozos pequeños de carne. Buena compra.",4,2025-12-27 23:00:00 UTC,wizard,ok,Juan K.,odhneraxel@gmail.com,15290956054852,roterande-grillkorg-i-rostfritt-stal-perfekt-for-gronsaker-kott-tillbehor,,,,,,review-dc147c7c-4815-40c3-864e-6939240d5623
Sorprendentemente práctica,Fácil de llenar y de voltear mientras se asa la comida. Justo lo que necesitábamos.,5,2026-03-02 23:00:00 UTC,wizard,ok,Emma N.,odhneraxel@gmail.com,15290956054852,roterande-grillkorg-i-rostfritt-stal-perfekt-for-gronsaker-kott-tillbehor,,,,,,review-2a415250-93b8-4161-a90c-885fac82f7b2
Asado parejo y bonito,Ideal para quien le gustan las verduras asadas sin complicaciones.,5,2025-10-19 22:00:00 UTC,wizard,ok,Andrés F.,odhneraxel@gmail.com,15290956054852,roterande-grillkorg-i-rostfritt-stal-perfekt-for-gronsaker-kott-tillbehor,,,,,,review-9ae7d82b-2062-47ee-aaf8-f5e858491e7b
,Funcionó más o menos bien,4,2026-06-21 11:06:10 UTC,new-rre-flow,ok,Cristóbal Araujo,krister.arvidsson@yahoo.se,15536325427524,elektrisk-grillborste,,,,2a09:bac2:534e:2878::408:4,,review-e796c72e-7c3c-4a51-9c04-341c23d5eee0
,A mí me parece súper efectivo.,5,2026-06-22 05:51:28 UTC,new-rre-flow,ok,Juan Esquivel,jonesk@me.com,15536325427524,elektrisk-grillborste,,,,,,review-fee5f164-8fc6-4dc5-b8d5-bd7f354cb4e4
,"Bastante buen cepillo, ya no hay que tallar a mano.",4,2026-06-22 06:24:46 UTC,new-rre-flow,ok,Hugo,hansrafh@nordiskemedier.se,15537600299332,polerhuvud,,,,,,review-64873184-f9f4-4ce4-83ce-1e1244dc30c3
,Tardó bastante en llegar el pedido,3,2026-06-23 09:35:01 UTC,new-rre-flow,ok,TBS,therese.ardx@gmail.com,15537600299332,polerhuvud,,,,188.149.153.198,,review-ebd82f04-0e0c-44a1-bed5-d797fbfe30f5
,¡Limpio sin esfuerzo!,5,2026-06-25 05:47:53 UTC,new-rre-flow,ok,Leonardo Olvera,lenols@telia.com,15536325427524,elektrisk-grillborste,,,,,,review-c870a1f0-c029-4f45-917e-e9f92e7cf83d
,.,5,2026-06-26 16:31:06 UTC,web,ok,Juan,johan@limelight.se,,,,,,193.203.12.147,,review-58e59bea-4b5a-43dc-86f6-3acc86f478c7
,"El cepillo funciona de maravilla, sin mayor esfuerzo de mi parte.",5,2026-06-27 20:09:22 UTC,new-rre-flow,ok,Leonardo Olvera,lenols@telia.com,15537598988612,borst-huvud,,,,,,review-087b3091-310a-404b-82ad-9b07774aa6a8
,¡Superó por mucho lo que esperaba!,5,2026-06-28 07:35:56 UTC,new-rre-flow,ok,Nicolás,nils@bengtsberg.eu,15536325427524,elektrisk-grillborste,,,,,,review-88aba200-150f-4227-816b-76bcbbae65f3
,Fue un regalo para un amigo así que espero que le haya gustado,4,2026-06-28 13:38:26 UTC,new-rre-flow,ok,Cristina Gilbert,gilbert.kristina@gmail.com,15537598988612,borst-huvud,,,,98.98.190.54,,review-dfdb87bc-416d-4991-b474-1f4c79b1aa0b
,Un limpiador de parrilla práctico y bueno. .,5,2026-06-29 19:13:33 UTC,new-rre-flow,ok,Juan Pablo Jiménez,per-olofjacobsson@hotmail.com,15536325427524,elektrisk-grillborste,,,,,,review-c520adcf-d3a6-492f-83ce-021105187033
,Asado de lujo para un golfista.,5,2026-06-30 18:47:45 UTC,new-rre-flow,ok,Lorenzo Jiménez,lars196105@gmail.com,15513203048772,golf-grill-kit,,,,,,review-d9d9c601-5cdc-4169-a17a-2d005088b023
,Fácil de usar,4,2026-07-01 08:19:39 UTC,new-rre-flow,ok,Jimmy K.,jimmyk@di-mas.se,15537598988612,borst-huvud,,,,217.69.145.144,,review-9facd23a-7f0e-4f4d-9aae-9090da5c2c01
,Oki en parrilla normal,4,2026-07-02 08:27:53 UTC,new-rre-flow,ok,Lorenzo Hernández,la087659569@gmail.com,15537598988612,borst-huvud,,,,,,review-ec42b306-083a-443c-a330-2fb3d3bfd51a
,Buenos guantes.,5,2026-07-02 09:06:28 UTC,new-rre-flow,ok,Luis Salgado,lars.sjoblom@extricoekonomi.se,15537600528708,skyddshandskar,,,,80.217.145.29,,review-13a16a1e-cb55-48b9-a5c3-1fc278e30047
,Estoy satisfecha,5,2026-07-02 16:05:57 UTC,new-rre-flow,ok,Torres Sánchez Juana,thordardottir@telia.com,15536325427524,elektrisk-grillborste,,,,,,review-670f1556-753c-40fa-bdd9-07b59b069a00
,Apenas lo he usado una vez pero funciona muy bien.,5,2026-07-02 17:20:37 UTC,new-rre-flow,ok,Luis Gerardo Juárez,lgjo1956@gmail.com,15537598988612,borst-huvud,,,,94.255.248.254,,review-f201a2a4-a7f1-40b5-a6eb-5efb4ff9fd30
,Buenísimo,5,2026-07-02 19:08:49 UTC,new-rre-flow,ok,Hugo Carrillo,hugokjellgren081@gmail.com,15537598988612,borst-huvud,,,,2a00:801:72f:ed7a:fcc2:ad6e:7714:9584,,review-6624e859-4adc-46d2-8d9c-97e463d7234c
,Funciona exelente.,5,2026-07-03 05:26:56 UTC,new-rre-flow,ok,Leonardo Ochoa,lenols@telia.com,15537600299332,polerhuvud,,,,,,review-1827a4f3-5ac5-445f-b1bc-3b4e09d822f9
,"Funciona ok,pero no gira tan rápido como lo presumen en la publicidad. Aun así estoy bastante contento con el producto.",3,2026-07-04 07:43:09 UTC,new-rre-flow,ok,Jorge Ríos,hmrindustri@gmail.com,15537600299332,polerhuvud,,,,80.86.67.241,,review-fdc90ba0-a31e-47de-8fd3-96893219a051
,los guantes ok!,4,2026-07-04 11:29:06 UTC,new-rre-flow,ok,Galván Benito,bengrahnen@outlook.com,15537600528708,skyddshandskar,,,,,,review-d9fa885a-5c8e-4107-9a99-192e05bcf854
,Contento. Sencillo y funciona bien!,5,2026-07-06 06:13:06 UTC,new-rre-flow,ok,Enrique Juárez,hejo2944@gmail.com,15537598988612,borst-huvud,,,,85.30.169.79,,review-dcf62bbc-98d5-45c6-b2b3-9af607163fd8
,Mi esposo está muy contento con el resultado. Él es el maestro asador de esta casa. 😄,5,2026-07-06 09:39:44 UTC,new-rre-flow,ok,ingrid jiménez,lamataingrid@gmail.com,15537598988612,borst-huvud,,,,212.121.235.55,"Callosa de Segura, Valencia, Spain",review-c753631f-4c80-48d3-b2b6-ce381aad59f7
,"Sí funciona perfecto,la parrilla quedó bien limpia",5,2026-07-14 16:48:58 UTC,new-rre-flow,ok,Miguel Benítez,b.michaelandre@gmail.com,15536325427524,elektrisk-grillborste,,,,95.203.19.209,,review-d30b432a-0bff-4fd5-afe4-4b90bc0e97ad
,Mi parrilla estaba demasiado sucia para que esta herramienta funcionara al cien. <<<<,3,2026-07-14 17:37:19 UTC,new-rre-flow,ok,Bruno Noriega,kuno.nothin@telia.com,15536325427524,elektrisk-grillborste,,,,212.31.164.45,,review-bcecc9a4-f474-45dc-a768-c38f3f8b9f60
,"El motor algo débil, por lo demás bien",5,2026-07-15 16:48:30 UTC,new-rre-flow,ok,Willy Alvarado,willyalfredsson7@gmail.com,15537598988612,borst-huvud,,,,,,review-9f89dd28-05e5-4c2d-889b-1caa61a9fb51
,¡Con esto la limpieza es facilísima!,5,2026-07-17 09:37:33 UTC,new-rre-flow,ok,Tania Rojas,tiina.rothare@gmail.com,15537598988612,borst-huvud,,,,,,review-9505f8e5-b200-4d04-9d14-1c1b316283d0
,Funciona muy bien estoy muy satisfecho,5,2026-07-19 08:29:43 UTC,new-rre-flow,ok,Pedro JIMÉNEZ,pkjosefsson@gmail.com,15537600299332,polerhuvud,,,,2a00:801:787:2de6::868b:f0a6,,review-a40604e0-872c-4a4c-87c6-5061abc8ba65
,Funciona súper bien la parrilla quedó de verdad limpi,5,2026-07-19 16:58:18 UTC,new-rre-flow,ok,Miguel Benítez,b.michaelandre@gmail.com,15537598988612,borst-huvud,,,,,,review-b345310f-44db-45f9-bf94-297312124c22
,"¡Más fácil que el cepillo manual, pero ni de cerca tan efectivo como muestra el video publicitario!",4,2026-07-20 10:19:39 UTC,new-rre-flow,ok,Juan Roberto Erick Lemus-Elizondo,jan.ellwoth@gmail.com,15537598988612,borst-huvud,,,,213.113.213.90,,review-4fd8cd21-5613-448c-afe9-a6a9592bbd85
,Padrísimo,5,2026-07-21 11:26:05 UTC,new-rre-flow,ok,Carina Juárez,carinajoelsson3@gmail.com,15537600299332,polerhuvud,,,,213.89.57.180,,review-562aba9c-e2b1-4a1b-8a9b-cf79d28c76aa
,Buenísimo,5,2026-07-21 11:26:33 UTC,new-rre-flow,ok,Carina Juárez,carinajoelsson3@gmail.com,15536325427524,elektrisk-grillborste,,,,213.89.57.180,,review-91b43e1d-44f6-45ca-9f7d-e2856f1f59e8
,Bien,5,2026-07-21 11:26:50 UTC,new-rre-flow,ok,Carina Juárez,carinajoelsson3@gmail.com,15537600528708,skyddshandskar,,,,213.89.57.180,,review-beba73f2-2bee-4a35-a6da-ff4906a88cd7
,De lujo,5,2026-07-21 11:27:12 UTC,new-rre-flow,ok,Karina Jiménez,carinajoelsson3@gmail.com,15537598988612,borst-huvud,,,,213.89.57.180,,review-466fe2ae-2e74-4320-9da7-e626632e79d2
,Bueno,5,2026-07-21 11:27:34 UTC,new-rre-flow,ok,Carina Juárez,carinajoelsson3@gmail.com,,,,,,213.89.57.180,,review-cf2c7478-a03c-4f12-b2c2-4201f3b21cdb
,"Funciona bien,queda limpio",4,2026-07-24 17:04:03 UTC,new-rre-flow,ok,Miguel Benítez,b.michaelandre@gmail.com,15537600299332,polerhuvud,,,,,,review-3bfd707e-b0d0-4b57-8526-98e4b1222556
,Hola y muchas gracias por mandarme uno nuevo. La verdad están muy buenos,5,2026-07-27 10:14:57 UTC,new-rre-flow,ok,Alfredo Estrada,alf.eriksson@icloud.com,15537600299332,polerhuvud,,,https://s3.amazonaws.com/me.judge.review-images/grillkliniken/1785147298__1785147294722-image__original.jpg,89.233.229.30,,review-3c13e9b7-487f-4d9c-ba41-cee34558822b
,👍,5,2026-07-27 10:15:29 UTC,new-rre-flow,ok,Alfredo Estrada,alf.eriksson@icloud.com,15536325427524,elektrisk-grillborste,,,,89.233.229.30,,review-7bd8e078-c669-48c8-afa4-0daa356be70a
,Cepillo buenísimo 5de5 👍👍👍👍👍,5,2026-07-27 10:22:56 UTC,web,ok,Alfredo Enríquez,alf.eriksson@icloud.com,15536325427524,elektrisk-grillborste,,,,89.233.229.30,,review-74b2e166-0e06-4d38-8d90-b5b935554cc5
,"Funciona bastante bien, quizá no tan fantástico como me esperaba, pero la verdad está bien.",3,2026-07-28 06:51:51 UTC,new-rre-flow,ok,Jesús Serrano,hans.sjoberg@akademiska.se,15537600299332,polerhuvud,,,,192.36.34.245,,review-b7581b26-3ef4-4621-ab1b-0d37369f3dd4
,Bien,5,2026-07-28 11:21:08 UTC,new-rre-flow,ok,Lina Gutiérrez,mammalina2@gmail.com,15537598988612,borst-huvud,,,,,,review-6f6acf22-4cac-4cbf-bbfd-33dc1d0f61ad
,Muy buen limpiador,5,2026-07-31 17:18:51 UTC,new-rre-flow,ok,Lorenzo Núñez,lasse.w.nilsson@gmail.com,15537600299332,polerhuvud,,,,155.4.132.44,,review-28bf3cc8-dfc4-4613-88c8-f8230613f1df
,Funciona de maravilla,5,2026-08-01 14:18:35 UTC,new-rre-flow,ok,Teodoro Carrasco,torvigcarlstrom@gmail.com,15537600299332,polerhuvud,,,,,,review-b6d2c052-aa8b-4e2e-ba42-abbd6283571c
,"No lo he probado, se ve bien.",3,2026-08-03 11:49:49 UTC,new-rre-flow,ok,Juan Bravo,janne@brunnfors.se,15536325427524,elektrisk-grillborste,,,,81.229.104.133,,review-f9cda0fe-bde1-4000-b2c7-9ca1b9627ccf
,"No lo he probado, se ve bien.",3,2026-08-03 11:50:02 UTC,new-rre-flow,ok,Juan Barrera,janne@brunnfors.se,15537600299332,polerhuvud,,,,81.229.104.133,,review-8adb2420-df1b-45e7-a5c8-f0821627ab9c
,"No los he probado, se ven bien.",3,2026-08-03 11:50:13 UTC,new-rre-flow,ok,Juan Bravo,janne@brunnfors.se,15537600528708,skyddshandskar,,,,81.229.104.133,,review-86737291-3b44-4c3f-b3b8-ce9263afe114
,"No lo he probado, se ve bien.",3,2026-08-03 11:50:36 UTC,new-rre-flow,ok,Javier Bravo,janne@brunnfors.se,,,,,,81.229.104.133,,review-f26dc394-331a-417d-abf5-fc209d25f99a
,"Buen producto, pero es una desventaja que se necesite tanta fuerza para cambiar el rodillo. Tengo que hacer palanca con un forMmón…",4,2026-08-05 08:58:09 UTC,new-rre-flow,ok,Juan Schmidt,johann.schmidt48@icloud.com,15536325427524,elektrisk-grillborste,,,,,,review-85d0439f-ef8a-4d41-bbfc-ee77b9ba61f9
,Tardó muchísimo en llegar el producto después de hacer el pedido.,4,2026-08-05 08:58:58 UTC,new-rre-flow,ok,Juan Schmidt,johann.schmidt48@icloud.com,,,,,,,,review-b7410511-a843-4ce3-8d96-51bb8b95d391
,Prefiero no escribir mucho. Dejo que el resultado hable por sí solo.,4,2026-08-08 07:30:27 UTC,new-rre-flow,ok,Cristian Durán,drachmann28@gmail.com,15536325427524,elektrisk-grillborste,,,,,,review-da9eef01-d744-4f3a-b6bc-3eefe49c3cf7
,¡Hace lo que promete!,5,2026-08-10 10:32:44 UTC,new-rre-flow,ok,Bernardo Soto,birger.soderstrom@kramnet.se,15536325427524,elektrisk-grillborste,,,,94.255.227.246,,review-5269605a-19b3-44ee-b27e-f982d2499391
,"¡Hola! Seguimos esperando la entrega pendiente de otras piezas que compramos. Ya probamos el limpiador de asador con el cabezal de cepillo y el cabezal de limpieza. Cumplieron con lo que esperábamos y las parrillas quedaron limpísimas, así que podemos decir que en nuestro condominio estamos muy satisfechos con el producto. // ¡Saludos! Condominio Cristal de Roca",5,2026-08-10 17:49:46 UTC,new-rre-flow,ok,Pedro Jaramillo,mr.six1313@gmail.com,15537598988612,borst-huvud,,,,78.82.42.244,,review-0c9d52ea-85e5-4b51-99fa-2897ff91a7bd
,Muy bueno.,5,2026-08-11 09:08:18 UTC,new-rre-flow,ok,Ulises Andrade,ulf.pdg@gmail.com,15537598988612,borst-huvud,,,,2001:9b1:853f:210a:38d3:5715:cb38:1045,,review-d24e3493-1ca2-4eed-acf7-2f411a4c244e
,Estamos muy contentos con el cabezal brush safe.,5,2026-08-11 17:39:09 UTC,new-rre-flow,ok,Ana Juárez,ankij@telia.com,15537600299332,polerhuvud,,,,2001:2044:16c1:4600:7d1c:8607:1c59:c71f,,review-d215bbbc-3bd5-4107-a8ee-8ac055c05b1e
